"V1";"V2";"V3";"V4";"V5";"V6"
"***";"nb classes";"3";"***";"";""
"**";"classe";"1";"**";"";""
"****";"29038";"73640";"39.43";"****";""
"5636";"24208";"23.28";"-3938.763";"ia";" 0.000000e+00"
" 529";" 6915";" 7.65";"-3227.718";"educativo";" 0.000000e+00"
"1711";" 9921";"17.25";"-2363.033";"estudiante";" 0.000000e+00"
"1236";" 8175";"15.12";"-2276.040";"educación";" 0.000000e+00"
"1517";" 8899";"17.05";"-2123.813";"aprendizaje";" 0.000000e+00"
" 551";" 5117";"10.77";"-1891.836";"docente";" 0.000000e+00"
" 144";" 2762";" 5.21";"-1406.893";"enseñanza";"6.676778e-308"
" 509";" 4208";"12.10";"-1396.426";"desarrollo";"1.256227e-305"
"1281";" 6646";"19.27";"-1242.863";"tecnología";"2.951662e-272"
" 114";" 2290";" 4.98";"-1174.752";"competencia";"1.872199e-257"
"1347";" 6736";"20.00";"-1172.613";"uso";"5.461493e-257"
" 730";" 4530";"16.11";"-1098.866";"proceso";"5.826090e-241"
" 129";" 2190";" 5.89";"-1063.259";"ético";"3.194631e-233"
"1426";" 6701";"21.28";"-1017.017";"herramienta";"3.593002e-223"
" 265";" 2567";"10.32";" -943.620";"evaluación";"3.232531e-207"
" 232";" 2422";" 9.58";" -934.535";"necesidad";"3.051296e-205"
" 327";" 2754";"11.87";" -909.792";"habilidad";"7.295707e-200"
" 253";" 2447";"10.34";" -897.014";"crítico";"4.373589e-197"
" 155";" 1984";" 7.81";" -853.551";"formación";"1.228821e-187"
" 219";" 2195";" 9.98";" -821.875";"desafío";"9.467017e-181"
" 199";" 2079";" 9.57";" -798.714";"enfoque";"1.027020e-175"
"  78";" 1506";" 5.18";" -755.274";"fomentar";"2.861220e-166"
" 717";" 3879";"18.48";" -752.354";"digital";"1.234959e-165"
"  90";" 1517";" 5.93";" -727.799";"marco";"2.696026e-160"
"  54";" 1333";" 4.05";" -711.573";"promover";"9.103503e-157"
"  37";" 1186";" 3.12";" -665.516";"pedagógico";"9.436142e-147"
"  46";" 1184";" 3.89";" -636.663";"integración";"1.777306e-140"
"  57";" 1229";" 4.64";" -633.560";"implementación";"8.405307e-140"
" 315";" 2242";"14.05";" -623.786";"académico";"1.122653e-137"
" 195";" 1724";"11.31";" -584.532";"político";"3.875763e-129"
" 128";" 1450";" 8.83";" -580.083";"ética|ético";"3.598040e-128"
" 235";" 1866";"12.59";" -577.410";"impacto";"1.372435e-127"
" 171";" 1610";"10.62";" -572.080";"oportunidad";"1.980408e-126"
" 220";" 1791";"12.28";" -566.493";"estrategia";"3.252793e-125"
" 241";" 1864";"12.93";" -562.449";"práctico";"2.465229e-124"
"  77";" 1193";" 6.45";" -552.192";"garantizar";"4.198015e-122"
" 329";" 2102";"15.65";" -512.345";"tecnológico";"1.959098e-113"
" 168";" 1494";"11.24";" -507.304";"abordar";"2.447587e-112"
" 108";" 1245";" 8.67";" -501.635";"institución";"4.189512e-111"
" 171";" 1465";"11.67";" -482.293";"fundamental";"6.774379e-107"
" 133";" 1300";"10.23";" -472.496";"innovación";"9.173148e-105"
" 490";" 2585";"18.96";" -470.341";"mejorar";"2.701043e-104"
" 416";" 2331";"17.85";" -469.635";"recurso";"3.846927e-104"
"  60";"  992";" 6.05";" -469.229";"educador";"4.716025e-104"
" 747";" 3418";"21.85";" -463.695";"investigación";"7.546005e-103"
"  85";" 1071";" 7.94";" -451.404";"responsable";"3.568546e-100"
" 173";" 1419";"12.19";" -449.547";"efectivo";"9.049737e-100"
" 230";" 1621";"14.19";" -442.241";"superior";" 3.521705e-98"
" 195";" 1480";"13.18";" -435.979";"potencial";" 8.119855e-97"
" 221";" 1570";"14.08";" -431.842";"profesional";" 6.456202e-96"
"  47";"  862";" 5.45";" -421.670";"colaboración";" 1.056753e-93"
" 530";" 2621";"20.22";" -419.968";"experiencia";" 2.479385e-93"
" 810";" 3523";"22.99";" -418.741";"conocimiento";" 4.587089e-93"
" 251";" 1644";"15.27";" -411.129";"entorno";" 2.081810e-91"
" 171";" 1347";"12.69";" -410.708";"personalizar";" 2.570520e-91"
"  84";"  967";" 8.69";" -387.831";"profesorado";" 2.454762e-86"
" 277";" 1688";"16.41";" -383.400";"aspecto";" 2.263515e-85"
" 292";" 1740";"16.78";" -382.830";"aula";" 3.011267e-85"
" 223";" 1485";"15.02";" -378.280";"ámbito";" 2.947923e-84"
" 190";" 1351";"14.06";" -370.852";"facilitar";" 1.221014e-82"
" 108";" 1021";"10.58";" -360.930";"esencial";" 1.766234e-80"
" 134";" 1121";"11.95";" -359.889";"gestión";" 2.977042e-80"
"  71";"  856";" 8.29";" -351.592";"crucial";" 1.907432e-78"
" 127";" 1071";"11.86";" -345.993";"apoyo";" 3.160060e-77"
" 151";" 1160";"13.02";" -344.323";"adaptar";" 7.302548e-77"
"  53";"  754";" 7.03";" -334.906";"continuo";" 8.207802e-75"
" 512";" 2376";"21.55";" -328.779";"ofrecer";" 1.773031e-73"
"  71";"  807";" 8.80";" -320.615";"participación";" 1.064266e-71"
" 530";" 2412";"21.97";" -318.259";"objetivo";" 3.468035e-71"
" 186";" 1239";"15.01";" -314.665";"integrar";" 2.104262e-70"
" 335";" 1751";"19.13";" -309.496";"diseño";" 2.811756e-69"
"  47";"  684";" 6.87";" -306.487";"personalización";" 1.272297e-68"
" 306";" 1646";"18.59";" -306.215";"comprensión";" 1.458091e-68"
"  50";"  696";" 7.18";" -305.955";"responsabilidad";" 1.660880e-68"
" 314";" 1672";"18.78";" -305.535";"pensamiento";" 2.050662e-68"
"  95";"  877";"10.83";" -303.977";"aprovechar";" 4.480032e-68"
" 140";" 1038";"13.49";" -296.738";"perspectiva";" 1.692343e-66"
" 164";" 1127";"14.55";" -296.651";"mejora";" 1.768015e-66"
" 221";" 1331";"16.60";" -295.770";"sociedad";" 2.750541e-66"
" 162";" 1117";"14.50";" -295.132";"importancia";" 3.788318e-66"
" 543";" 2387";"22.75";" -287.527";"contexto";" 1.719910e-64"
"  49";"  651";" 7.53";" -279.946";"adopción";" 7.714231e-63"
" 246";" 1387";"17.74";" -278.619";"área";" 1.501748e-62"
" 109";"  889";"12.26";" -278.168";"asegurar";" 1.882792e-62"
"  76";"  751";"10.12";" -272.964";"transformación";" 2.564410e-61"
" 125";"  939";"13.31";" -271.708";"plan";" 4.814635e-61"
"  96";"  826";"11.62";" -270.514";"retroalimentación";" 8.765655e-61"
" 199";" 1201";"16.57";" -267.209";"significativo";" 4.604114e-60"
"  76";"  738";"10.30";" -264.939";"tic";" 1.438861e-59"
" 796";" 3120";"25.51";" -264.310";"desarrollar";" 1.972979e-59"
" 117";"  896";"13.06";" -264.177";"privacidad";" 2.109377e-59"
"  43";"  595";" 7.23";" -260.499";"implicación";" 1.335675e-58"
"  88";"  774";"11.37";" -257.929";"contribuir";" 4.852103e-58"
"  84";"  758";"11.08";" -257.747";"apoyar";" 5.317288e-58"
"   7";"  427";" 1.64";" -256.852";"equidad";" 8.330372e-58"
"  97";"  805";"12.05";" -255.522";"beneficio";" 1.624317e-57"
"  92";"  778";"11.83";" -250.924";"metodología";" 1.632707e-56"
"  35";"  540";" 6.48";" -247.304";"inclusión";" 1.005116e-55"
"   8";"  410";" 1.95";" -242.516";"pedagógicas";" 1.111830e-54"
" 113";"  834";"13.55";" -236.622";"activo";" 2.144024e-53"
"  37";"  531";" 6.97";" -236.025";"protección";" 2.893415e-53"
" 227";" 1240";"18.31";" -235.687";"evaluar";" 3.429796e-53"
"  35";"  513";" 6.82";" -230.014";"alfabetización";" 5.918157e-52"
" 201";" 1139";"17.65";" -229.894";"establecer";" 6.287099e-52"
"  94";"  742";"12.67";" -224.806";"didáctico";" 8.093615e-51"
"  19";"  432";" 4.40";" -223.322";"integral";" 1.705697e-50"
" 212";" 1158";"18.31";" -219.832";"centrar";" 9.843150e-50"
"  76";"  659";"11.53";" -216.719";"reto";" 4.700368e-49"
" 289";" 1399";"20.66";" -210.476";"calidad";" 1.081336e-47"
" 324";" 1510";"21.46";" -208.564";"requerir";" 2.825908e-47"
" 390";" 1719";"22.69";" -206.632";"necesario";" 7.457511e-47"
"  21";"  411";" 5.11";" -203.867";"institucional";" 2.992546e-46"
"  30";"  447";" 6.71";" -201.609";"adaptación";" 9.303855e-46"
"  31";"  451";" 6.87";" -201.413";"compromiso";" 1.026990e-45"
" 111";"  765";"14.51";" -201.043";"impulsar";" 1.236640e-45"
"   5";"  332";" 1.51";" -200.858";"gobernanza";" 1.357069e-45"
" 231";" 1181";"19.56";" -198.468";"práctica";" 4.509580e-45"
" 105";"  734";"14.31";" -195.993";"individual";" 1.563984e-44"
" 154";"  905";"17.02";" -192.768";"comunidad";" 7.911527e-44"
"  24";"  404";" 5.94";" -190.789";"capacitación";" 2.138428e-43"
"  29";"  424";" 6.84";" -189.680";"enriquecer";" 3.733510e-43"
"   2";"  299";" 0.67";" -188.882";"equitativo";" 5.577151e-43"
" 162";"  916";"17.69";" -183.666";"reflexión";" 7.675170e-42"
"  21";"  379";" 5.54";" -183.218";"incorporación";" 9.613432e-42"
" 426";" 1779";"23.95";" -183.063";"proyecto";" 1.039180e-41"
" 587";" 2272";"25.84";" -181.449";"proporcionar";" 2.339304e-41"
" 240";" 1170";"20.51";" -178.184";"implicar";" 1.207403e-40"
" 577";" 2233";"25.84";" -178.147";"específico";" 1.230076e-40"
" 176";"  951";"18.51";" -176.639";"organización";" 2.626664e-40"
"  48";"  481";" 9.98";" -175.858";"aporte";" 3.889534e-40"
" 737";" 2708";"27.22";" -175.685";"nivel";" 4.241585e-40"
"  46";"  471";" 9.77";" -174.675";"transparencia";" 7.051307e-40"
" 103";"  688";"14.97";" -173.995";"laboral";" 9.925892e-40"
"  76";"  587";"12.95";" -173.791";"innovador";" 1.099783e-39"
"  17";"  346";" 4.91";" -173.439";"pedagogía";" 1.312595e-39"
" 554";" 2143";"25.85";" -170.452";"futuro";" 5.893382e-39"
"  80";"  583";"13.72";" -162.645";"adoptar";" 2.991401e-37"
" 870";" 3058";"28.45";" -161.123";"capacidad";" 6.429623e-37"
" 717";" 2596";"27.62";" -157.223";"estudio";" 4.576223e-36"
" 141";"  789";"17.87";" -155.248";"brindar";" 1.235985e-35"
"  50";"  455";"10.99";" -155.086";"implementar";" 1.341175e-35"
" 177";"  912";"19.41";" -155.037";"sector";" 1.374238e-35"
" 188";"  947";"19.85";" -153.997";"derecho";" 2.319415e-35"
"  25";"  348";" 7.18";" -152.251";"administrativo";" 5.583373e-35"
" 301";" 1312";"22.94";" -152.091";"destacar";" 6.051137e-35"
" 105";"  656";"16.01";" -152.091";"resolución";" 6.053085e-35"
"  39";"  406";" 9.61";" -152.068";"estratégico";" 6.123816e-35"
"  34";"  385";" 8.83";" -151.747";"ies";" 7.195613e-35"
" 541";" 2047";"26.43";" -149.068";"además";" 2.770985e-34"
"  12";"  285";" 4.21";" -148.614";"integridad";" 3.482705e-34"
"  22";"  323";" 6.81";" -144.550";"sostenible";" 2.693363e-33"
"  44";"  413";"10.65";" -144.025";"estudiantado";" 3.507836e-33"
"  67";"  502";"13.35";" -144.008";"diversidad";" 3.537906e-33"
" 193";"  942";"20.49";" -143.382";"papel";" 4.849782e-33"
" 296";" 1274";"23.23";" -142.430";"comunicación";" 7.829965e-33"
" 384";" 1542";"24.90";" -139.217";"riesgo";" 3.948903e-32"
"  77";"  529";"14.56";" -138.062";"orientación";" 7.062055e-32"
"  39";"  383";"10.18";" -137.915";"fortalecer";" 7.608230e-32"
"  13";"  271";" 4.80";" -136.620";"reflexivo";" 1.459879e-31"
"  57";"  451";"12.64";" -136.402";"actor";" 1.629951e-31"
"  32";"  351";" 9.12";" -135.713";"potenciar";" 2.306139e-31"
"  66";"  483";"13.66";" -135.165";"orientar";" 3.037822e-31"
"1011";" 3382";"29.89";" -135.048";"manera";" 3.223211e-31"
" 168";"  840";"20.00";" -134.345";"guía";" 4.593207e-31"
"1166";" 3821";"30.52";" -134.166";"permitir";" 5.025722e-31"
"  48";"  412";"11.65";" -133.895";"adaptarse";" 5.760710e-31"
" 132";"  716";"18.44";" -133.463";"iag";" 7.159683e-31"
"  59";"  452";"13.05";" -132.509";"motivación";" 1.157941e-30"
" 152";"  782";"19.44";" -132.310";"transformar";" 1.279603e-30"
" 117";"  660";"17.73";" -131.366";"materia";" 2.058832e-30"
" 165";"  818";"20.17";" -128.493";"nacional";" 8.756427e-30"
" 108";"  623";"17.34";" -128.454";"revisión";" 8.930034e-30"
"  47";"  396";"11.87";" -126.654";"consideración";" 2.211846e-29"
" 168";"  824";"20.39";" -126.543";"recomendación";" 2.338781e-29"
" 152";"  770";"19.74";" -126.342";"rol";" 2.588385e-29"
"  84";"  530";"15.85";" -124.317";"dinámico";" 7.181910e-29"
"  52";"  406";"12.81";" -121.170";"europeo";" 3.506946e-28"
" 102";"  588";"17.35";" -121.054";"gobierno";" 3.719601e-28"
"  17";"  263";" 6.46";" -120.120";"tutoría";" 5.955541e-28"
" 163";"  794";"20.53";" -120.092";"amplio";" 6.038402e-28"
"  16";"  258";" 6.20";" -119.711";"normativo";" 7.319618e-28"
"   8";"  221";" 3.62";" -119.034";"transversal";" 1.029284e-27"
"  30";"  315";" 9.52";" -118.487";"latino";" 1.356549e-27"
"  37";"  343";"10.79";" -118.395";"iagen";" 1.421064e-27"
"  61";"  431";"14.15";" -116.001";"valioso";" 4.750925e-27"
"  59";"  423";"13.95";" -115.690";"progreso";" 5.556269e-27"
" 286";" 1179";"24.26";" -115.521";"plantear";" 6.052104e-27"
"   9";"  219";" 4.11";" -114.750";"currículo";" 8.925594e-27"
" 731";" 2505";"29.18";" -114.092";"análisis";" 1.244059e-26"
"   8";"  213";" 3.76";" -113.844";"directriz";" 1.410007e-26"
"  13";"  230";" 5.65";" -110.234";"adaptativo";" 8.706032e-26"
"  18";"  251";" 7.17";" -109.754";"colaborativo";" 1.109390e-25"
" 467";" 1715";"27.23";" -109.464";"generativa";" 1.284311e-25"
" 267";" 1103";"24.21";" -108.690";"unesco";" 1.897797e-25"
" 278";" 1137";"24.45";" -108.535";"alumnado";" 2.052364e-25"
" 506";" 1828";"27.68";" -108.396";"considerar";" 2.201406e-25"
"  16";"  240";" 6.67";" -108.237";"aprendizajes";" 2.385209e-25"
" 271";" 1114";"24.33";" -108.066";"solución";" 2.599755e-25"
"  58";"  405";"14.32";" -107.522";"reflexionar";" 3.420580e-25"
"  50";"  375";"13.33";" -107.499";"educar";" 3.460941e-25"
"  67";"  437";"15.33";" -106.912";"eficiencia";" 4.653307e-25"
"  61";"  415";"14.70";" -106.901";"emergente";" 4.679047e-25"
" 230";"  979";"23.49";" -105.542";"propuesta";" 9.291720e-25"
" 120";"  620";"19.35";" -105.534";"enfrentar";" 9.330011e-25"
"   4";"  179";" 2.23";" -103.956";"inclusiva";" 2.068599e-24"
" 202";"  885";"22.82";" -103.445";"método";" 2.677071e-24"
"  84";"  491";"17.11";" -103.146";"brecha";" 3.112704e-24"
" 337";" 1303";"25.86";" -102.258";"interacción";" 4.873341e-24"
"  48";"  358";"13.41";" -102.017";"américa";" 5.504726e-24"
" 164";"  758";"21.64";" -101.564";"preparar";" 6.920667e-24"
"  16";"  229";" 6.99";" -101.252";"efectividad";" 8.100169e-24"
" 204";"  886";"23.02";" -101.084";"principio";" 8.814517e-24"
"  87";"  497";"17.51";" -100.734";"involucrar";" 1.052055e-23"
"  51";"  367";"13.90";" -100.704";"regulación";" 1.068277e-23"
"  48";"  354";"13.56";"  -99.701";"desempeño";" 1.772657e-23"
" 412";" 1520";"27.11";"  -98.749";"cambio";" 2.866858e-23"
"  46";"  344";"13.37";"  -98.278";"infraestructura";" 3.635687e-23"
"  14";"  215";" 6.51";"  -97.848";"adaptabilidad";" 4.516504e-23"
" 749";" 2502";"29.94";"  -97.795";"basar";" 4.640060e-23"
" 361";" 1363";"26.49";"  -97.461";"clave";" 5.491489e-23"
"  12";"  204";" 5.88";"  -96.411";"subrayar";" 9.334228e-23"
"  23";"  250";" 9.20";"  -95.999";"accesibilidad";" 1.149260e-22"
"  29";"  273";"10.62";"  -95.227";"docencia";" 1.697883e-22"
" 173";"  773";"22.38";"  -95.109";"creatividad";" 1.801888e-22"
"  16";"  216";" 7.41";"  -93.028";"estudiantil";" 5.156142e-22"
" 906";" 2929";"30.93";"  -92.283";"social";" 7.511857e-22"
" 717";" 2390";"30.00";"  -92.019";"incluir";" 8.586825e-22"
" 296";" 1150";"25.74";"  -91.718";"actual";" 9.997165e-22"
"  35";"  290";"12.07";"  -91.276";"eficacia";" 1.249411e-21"
" 234";"  957";"24.45";"  -91.113";"universitario";" 1.357186e-21"
"  13";"  199";" 6.53";"  -90.431";"gamificación";" 1.915089e-21"
" 107";"  543";"19.71";"  -89.134";"iniciativa";" 3.689272e-21"
" 128";"  613";"20.88";"  -89.075";"constante";" 3.802157e-21"
" 146";"  672";"21.73";"  -89.024";"participar";" 3.900540e-21"
" 206";"  860";"23.95";"  -87.294";"ción";" 9.351527e-21"
"   8";"  171";" 4.68";"  -86.681";"inclusivo";" 1.275386e-20"
" 113";"  557";"20.29";"  -86.134";"evolución";" 1.681346e-20"
" 187";"  797";"23.46";"  -86.033";"re";" 1.769179e-20"
"   4";"  151";" 2.65";"  -85.719";"interesado";" 2.073942e-20"
"  12";"  187";" 6.42";"  -85.562";"capacitar";" 2.245287e-20"
"  25";"  241";"10.37";"  -85.488";"administración";" 2.330823e-20"
"  48";"  329";"14.59";"  -85.397";"desigualdad";" 2.440344e-20"
"  42";"  306";"13.73";"  -85.023";"actitud";" 2.949498e-20"
" 199";"  832";"23.92";"  -84.804";"explorar";" 3.294046e-20"
" 132";"  617";"21.39";"  -84.771";"percepción";" 3.349723e-20"
" 103";"  520";"19.81";"  -84.449";"existente";" 3.943250e-20"
" 180";"  770";"23.38";"  -83.989";"limitación";" 4.974836e-20"
"   9";"  171";" 5.26";"  -83.788";"curricular";" 5.507551e-20"
"   2";"  138";" 1.45";"  -83.518";"formativas";" 6.313277e-20"
" 761";" 2483";"30.65";"  -83.016";"así";" 8.140185e-20"
"  18";"  207";" 8.70";"  -82.113";"promoción";" 1.284932e-19"
"  37";"  282";"13.12";"  -82.058";"ecosistema";" 1.321217e-19"
" 136";"  624";"21.79";"  -81.971";"rendimiento";" 1.380880e-19"
"  26";"  237";"10.97";"  -80.646";"favorecer";" 2.699985e-19"
"   7";"  157";" 4.46";"  -80.578";"autorregulación";" 2.794110e-19"
" 155";"  682";"22.73";"  -80.432";"incorporar";" 3.008519e-19"
" 107";"  525";"20.38";"  -80.358";"adquirir";" 3.124005e-19"
"  35";"  271";"12.92";"  -80.082";"desempeñar";" 3.592274e-19"
"  62";"  369";"16.80";"  -79.523";"utilización";" 4.766972e-19"
"  52";"  333";"15.62";"  -79.448";"torno";" 4.950209e-19"
"  78";"  423";"18.44";"  -78.503";"relevancia";" 7.989640e-19"
"  24";"  225";"10.67";"  -78.193";"igualdad";" 9.344695e-19"
" 134";"  605";"22.15";"  -76.298";"informar";" 2.439183e-18"
"   9";"  157";" 5.73";"  -74.815";"ciudadanía";" 5.168933e-18"
"  66";"  374";"17.65";"  -74.699";"teórico";" 5.481280e-18"
"  25";"  223";"11.21";"  -74.592";"labor";" 5.787779e-18"
" 435";" 1514";"28.73";"  -74.108";"personal";" 7.395526e-18"
" 359";" 1290";"27.83";"  -74.013";"aplicar";" 7.761905e-18"
"  56";"  337";"16.62";"  -73.786";"sólido";" 8.704959e-18"
" 158";"  676";"23.37";"  -73.676";"sesgos";" 9.204043e-18"
"  33";"  252";"13.10";"  -73.440";"iae";" 1.037404e-17"
"  57";"  338";"16.86";"  -72.414";"ritmo";" 1.744303e-17"
"  53";"  323";"16.41";"  -72.006";"eficaz";" 2.145462e-17"
" 109";"  514";"21.21";"  -71.995";"construcción";" 2.157604e-17"
"  59";"  344";"17.15";"  -71.842";"guiar";" 2.331830e-17"
"  44";"  289";"15.22";"  -71.189";"ciudadano";" 3.246556e-17"
" 110";"  514";"21.40";"  -70.466";"adecuar";" 4.682563e-17"
" 181";"  740";"24.46";"  -70.168";"seguridad";" 5.447140e-17"
" 515";" 1732";"29.73";"  -69.848";"profesor";" 6.406536e-17"
"  25";"  214";"11.68";"  -69.201";"ministerio";" 8.890927e-17"
"  14";"  169";" 8.28";"  -68.812";"flexible";" 1.083380e-16"
"  11";"  156";" 7.05";"  -68.633";"repensar";" 1.185827e-16"
"  43";"  280";"15.36";"  -68.212";"personalizadas";" 1.468394e-16"
"  45";"  287";"15.68";"  -68.064";"ambiente";" 1.582580e-16"
" 285";" 1051";"27.12";"  -67.709";"centro";" 1.895148e-16"
"  24";"  207";"11.59";"  -67.357";"adquisición";" 2.265713e-16"
"  10";"  149";" 6.71";"  -66.931";"formativa";" 2.812379e-16"
"   8";"  140";" 5.71";"  -66.771";"mitigar";" 3.049752e-16"
"  87";"  429";"20.28";"  -66.276";"técnico";" 3.919157e-16"
" 232";"  885";"26.21";"  -65.526";"avance";" 5.736184e-16"
"  14";"  163";" 8.59";"  -65.070";"currículos";" 7.228062e-16"
"  38";"  256";"14.84";"  -65.032";"beneficiar";" 7.369038e-16"
" 460";" 1555";"29.58";"  -64.537";"acceso";" 9.471507e-16"
"  14";"  162";" 8.64";"  -64.448";"cooperación";" 9.912014e-16"
"  31";"  228";"13.60";"  -63.920";"estu";" 1.295955e-15"
" 157";"  649";"24.19";"  -63.685";"internacional";" 1.459577e-15"
"   6";"  126";" 4.76";"  -63.524";"unión europea";" 1.583967e-15"
" 285";" 1038";"27.46";"  -63.223";"relevante";" 1.846119e-15"
"  24";"  200";"12.00";"  -63.189";"monitorear";" 1.877536e-15"
" 376";" 1306";"28.79";"  -63.050";"relacionar";" 2.015748e-15"
"   4";"  115";" 3.48";"  -62.342";"cuidadoso";" 2.887116e-15"
" 206";"  797";"25.85";"  -62.264";"debatir";" 3.003289e-15"
"   2";"  105";" 1.90";"  -62.004";"ods";" 3.428186e-15"
" 114";"  507";"22.49";"  -61.392";"preocupación";" 4.677980e-15"
"  70";"  361";"19.39";"  -61.013";"edu";" 5.670445e-15"
"1589";" 4666";"34.05";"  -60.317";"sistema";" 8.073480e-15"
" 725";" 2292";"31.63";"  -60.271";"tanto";" 8.264480e-15"
"  28";"  210";"13.33";"  -60.064";"crítica";" 9.181674e-15"
"  26";"  202";"12.87";"  -59.833";"bienestar";" 1.032449e-14"
"  57";"  314";"18.15";"  -59.788";"local";" 1.056376e-14"
"  52";"  296";"17.57";"  -59.489";"standard";" 1.229623e-14"
"  51";"  292";"17.47";"  -59.230";"autonomía";" 1.402824e-14"
"  10";"  136";" 7.35";"  -58.709";"civil";" 1.828422e-14"
"   4";"  109";" 3.67";"  -58.457";"desa";" 2.077948e-14"
"  23";"  188";"12.23";"  -58.379";"panorama";" 2.161510e-14"
"  71";"  359";"19.78";"  -58.355";"instrumento";" 2.188265e-14"
" 232";"  865";"26.82";"  -58.290";"interés";" 2.262207e-14"
"   3";"  103";" 2.91";"  -57.598";"enfatiza";" 3.215553e-14"
"  37";"  239";"15.48";"  -57.593";"optimizar";" 3.223456e-14"
"  92";"  427";"21.55";"  -57.533";"interactivo";" 3.322731e-14"
" 467";" 1550";"30.13";"  -57.379";"diseñar";" 3.593780e-14"
"  11";"  138";" 7.97";"  -57.300";"comisión";" 3.741408e-14"
"  11";"  138";" 7.97";"  -57.300";"respeto";" 3.741408e-14"
"   9";"  129";" 6.98";"  -56.995";"retención";" 4.368921e-14"
"   8";"  124";" 6.45";"  -56.569";"mentalidad";" 5.424992e-14"
"  71";"  355";"20.00";"  -56.401";"demanda";" 5.910628e-14"
"  81";"  388";"20.88";"  -56.235";"consciente";" 6.431269e-14"
"  59";"  313";"18.85";"  -55.757";"legal";" 8.201118e-14"
"  17";"  160";"10.62";"  -55.716";"permanente";" 8.374196e-14"
"  29";"  206";"14.08";"  -55.604";"respaldar";" 8.863506e-14"
"  21";"  175";"12.00";"  -55.272";"emerger";" 1.049566e-13"
"  20";"  171";"11.70";"  -55.210";"transparente";" 1.083385e-13"
"   9";"  126";" 7.14";"  -55.099";"curriculares";" 1.146080e-13"
"  54";"  294";"18.37";"  -54.842";"reforzar";" 1.306030e-13"
"   0";"   84";" 0.00";"  -54.750";"icial";" 1.368511e-13"
" 320";" 1114";"28.73";"  -54.294";"público";" 1.726241e-13"
"  99";"  441";"22.45";"  -53.580";"planificación";" 2.482739e-13"
"   0";"   82";" 0.00";"  -53.445";"artif";" 2.658848e-13"
" 474";" 1555";"30.48";"  -53.279";"universidad";" 2.893568e-13"
"   9";"  123";" 7.32";"  -53.206";"aliar";" 3.003211e-13"
"  70";"  345";"20.29";"  -53.182";"norma";" 3.040597e-13"
"  23";"  179";"12.85";"  -53.092";"fortaleza";" 3.182403e-13"
"  13";"  139";" 9.35";"  -52.759";"flexibilidad";" 3.771661e-13"
"  79";"  373";"21.18";"  -52.297";"asimismo";" 4.770876e-13"
"  54";"  289";"18.69";"  -52.292";"actualizar";" 4.783764e-13"
"   5";"  104";" 4.81";"  -52.279";"reglamento";" 4.815568e-13"
"  22";"  172";"12.79";"  -51.236";"stem";" 8.191062e-13"
" 188";"  712";"26.40";"  -51.092";"tendencia";" 8.813387e-13"
"  30";"  201";"14.93";"  -50.684";"comprometer";" 1.085066e-12"
" 170";"  656";"25.91";"  -50.641";"dimensión";" 1.108883e-12"
"  34";"  215";"15.81";"  -50.364";"manejo";" 1.277438e-12"
"   5";"  101";" 4.95";"  -50.351";"formativos";" 1.285821e-12"
" 144";"  575";"25.04";"  -50.238";"cultural";" 1.361742e-12"
"   5";"  100";" 5.00";"  -49.708";"alinear";" 1.783720e-12"
" 400";" 1330";"30.08";"  -49.655";"campo";" 1.832906e-12"
"   4";"   95";" 4.21";"  -49.410";"caribe";" 2.076823e-12"
"  70";"  337";"20.77";"  -49.362";"exploración";" 2.128405e-12"
"  49";"  266";"18.42";"  -49.348";"líder";" 2.143913e-12"
"  10";"  121";" 8.26";"  -49.297";"cumplimiento";" 2.199862e-12"
"  21";"  164";"12.80";"  -48.795";"dependencia";" 2.840987e-12"
"  10";"  120";" 8.33";"  -48.673";"ocde";" 3.023680e-12"
"  21";"  162";"12.96";"  -47.628";"consenso";" 5.151516e-12"
"  21";"  162";"12.96";"  -47.628";"diantes";" 5.151516e-12"
" 571";" 1807";"31.60";"  -47.590";"importante";" 5.253816e-12"
"  20";"  158";"12.66";"  -47.526";"formulación";" 5.429011e-12"
" 217";"  789";"27.50";"  -47.521";"asignatura";" 5.442018e-12"
"  24";"  173";"13.87";"  -47.433";"conllevar";" 5.691761e-12"
"  13";"  130";"10.00";"  -47.235";"sostenibilidad";" 6.295240e-12"
"   3";"   87";" 3.45";"  -47.224";"educacióncapítulo";" 6.332867e-12"
"  39";"  227";"17.18";"  -47.207";"realización";" 6.388821e-12"
" 545";" 1732";"31.47";"  -47.126";"decisión";" 6.658206e-12"
"  98";"  423";"23.17";"  -47.123";"disciplina";" 6.667398e-12"
"  38";"  223";"17.04";"  -46.959";"empresarial";" 7.250317e-12"
" 499";" 1601";"31.17";"  -46.802";"programa";" 7.854469e-12"
"  18";"  149";"12.08";"  -46.768";"transformador";" 7.992248e-12"
"  51";"  267";"19.10";"  -46.379";"inmediato";" 9.744338e-12"
"  75";"  347";"21.61";"  -46.348";"accesible";" 9.900551e-12"
"  15";"  135";"11.11";"  -45.422";"énfasis";" 1.588727e-11"
"  41";"  230";"17.83";"  -45.098";"resaltar";" 1.874574e-11"
"   2";"   79";" 2.53";"  -45.089";"facilitador";" 1.882896e-11"
"   3";"   83";" 3.61";"  -44.635";"aprovechamiento";" 2.374160e-11"
" 128";"  511";"25.05";"  -44.574";"discusión";" 2.449728e-11"
"   1";"   73";" 1.37";"  -44.326";"regulatorios";" 2.780510e-11"
"   9";"  108";" 8.33";"  -43.799";"formativo";" 3.639385e-11"
"  25";"  170";"14.71";"  -43.620";"talento";" 3.987734e-11"
" 352";" 1170";"30.09";"  -43.489";"curso";" 4.262617e-11"
"   2";"   76";" 2.63";"  -43.140";"intercultural";" 5.095240e-11"
"   4";"   85";" 4.71";"  -42.968";"lineamientos";" 5.563217e-11"
" 353";" 1170";"30.17";"  -42.698";"avanzar";" 6.388784e-11"
" 188";"  688";"27.33";"  -42.622";"escolar";" 6.642192e-11"
"  43";"  232";"18.53";"  -42.557";"actualización";" 6.865623e-11"
"   9";"  106";" 8.49";"  -42.553";"mantenerse";" 6.879557e-11"
"  10";"  110";" 9.09";"  -42.464";"analíticas";" 7.199305e-11"
"  78";"  348";"22.41";"  -42.402";"preparación";" 7.430174e-11"
"  83";"  364";"22.80";"  -42.360";"enfocar";" 7.593595e-11"
"   0";"   65";" 0.00";"  -42.355";"lom";" 7.610422e-11"
"  18";"  141";"12.77";"  -42.062";"estimular";" 8.843639e-11"
" 537";" 1688";"31.81";"  -41.996";"creación";" 9.144344e-11"
"  17";"  137";"12.41";"  -41.968";"im";" 9.275916e-11"
"  11";"  113";" 9.73";"  -41.793";"eficazmente";" 1.014726e-10"
" 290";"  985";"29.44";"  -41.724";"acción";" 1.051045e-10"
"  34";"  198";"17.17";"  -41.192";"unión";" 1.379590e-10"
"   1";"   68";" 1.47";"  -41.069";"empoderamiento";" 1.469786e-10"
" 140";"  538";"26.02";"  -40.807";"cultura";" 1.680247e-10"
"  24";"  161";"14.91";"  -40.637";"directivo";" 1.833158e-10"
"   1";"   67";" 1.49";"  -40.417";"blando";" 2.051143e-10"
" 102";"  418";"24.40";"  -39.765";"especial";" 2.864518e-10"
"  14";"  121";"11.57";"  -39.394";"tutores";" 3.462872e-10"
"  19";"  140";"13.57";"  -39.278";"autoevaluación";" 3.675523e-10"
"  18";"  136";"13.24";"  -39.152";"satisfacción";" 3.920606e-10"
"   1";"   65";" 1.54";"  -39.115";"certificación";" 3.995818e-10"
"  10";"  104";" 9.62";"  -38.769";"redefinir";" 4.771179e-10"
"   1";"   64";" 1.56";"  -38.464";"inclusivos";" 5.577970e-10"
"   0";"   59";" 0.00";"  -38.443";"estudiantem";" 5.638870e-10"
" 450";" 1428";"31.51";"  -38.244";"general";" 6.242642e-10"
"  14";"  119";"11.76";"  -38.203";"digitalización";" 6.374427e-10"
"   3";"   73";" 4.11";"  -38.174";"transformadora";" 6.470217e-10"
"   2";"   68";" 2.94";"  -37.948";"competencial";" 7.264254e-10"
"  33";"  188";"17.55";"  -37.778";"complementar";" 7.927872e-10"
" 140";"  529";"26.47";"  -37.514";"automatizar";" 9.075102e-10"
" 163";"  598";"27.26";"  -37.418";"chatbots";" 9.535753e-10"
"  96";"  393";"24.43";"  -37.247";"adecuado";" 1.040864e-09"
"   1";"   62";" 1.61";"  -37.162";"interdisciplinarios";" 1.087316e-09"
"  50";"  244";"20.49";"  -36.773";"mirada";" 1.327457e-09"
"  78";"  335";"23.28";"  -36.746";"valorar";" 1.345577e-09"
"   7";"   88";" 7.95";"  -36.553";"potencialidades";" 1.486033e-09"
"   1";"   61";" 1.64";"  -36.511";"rendición";" 1.518337e-09"
"   0";"   56";" 0.00";"  -36.486";"fortalecimiento";" 1.537367e-09"
"   0";"   56";" 0.00";"  -36.486";"rrollo";" 1.537367e-09"
"   8";"   92";" 8.70";"  -36.438";"plenamente";" 1.576152e-09"
"  14";"  116";"12.07";"  -36.424";"bitácora";" 1.587235e-09"
"  89";"  369";"24.12";"  -36.412";"región";" 1.597299e-09"
"   5";"   79";" 6.33";"  -36.286";"administrador";" 1.703674e-09"
" 176";"  633";"27.80";"  -36.148";"secundario";" 1.828457e-09"
"  95";"  387";"24.55";"  -36.089";"aportar";" 1.884790e-09"
"   6";"   83";" 7.23";"  -36.081";"beneficioso";" 1.892767e-09"
"   7";"   87";" 8.05";"  -35.927";"especificación";" 2.048404e-09"
"   1";"   60";" 1.67";"  -35.860";"interdisciplinaria";" 2.120465e-09"
" 130";"  493";"26.37";"  -35.463";"eficiente";" 2.599990e-09"
"  50";"  241";"20.75";"  -35.347";"intercambio";" 2.758537e-09"
"  15";"  118";"12.71";"  -35.333";"regional";" 2.779538e-09"
" 952";" 2796";"34.05";"  -35.271";"actividad";" 2.868288e-09"
"  24";"  151";"15.89";"  -35.102";"respetar";" 3.129508e-09"
"   5";"   77";" 6.49";"  -35.016";"beijing";" 3.269750e-09"
" 116";"  449";"25.84";"  -34.971";"pro";" 3.346679e-09"
"  53";"  250";"21.20";"  -34.915";"atender";" 3.444484e-09"
"  80";"  337";"23.74";"  -34.911";"emocional";" 3.450420e-09"
"  28";"  164";"17.07";"  -34.406";"supervisión";" 4.473949e-09"
"  47";"  229";"20.52";"  -34.388";"modalidad";" 4.515851e-09"
"  48";"  232";"20.69";"  -34.232";"gama";" 4.892229e-09"
"   4";"   71";" 5.63";"  -33.992";"metodológico";" 5.533077e-09"
"   4";"   71";" 5.63";"  -33.992";"empoderar";" 5.533077e-09"
"   1";"   57";" 1.75";"  -33.907";"incentivar";" 5.780173e-09"
"   5";"   75";" 6.67";"  -33.748";"abordaje";" 6.273006e-09"
"   3";"   66";" 4.55";"  -33.664";"acreditación";" 6.550334e-09"
"   3";"   66";" 4.55";"  -33.664";"proactiva";" 6.550334e-09"
"  34";"  183";"18.58";"  -33.403";"recopilación";" 7.492137e-09"
"   4";"   70";" 5.71";"  -33.354";"imperativo";" 7.683317e-09"
"  23";"  144";"15.97";"  -33.249";"cdd";" 8.107464e-09"
" 132";"  492";"26.83";"  -32.941";"privado";" 9.499365e-09"
"   6";"   78";" 7.69";"  -32.936";"innovar";" 9.522020e-09"
"   8";"   86";" 9.30";"  -32.727";"acompañamiento";" 1.060295e-08"
"  20";"  132";"15.15";"  -32.643";"organismo";" 1.107476e-08"
"  16";"  117";"13.68";"  -32.552";"pilar";" 1.160402e-08"
"  16";"  117";"13.68";"  -32.552";"mixto";" 1.160402e-08"
"  27";"  156";"17.31";"  -32.041";"vital";" 1.509522e-08"
" 197";"  681";"28.93";"  -31.756";"tradicional";" 1.748137e-08"
" 197";"  681";"28.93";"  -31.756";"especialmente";" 1.748137e-08"
"   3";"   63";" 4.76";"  -31.735";"ceibal";" 1.767107e-08"
"   3";"   63";" 4.76";"  -31.735";"perpetuar";" 1.767107e-08"
" 161";"  575";"28.00";"  -31.714";"económico";" 1.786261e-08"
"  17";"  119";"14.29";"  -31.559";"dizaje";" 1.935206e-08"
"  11";"   96";"11.46";"  -31.496";"riguroso";" 1.998569e-08"
"  36";"  186";"19.35";"  -31.473";"impartir";" 2.022295e-08"
"   2";"   58";" 3.45";"  -31.470";"inclusivas";" 2.025364e-08"
"  16";"  115";"13.91";"  -31.407";"steam";" 2.092626e-08"
"  16";"  115";"13.91";"  -31.407";"experimentación";" 2.092626e-08"
"  42";"  206";"20.39";"  -31.370";"cognitivas";" 2.133040e-08"
"  14";"  107";"13.08";"  -31.148";"liderar";" 2.391248e-08"
"  13";"  103";"12.62";"  -31.044";"agenda";" 2.522408e-08"
"   8";"   83";" 9.64";"  -30.884";"zaje";" 2.739890e-08"
"   9";"   87";"10.34";"  -30.857";"aprendi";" 2.777621e-08"
"  46";"  218";"21.10";"  -30.764";"lección";" 2.913756e-08"
"  58";"  257";"22.57";"  -30.711";"colectivo";" 2.994666e-08"
"   1";"   52";" 1.92";"  -30.655";"holística";" 3.083078e-08"
"   1";"   52";" 1.92";"  -30.655";"formadores";" 3.083078e-08"
" 309";"  999";"30.93";"  -30.647";"material";" 3.094903e-08"
"   0";"   47";" 0.00";"  -30.619";"ñanza";" 3.140437e-08"
"  80";"  326";"24.54";"  -30.408";"proteger";" 3.501049e-08"
" 349";" 1111";"31.41";"  -30.373";"profundo";" 3.564478e-08"
"  57";"  253";"22.53";"  -30.369";"colaborar";" 3.571282e-08"
" 457";" 1413";"32.34";"  -30.320";"comprender";" 3.662425e-08"
" 108";"  412";"26.21";"  -30.313";"automatización";" 3.677293e-08"
"  22";"  135";"16.30";"  -30.312";"operativo";" 3.678159e-08"
"  10";"   90";"11.11";"  -30.263";"despliegue";" 3.773439e-08"
"  26";"  149";"17.45";"  -30.209";"satisfacer";" 3.879261e-08"
"   2";"   56";" 3.57";"  -30.176";"cocreación";" 3.944668e-08"
" 203";"  693";"29.29";"  -30.114";"evidenciar";" 4.072926e-08"
"  31";"  166";"18.67";"  -30.016";"instancia";" 4.285067e-08"
" 250";"  828";"30.19";"  -29.930";"fin";" 4.478682e-08"
"   3";"   60";" 5.00";"  -29.809";"intef";" 4.768024e-08"
"   3";"   60";" 5.00";"  -29.809";"adaptativos";" 4.768024e-08"
"   6";"   73";" 8.22";"  -29.808";"latinoamericano";" 4.769562e-08"
"  32";"  169";"18.93";"  -29.798";"equilibrio";" 4.794161e-08"
"  12";"   97";"12.37";"  -29.781";"aplicable";" 4.835931e-08"
"  11";"   93";"11.83";"  -29.710";"competente";" 5.018809e-08"
"  24";"  141";"17.02";"  -29.709";"herra";" 5.020796e-08"
"  26";"  148";"17.57";"  -29.685";"empatía";" 5.083347e-08"
"   8";"   81";" 9.88";"  -29.659";"pertinencia";" 5.151411e-08"
"   4";"   64";" 6.25";"  -29.531";"inserción";" 5.502782e-08"
"1040";" 2998";"34.69";"  -29.432";"aplicación";" 5.791628e-08"
"   1";"   50";" 2.00";"  -29.354";"consecución";" 6.029414e-08"
"   1";"   50";" 2.00";"  -29.354";"enfatizar";" 6.029414e-08"
"  17";"  115";"14.78";"  -29.303";"maximizar";" 6.190713e-08"
"   6";"   72";" 8.33";"  -29.185";"ciberseguridad";" 6.579081e-08"
"  26";"  147";"17.69";"  -29.162";"apren";" 6.656033e-08"
"  10";"   88";"11.36";"  -29.064";"equilibrar";" 7.002897e-08"
"  45";"  211";"21.33";"  -29.044";"regular";" 7.076994e-08"
" 195";"  666";"29.28";"  -29.008";"múltiple";" 7.206648e-08"
"  21";"  129";"16.28";"  -29.006";"validación";" 7.216495e-08"
"  21";"  129";"16.28";"  -29.006";"debilidad";" 7.216495e-08"
"  15";"  107";"14.02";"  -28.977";"inherente";" 7.323379e-08"
"   4";"   63";" 6.35";"  -28.896";"vigente";" 7.638302e-08"
"   2";"   54";" 3.70";"  -28.884";"ense";" 7.685765e-08"
" 116";"  432";"26.85";"  -28.797";"diálogo";" 8.038769e-08"
"  24";"  139";"17.27";"  -28.650";"independientemente";" 8.671634e-08"
"  19";"  121";"15.70";"  -28.576";"dades";" 9.010340e-08"
"   3";"   58";" 5.17";"  -28.527";"holístico";" 9.241878e-08"
"   7";"   75";" 9.33";"  -28.478";"prevención";" 9.474953e-08"
" 132";"  479";"27.56";"  -28.467";"factor";" 9.531252e-08"
"  81";"  324";"25.00";"  -28.382";"simulación";" 9.959002e-08"
"  66";"  277";"23.83";"  -28.352";"gestionar";" 1.011303e-07"
"   4";"   62";" 6.45";"  -28.261";"explicabilidad";" 1.060182e-07"
"   4";"   62";" 6.45";"  -28.261";"sinergia";" 1.060182e-07"
" 292";"  941";"31.03";"  -28.171";"virtual";" 1.110613e-07"
"  24";"  138";"17.39";"  -28.123";"validar";" 1.138299e-07"
"  49";"  222";"22.07";"  -28.099";"creciente";" 1.152870e-07"
"  80";"  320";"25.00";"  -28.030";"asumir";" 1.194482e-07"
"   9";"   82";"10.98";"  -27.834";"constructivo";" 1.321842e-07"
"   9";"   82";"10.98";"  -27.834";"adaptativas";" 1.321842e-07"
"   8";"   78";"10.26";"  -27.830";"apropiación";" 1.324624e-07"
"  30";"  158";"18.99";"  -27.712";"prioridad";" 1.407674e-07"
" 166";"  577";"28.77";"  -27.685";"mercado";" 1.427521e-07"
"  53";"  234";"22.65";"  -27.684";"significativamente";" 1.428174e-07"
" 153";"  538";"28.44";"  -27.426";"etapa";" 1.632243e-07"
"  21";"  126";"16.67";"  -27.389";"aproximación";" 1.663375e-07"
"   0";"   42";" 0.00";"  -27.360";"compe";" 1.689255e-07"
" 680";" 2011";"33.81";"  -27.325";"ayudar";" 1.719678e-07"
"   9";"   81";"11.11";"  -27.233";"democrático";" 1.803584e-07"
"  33";"  167";"19.76";"  -27.121";"apertura";" 1.911372e-07"
"  13";"   96";"13.54";"  -26.979";"propiciar";" 2.056365e-07"
"  48";"  216";"22.22";"  -26.866";"exigir";" 2.180448e-07"
"  27";"  146";"18.49";"  -26.856";"foco";" 2.191853e-07"
" 230";"  759";"30.30";"  -26.763";"creativo";" 2.300575e-07"
"   1";"   46";" 2.17";"  -26.754";"opor";" 2.310963e-07"
"  18";"  114";"15.79";"  -26.723";"dilemas";" 2.348061e-07"
"   0";"   41";" 0.00";"  -26.708";"facilitación";" 2.366644e-07"
"   7";"   72";" 9.72";"  -26.636";"tpack";" 2.455884e-07"
"  34";"  169";"20.12";"  -26.457";"presencial";" 2.695017e-07"
"   2";"   50";" 4.00";"  -26.301";"eurekai";" 2.921397e-07"
"  89";"  343";"25.95";"  -26.237";"confianza";" 3.019203e-07"
"   1";"   45";" 2.22";"  -26.104";"propicio";" 3.235098e-07"
"   3";"   54";" 5.56";"  -25.967";"trasformando";" 3.472786e-07"
"  92";"  351";"26.21";"  -25.814";"ventaja";" 3.759759e-07"
" 129";"  462";"27.92";"  -25.790";"esfuerzo";" 3.806161e-07"
"  16";"  105";"15.24";"  -25.772";"cuidadosamente";" 3.843081e-07"
"   4";"   58";" 6.90";"  -25.728";"aborden";" 3.931518e-07"
"  52";"  226";"23.01";"  -25.603";"requisito";" 4.194931e-07"
"  15";"  101";"14.85";"  -25.587";"pp";" 4.228821e-07"
"  15";"  101";"14.85";"  -25.587";"coordinación";" 4.228821e-07"
"  31";"  157";"19.75";"  -25.533";"analítico";" 4.349210e-07"
"   0";"   39";" 0.00";"  -25.404";"laia";" 4.648835e-07"
"   0";"   39";" 0.00";"  -25.404";"cft";" 4.648835e-07"
"  19";"  115";"16.52";"  -25.314";"mación";" 4.872105e-07"
" 167";"  572";"29.20";"  -25.293";"criterio";" 4.925278e-07"
" 328";" 1030";"31.84";"  -25.182";"medida";" 5.217824e-07"
"   2";"   48";" 4.17";"  -25.011";"competitividad";" 5.699554e-07"
"  79";"  309";"25.57";"  -24.980";"plazo";" 5.792282e-07"
"   1";"   43";" 2.33";"  -24.805";"innova";" 6.343977e-07"
"   1";"   43";" 2.33";"  -24.805";"catalizador";" 6.343977e-07"
"   0";"   38";" 0.00";"  -24.753";"constructivista";" 6.518216e-07"
"   0";"   38";" 0.00";"  -24.753";"participativo";" 6.518216e-07"
"   0";"   38";" 0.00";"  -24.753";"facilitadores";" 6.518216e-07"
"   3";"   52";" 5.77";"  -24.690";"colaborativos";" 6.732294e-07"
"  37";"  175";"21.14";"  -24.569";"exitoso";" 7.170676e-07"
"   2";"   47";" 4.26";"  -24.367";"cg4";" 7.962438e-07"
"  33";"  161";"20.50";"  -24.223";"trayectoria";" 8.578256e-07"
"   0";"   37";" 0.00";"  -24.101";"digcompedu";" 9.141995e-07"
"   0";"   37";" 0.00";"  -24.101";"desaf";" 9.141995e-07"
" 138";"  483";"28.57";"  -24.013";"ajustar";" 9.568644e-07"
"  12";"   87";"13.79";"  -23.975";"robusto";" 9.761749e-07"
"  29";"  147";"19.73";"  -23.945";"fundamentar";" 9.910784e-07"
"   2";"   46";" 4.35";"  -23.723";"competer";" 1.112518e-06"
"   9";"   75";"12.00";"  -23.656";"excelencia";" 1.151999e-06"
"   8";"   71";"11.27";"  -23.605";"provisión";" 1.183060e-06"
"  58";"  240";"24.17";"  -23.495";"méxico";" 1.252604e-06"
"  67";"  268";"25.00";"  -23.459";"preferencia";" 1.276374e-06"
"  22";"  122";"18.03";"  -23.431";"colaborativa";" 1.294519e-06"
"  12";"   86";"13.95";"  -23.403";"unesdoc";" 1.313670e-06"
"  54";"  227";"23.79";"  -23.332";"evolucionar";" 1.362856e-06"
" 102";"  374";"27.27";"  -23.272";"seguimiento";" 1.406419e-06"
"  11";"   82";"13.41";"  -23.267";"interdisciplinario";" 1.409869e-06"
"  34";"  162";"20.99";"  -23.127";"garcía";" 1.516345e-06"
"  34";"  162";"20.99";"  -23.127";"pertinente";" 1.516345e-06"
" 162";"  550";"29.45";"  -23.099";"formar";" 1.538541e-06"
"   9";"   74";"12.16";"  -23.065";"priorizar";" 1.566226e-06"
" 113";"  406";"27.83";"  -23.001";"intervención";" 1.619508e-06"
"  35";"  165";"21.21";"  -22.987";"optimización";" 1.631404e-06"
"  70";"  276";"25.36";"  -22.963";"xxi";" 1.651072e-06"
"  99";"  364";"27.20";"  -22.926";"primario";" 1.683167e-06"
"   1";"   40";" 2.50";"  -22.857";"rgpd";" 1.745236e-06"
"  36";"  168";"21.43";"  -22.853";"incertidumbre";" 1.749098e-06"
"   3";"   49";" 6.12";"  -22.779";"zar";" 1.817193e-06"
"   3";"   49";" 6.12";"  -22.779";"abordarse";" 1.817193e-06"
"  14";"   92";"15.22";"  -22.615";"alianza";" 1.978850e-06"
"  10";"   77";"12.99";"  -22.571";"alc";" 2.025198e-06"
"  53";"  222";"23.87";"  -22.569";"agenciar";" 2.027633e-06"
" 216";"  703";"30.73";"  -22.530";"mantener";" 2.069163e-06"
"   9";"   73";"12.33";"  -22.476";"legislación";" 2.128128e-06"
"   5";"   57";" 8.77";"  -22.453";"aptitud";" 2.153479e-06"
" 137";"  475";"28.84";"  -22.450";"propósito";" 2.156383e-06"
"   2";"   44";" 4.55";"  -22.436";"normativos";" 2.172716e-06"
"   2";"   44";" 4.55";"  -22.436";"regulatorio";" 2.172716e-06"
"   2";"   44";" 4.55";"  -22.436";"educati";" 2.172716e-06"
"   2";"   44";" 4.55";"  -22.436";"alineadas";" 2.172716e-06"
"  40";"  180";"22.22";"  -22.377";"productividad";" 2.239845e-06"
"  12";"   84";"14.29";"  -22.266";"agilizar";" 2.373733e-06"
"  31";"  150";"20.67";"  -22.162";"ambiental";" 2.505566e-06"
"   0";"   34";" 0.00";"  -22.146";"losdocentes";" 2.527050e-06"
"   0";"   34";" 0.00";"  -22.146";"docen";" 2.527050e-06"
"  21";"  116";"18.10";"  -22.130";"excesivo";" 2.547580e-06"
"  14";"   91";"15.38";"  -22.061";"oportuno";" 2.640593e-06"
"  32";"  153";"20.92";"  -22.012";"sistemático";" 2.709585e-06"
"   4";"   52";" 7.69";"  -21.950";"paradigmas";" 2.798633e-06"
"   9";"   72";"12.50";"  -21.888";"tiva";" 2.889823e-06"
"  30";"  146";"20.55";"  -21.844";"tec";" 2.957647e-06"
" 377";" 1151";"32.75";"  -21.835";"posibilidad";" 2.971672e-06"
"   5";"   56";" 8.93";"  -21.834";"tecnolo";" 2.972884e-06"
" 166";"  557";"29.80";"  -21.792";"asociar";" 3.038485e-06"
"  72";"  279";"25.81";"  -21.772";"abarcar";" 3.071069e-06"
"  21";"  115";"18.26";"  -21.617";"entendimiento";" 3.329650e-06"
"   1";"   38";" 2.63";"  -21.559";"referencial";" 3.431081e-06"
"   3";"   47";" 6.38";"  -21.508";"mentación";" 3.522769e-06"
"   0";"   33";" 0.00";"  -21.494";"dela";" 3.549034e-06"
"   0";"   33";" 0.00";"  -21.494";"interdisciplinarias";" 3.549034e-06"
"  73";"  281";"25.98";"  -21.378";"cuestionar";" 3.771574e-06"
"  20";"  111";"18.02";"  -21.345";"transferencia";" 3.836348e-06"
"   9";"   71";"12.68";"  -21.303";"discapacidades";" 3.921604e-06"
"   9";"   71";"12.68";"  -21.303";"enmarcar";" 3.921604e-06"
"   7";"   63";"11.11";"  -21.176";"tutorías";" 4.189777e-06"
"  69";"  268";"25.75";"  -21.095";"ciclo";" 4.370122e-06"
"  29";"  141";"20.57";"  -21.051";"pautar";" 4.472332e-06"
"  53";"  218";"24.31";"  -20.931";"discriminación";" 4.762480e-06"
"   1";"   37";" 2.70";"  -20.910";"honestidad";" 4.812957e-06"
"   1";"   37";" 2.70";"  -20.910";"reflexivas";" 4.812957e-06"
"   3";"   46";" 6.52";"  -20.874";"aprendientes";" 4.904760e-06"
"   0";"   32";" 0.00";"  -20.843";"luación";" 4.986248e-06"
"   0";"   32";" 0.00";"  -20.843";"investigativa";" 4.986248e-06"
"   0";"   32";" 0.00";"  -20.843";"cfs";" 4.986248e-06"
" 335";" 1029";"32.56";"  -20.662";"principal";" 5.479941e-06"
"   5";"   54";" 9.26";"  -20.600";"gómez";" 5.660743e-06"
"  12";"   81";"14.81";"  -20.576";"cias";" 5.731219e-06"
"   2";"   41";" 4.88";"  -20.509";"alineada";" 5.936238e-06"
"  24";"  123";"19.51";"  -20.470";"proveedor";" 6.056394e-06"
"  22";"  116";"18.97";"  -20.378";"irrupción";" 6.357202e-06"
"   0";"   31";" 0.00";"  -20.191";"íos";" 7.008343e-06"
"   0";"   31";" 0.00";"  -20.191";"tecnopedagógico";" 7.008343e-06"
"   0";"   31";" 0.00";"  -20.191";"trazabilidad";" 7.008343e-06"
"   0";"   31";" 0.00";"  -20.191";"deia";" 7.008343e-06"
"   0";"   31";" 0.00";"  -20.191";"redefinición";" 7.008343e-06"
"  36";"  162";"22.22";"  -20.135";"complementario";" 7.217140e-06"
"  63";"  247";"25.51";"  -20.125";"reemplazar";" 7.254527e-06"
"  37";"  165";"22.42";"  -20.030";"cia";" 7.624239e-06"
"  12";"   80";"15.00";"  -20.017";"indispensable";" 7.675506e-06"
"  14";"   87";"16.09";"  -19.868";"vanguardia";" 8.297308e-06"
"  20";"  108";"18.52";"  -19.808";"saberes";" 8.563327e-06"
" 189";"  615";"30.73";"  -19.658";"producción";" 9.263766e-06"
"  13";"   83";"15.66";"  -19.657";"ark";" 9.265138e-06"
"  29";"  138";"21.01";"  -19.637";"protocolo";" 9.362843e-06"
"   3";"   44";" 6.82";"  -19.608";"viabilidad";" 9.507317e-06"
"  17";"   97";"17.53";"  -19.516";"mientas";" 9.973743e-06"
" 406";" 1219";"33.31";"  -19.479";"capítulo";" 1.017083e-05"
"   7";"   60";"11.67";"  -19.383";"revolucionar";" 1.069343e-05"
"   5";"   52";" 9.62";"  -19.371";"intrínseco";" 1.076488e-05"
"   5";"   52";" 9.62";"  -19.371";"exacerbar";" 1.076488e-05"
" 233";"  738";"31.57";"  -19.286";"básico";" 1.125237e-05"
"  77";"  287";"26.83";"  -19.162";"instituto";" 1.200840e-05"
"  37";"  163";"22.70";"  -19.152";"convertirse";" 1.207407e-05"
"   9";"   67";"13.43";"  -18.981";"bullying";" 1.320605e-05"
"   3";"   43";" 6.98";"  -18.976";"empleabilidad";" 1.323608e-05"
"  39";"  169";"23.08";"  -18.972";"auténtico";" 1.326418e-05"
"   1";"   34";" 2.94";"  -18.965";"sistémico";" 1.331098e-05"
" 391";" 1175";"33.28";"  -18.945";"científico";" 1.345378e-05"
"  46";"  191";"24.08";"  -18.889";"ii";" 1.385601e-05"
"   0";"   29";" 0.00";"  -18.888";"interdisciplinariedad";" 1.386363e-05"
"   0";"   29";" 0.00";"  -18.888";"aprendizaj";" 1.386363e-05"
"   4";"   47";" 8.51";"  -18.828";"metodológicas";" 1.430347e-05"
"   4";"   47";" 8.51";"  -18.828";"equilibrado";" 1.430347e-05"
"  14";"   85";"16.47";"  -18.786";"rúbricas";" 1.462233e-05"
"   5";"   51";" 9.80";"  -18.758";"colaborativas";" 1.483694e-05"
" 220";"  699";"31.47";"  -18.717";"abierto";" 1.516621e-05"
"   2";"   38";" 5.26";"  -18.586";"organizacional";" 1.624148e-05"
"   2";"   38";" 5.26";"  -18.586";"alinea";" 1.624148e-05"
"  15";"   88";"17.05";"  -18.488";"progresión";" 1.709499e-05"
"   9";"   66";"13.64";"  -18.405";"empleador";" 1.785525e-05"
"  58";"  227";"25.55";"  -18.372";"acompañar";" 1.816971e-05"
"   3";"   42";" 7.14";"  -18.345";"digitalizado";" 1.842654e-05"
"  49";"  199";"24.62";"  -18.323";"barrera";" 1.864227e-05"
"   1";"   33";" 3.03";"  -18.318";"imple";" 1.869771e-05"
"   1";"   33";" 3.03";"  -18.318";"reimaginar";" 1.869771e-05"
"   1";"   33";" 3.03";"  -18.318";"impactar";" 1.869771e-05"
"  43";"  180";"23.89";"  -18.253";"cación";" 1.934022e-05"
"   0";"   28";" 0.00";"  -18.236";"competenci";" 1.951294e-05"
"   4";"   46";" 8.70";"  -18.208";"idoneidad";" 1.980951e-05"
"   4";"   46";" 8.70";"  -18.208";"alineación";" 1.980951e-05"
"  11";"   73";"15.07";"  -18.162";"implicancias";" 2.029343e-05"
"   6";"   54";"11.11";"  -18.149";"adaptándose";" 2.043153e-05"
" 188";"  606";"31.02";"  -18.092";"global";" 2.104931e-05"
"  19";"  101";"18.81";"  -18.006";"aceptación";" 2.201869e-05"
"  19";"  101";"18.81";"  -18.006";"anticipar";" 2.201869e-05"
"  41";"  173";"23.70";"  -17.972";"contribución";" 2.241875e-05"
"  17";"   94";"18.09";"  -17.959";"establecimiento";" 2.257562e-05"
"   2";"   37";" 5.41";"  -17.946";"metodológicos";" 2.272351e-05"
"   2";"   37";" 5.41";"  -17.946";"participativa";" 2.272351e-05"
"   2";"   37";" 5.41";"  -17.946";"multidisciplinario";" 2.272351e-05"
"   9";"   65";"13.85";"  -17.833";"orgánico";" 2.412098e-05"
"   9";"   65";"13.85";"  -17.833";"conoci";" 2.412098e-05"
"  12";"   76";"15.79";"  -17.806";"tación";" 2.445912e-05"
"  29";"  134";"21.64";"  -17.790";"concepción";" 2.466407e-05"
"  18";"   97";"18.56";"  -17.723";"socio";" 2.555490e-05"
"   1";"   32";" 3.12";"  -17.670";"adap";" 2.627470e-05"
"   0";"   27";" 0.00";"  -17.585";"tunidades";" 2.747878e-05"
"   0";"   27";" 0.00";"  -17.585";"gías";" 2.747878e-05"
"   6";"   53";"11.32";"  -17.550";"ende";" 2.799122e-05"
" 554";" 1611";"34.39";"  -17.544";"presentar";" 2.807667e-05"
" 192";"  615";"31.22";"  -17.515";"escenario";" 2.850335e-05"
"  66";"  249";"26.51";"  -17.479";"examinar";" 2.904247e-05"
"  67";"  252";"26.59";"  -17.469";"conceptual";" 2.920257e-05"
"  84";"  303";"27.72";"  -17.467";"profundizar";" 2.923031e-05"
"  25";"  120";"20.83";"  -17.409";"iii";" 3.013745e-05"
"  45";"  184";"24.46";"  -17.322";"poderoso";" 3.155400e-05"
"   2";"   36";" 5.56";"  -17.307";"peñalvo";" 3.179811e-05"
"   2";"   36";" 5.56";"  -17.307";"personaliza";" 3.179811e-05"
"   9";"   64";"14.06";"  -17.262";"madurez";" 3.255690e-05"
"   9";"   64";"14.06";"  -17.262";"ración";" 3.255690e-05"
"   9";"   64";"14.06";"  -17.262";"destrezas";" 3.255690e-05"
"  30";"  136";"22.06";"  -17.220";"productivo";" 3.329670e-05"
"  31";"  139";"22.30";"  -17.111";"academia";" 3.526327e-05"
"   3";"   40";" 7.50";"  -17.087";"socavar";" 3.570657e-05"
"  51";"  202";"25.25";"  -17.065";"cualitativo";" 3.612643e-05"
"   1";"   31";" 3.23";"  -17.023";"profuturo";" 3.693762e-05"
"   1";"   31";" 3.23";"  -17.023";"proactivo";" 3.693762e-05"
"   1";"   31";" 3.23";"  -17.023";"fundamentación";" 3.693762e-05"
"   1";"   31";" 3.23";"  -17.023";"enfatizan";" 3.693762e-05"
"   7";"   56";"12.50";"  -17.021";"exigencia";" 3.697697e-05"
"  37";"  158";"23.42";"  -17.003";"feedback";" 3.731627e-05"
"   4";"   44";" 9.09";"  -16.970";"utilizarlas";" 3.796732e-05"
"  22";"  109";"20.18";"  -16.935";"postura";" 3.867985e-05"
"  17";"   92";"18.48";"  -16.935";"gubernamental";" 3.868921e-05"
"   0";"   26";" 0.00";"  -16.933";"andreoli";" 3.871842e-05"
"   0";"   26";" 0.00";"  -16.933";"contextualizado";" 3.871842e-05"
"   0";"   26";" 0.00";"  -16.933";"tencias";" 3.871842e-05"
"   0";"   26";" 0.00";"  -16.933";"cativas";" 3.871842e-05"
"   5";"   48";"10.42";"  -16.932";"estricto";" 3.875169e-05"
"  71";"  262";"27.10";"  -16.746";"tes";" 4.273942e-05"
"   2";"   35";" 5.71";"  -16.669";"exploratorio";" 4.450469e-05"
"   2";"   35";" 5.71";"  -16.669";"egresar";" 4.450469e-05"
"   2";"   35";" 5.71";"  -16.669";"datificación";" 4.450469e-05"
" 102";"  353";"28.90";"  -16.490";"identificación";" 4.891029e-05"
"  33";"  144";"22.92";"  -16.478";"definitivo";" 4.920907e-05"
"   3";"   39";" 7.69";"  -16.460";"regulador";" 4.970029e-05"
"  62";"  234";"26.50";"  -16.449";"plagiar";" 4.996798e-05"
"  39";"  163";"23.93";"  -16.446";"carga";" 5.006029e-05"
"   7";"   55";"12.73";"  -16.435";"resiliencia";" 5.033448e-05"
"   1";"   30";" 3.33";"  -16.376";"titulaciones";" 5.195091e-05"
"   1";"   30";" 3.33";"  -16.376";"xr";" 5.195091e-05"
"   1";"   30";" 3.33";"  -16.376";"metacognitivas";" 5.195091e-05"
"   1";"   30";" 3.33";"  -16.376";"codiseño";" 5.195091e-05"
"   6";"   51";"11.76";"  -16.358";"auditoría";" 5.244220e-05"
"   4";"   43";" 9.30";"  -16.354";"iberoamericano";" 5.254065e-05"
"   4";"   43";" 9.30";"  -16.354";"prosperar";" 5.254065e-05"
"   0";"   25";" 0.00";"  -16.282";"daam";" 5.458851e-05"
"  72";"  263";"27.38";"  -16.063";"expectativa";" 6.127892e-05"
"  22";"  107";"20.56";"  -15.979";"obligatorio";" 6.406042e-05"
"  40";"  165";"24.24";"  -15.976";"planificar";" 6.413906e-05"
"  11";"   69";"15.94";"  -15.957";"obligación";" 6.480995e-05"
" 172";"  552";"31.16";"  -15.938";"conclusión";" 6.545058e-05"
"  13";"   76";"17.11";"  -15.879";"martínez";" 6.751018e-05"
"  15";"   83";"18.07";"  -15.874";"tudiantes";" 6.771037e-05"
"   7";"   54";"12.96";"  -15.853";"holmes";" 6.846326e-05"
"   7";"   54";"12.96";"  -15.853";"sustituto";" 6.846326e-05"
" 129";"  429";"30.07";"  -15.837";"participante";" 6.903019e-05"
"  20";"  100";"20.00";"  -15.832";"automatizadas";" 6.920506e-05"
"   4";"   42";" 9.52";"  -15.740";"universalidad";" 7.268502e-05"
"   1";"   29";" 3.45";"  -15.729";"replanteamiento";" 7.310089e-05"
"   1";"   29";" 3.45";"  -15.729";"experien";" 7.310089e-05"
"   1";"   29";" 3.45";"  -15.729";"dotación";" 7.310089e-05"
"  21";"  103";"20.39";"  -15.663";"informal";" 7.569898e-05"
"   0";"   24";" 0.00";"  -15.630";"cualitativas";" 7.701379e-05"
"   0";"   24";" 0.00";"  -15.630";"multifacético";" 7.701379e-05"
"   0";"   24";" 0.00";"  -15.630";"curriculareg";" 7.701379e-05"
"   0";"   24";" 0.00";"  -15.630";"alumn";" 7.701379e-05"
"  19";"   96";"19.79";"  -15.526";"imprescindible";" 8.137985e-05"
"  59";"  222";"26.58";"  -15.409";"liderazgo";" 8.658425e-05"
"   8";"   57";"14.04";"  -15.406";"prioritario";" 8.670863e-05"
"   2";"   33";" 6.06";"  -15.395";"miao";" 8.722882e-05"
"   2";"   33";" 6.06";"  -15.395";"pedagógicamente";" 8.722882e-05"
"   3";"   37";" 8.11";"  -15.209";"interpersonales";" 9.626569e-05"
"   3";"   37";" 8.11";"  -15.209";"enriquecedora";" 9.626569e-05"
" 268";"  817";"32.80";"  -15.203";"espacio";" 9.655406e-05"
"   4";"   41";" 9.76";"  -15.127";"respetuoso";" 1.005186e-04"
"   1";"   28";" 3.57";"  -15.082";"boletín oficial del estado";" 1.029132e-04"
"   1";"   28";" 3.57";"  -15.082";"instruccional";" 1.029132e-04"
"  92";"  319";"28.84";"  -15.051";"conciencia";" 1.046572e-04"
"  66";"  242";"27.27";"  -15.031";"procedimiento";" 1.057490e-04"
"   9";"   60";"15.00";"  -15.009";"perseguir";" 1.070166e-04"
"   0";"   23";" 0.00";"  -14.979";"tep";" 1.087281e-04"
"   0";"   23";" 0.00";"  -14.979";"iaf";" 1.087281e-04"
"   0";"   23";" 0.00";"  -14.979";"autorregulado";" 1.087281e-04"
"   0";"   23";" 0.00";"  -14.979";"multidisciplinar";" 1.087281e-04"
"   0";"   23";" 0.00";"  -14.979";"transferibles";" 1.087281e-04"
"   0";"   23";" 0.00";"  -14.979";"robustos";" 1.087281e-04"
"   0";"   23";" 0.00";"  -14.979";"retroali";" 1.087281e-04"
"  31";"  134";"23.13";"  -14.930";"consolidar";" 1.115470e-04"
"  17";"   88";"19.32";"  -14.925";"rigor";" 1.118720e-04"
"  17";"   88";"19.32";"  -14.925";"prevenir";" 1.118720e-04"
"  23";"  108";"21.30";"  -14.895";"horizonte";" 1.136351e-04"
"  27";"  121";"22.31";"  -14.871";"afrontar";" 1.151435e-04"
"  15";"   81";"18.52";"  -14.850";"manifiesto";" 1.163843e-04"
" 427";" 1250";"34.16";"  -14.800";"ciencia";" 1.195303e-04"
"  76";"  271";"28.04";"  -14.770";"acelerar";" 1.214556e-04"
"   2";"   32";" 6.25";"  -14.759";"lam";" 1.221559e-04"
"   2";"   32";" 6.25";"  -14.759";"enfatizando";" 1.221559e-04"
"  56";"  211";"26.54";"  -14.726";"soporte";" 1.243268e-04"
"   6";"   48";"12.50";"  -14.587";"amplificar";" 1.338007e-04"
"   3";"   36";" 8.33";"  -14.585";"interamericano";" 1.339554e-04"
"   3";"   36";" 8.33";"  -14.585";"decreto";" 1.339554e-04"
"   3";"   36";" 8.33";"  -14.585";"evaluadas";" 1.339554e-04"
"   4";"   40";"10.00";"  -14.516";"cono";" 1.389591e-04"
"  78";"  276";"28.26";"  -14.477";"justo";" 1.419037e-04"
"   9";"   59";"15.25";"  -14.453";"cuestionamiento";" 1.437153e-04"
"   1";"   27";" 3.70";"  -14.437";"pedagogías";" 1.449618e-04"
"   1";"   27";" 3.70";"  -14.437";"sensibilización";" 1.449618e-04"
"   1";"   27";" 3.70";"  -14.437";"disciplinares";" 1.449618e-04"
"   1";"   27";" 3.70";"  -14.437";"transmisor";" 1.449618e-04"
"  51";"  195";"26.15";"  -14.434";"motivar";" 1.451429e-04"
"  17";"   87";"19.54";"  -14.431";"cultivar";" 1.453740e-04"
"   0";"   22";" 0.00";"  -14.327";"prometedoras";" 1.536196e-04"
"   0";"   22";" 0.00";"  -14.327";"integrarlas";" 1.536196e-04"
"  13";"   73";"17.81";"  -14.307";"uruguay";" 1.553140e-04"
"  13";"   73";"17.81";"  -14.307";"intersección";" 1.553140e-04"
" 107";"  360";"29.72";"  -14.282";"ampliar";" 1.573616e-04"
"  45";"  176";"25.57";"  -14.199";"departamento";" 1.644871e-04"
"   2";"   31";" 6.45";"  -14.124";"dua";" 1.711027e-04"
"   7";"   51";"13.73";"  -14.121";"violación";" 1.713868e-04"
"  62";"  227";"27.31";"  -14.004";"apropiado";" 1.824298e-04"
"  59";"  218";"27.06";"  -14.004";"hallazgo";" 1.823964e-04"
"   6";"   47";"12.77";"  -14.003";"quehacer";" 1.825509e-04"
" 166";"  527";"31.50";"  -13.988";"dificultad";" 1.840098e-04"
"   3";"   35";" 8.57";"  -13.964";"zación";" 1.863778e-04"
"   3";"   35";" 8.57";"  -13.964";"profundización";" 1.863778e-04"
"   5";"   43";"11.63";"  -13.927";"policial";" 1.900481e-04"
"   5";"   43";"11.63";"  -13.927";"duradero";" 1.900481e-04"
"   4";"   39";"10.26";"  -13.908";"prototipado";" 1.920224e-04"
"   4";"   39";"10.26";"  -13.908";"cativo";" 1.920224e-04"
"   4";"   39";"10.26";"  -13.908";"individualizada";" 1.920224e-04"
"  24";"  109";"22.02";"  -13.860";"precedente";" 1.969077e-04"
"  11";"   65";"16.92";"  -13.802";"adaptable";" 2.031707e-04"
"   1";"   26";" 3.85";"  -13.791";"psicopedagogía";" 2.043085e-04"
"   1";"   26";" 3.85";"  -13.791";"inmersivos";" 2.043085e-04"
"   1";"   26";" 3.85";"  -13.791";"asimilación";" 2.043085e-04"
"   0";"   21";" 0.00";"  -13.676";"profesionalización";" 2.172258e-04"
"   0";"   21";" 0.00";"  -13.676";"pedagó";" 2.172258e-04"
"   0";"   21";" 0.00";"  -13.676";"multidisciplinarios";" 2.172258e-04"
"   0";"   21";" 0.00";"  -13.676";"mira";" 2.172258e-04"
"  64";"  232";"27.59";"  -13.675";"education";" 2.173531e-04"
"  31";"  131";"23.66";"  -13.662";"adecuadamente";" 2.188240e-04"
"  10";"   61";"16.39";"  -13.568";"garantía";" 2.300550e-04"
" 584";" 1665";"35.08";"  -13.542";"identificar";" 2.332654e-04"
"  42";"  165";"25.45";"  -13.528";"utilizarse";" 2.349896e-04"
"1327";" 3633";"36.53";"  -13.513";"nuevo";" 2.368786e-04"
"   2";"   30";" 6.67";"  -13.491";"european";" 2.397117e-04"
"   2";"   30";" 6.67";"  -13.491";"mitigación";" 2.397117e-04"
"   2";"   30";" 6.67";"  -13.491";"centrándose";" 2.397117e-04"
"  20";"   95";"21.05";"  -13.455";"interrogante";" 2.444111e-04"
"   3";"   34";" 8.82";"  -13.344";"experiencial";" 2.592770e-04"
"   3";"   34";" 8.82";"  -13.344";"inmersivas";" 2.592770e-04"
"   3";"   34";" 8.82";"  -13.344";"enfocándose";" 2.592770e-04"
"   3";"   34";" 8.82";"  -13.344";"acadé";" 2.592770e-04"
"  52";"  195";"26.67";"  -13.341";"logro";" 2.596912e-04"
"   5";"   42";"11.90";"  -13.333";"cl";" 2.607215e-04"
"   4";"   38";"10.53";"  -13.301";"secretar";" 2.652311e-04"
"   4";"   38";"10.53";"  -13.301";"evalua";" 2.652311e-04"
"   4";"   38";"10.53";"  -13.301";"indirecto";" 2.652311e-04"
"   4";"   38";"10.53";"  -13.301";"socioeconómicos";" 2.652311e-04"
"   4";"   38";"10.53";"  -13.301";"revolucionando";" 2.652311e-04"
"  11";"   64";"17.19";"  -13.272";"ágil";" 2.694540e-04"
"  40";"  158";"25.32";"  -13.210";"contemporáneo";" 2.784058e-04"
"  41";"  161";"25.47";"  -13.178";"amenaza";" 2.832054e-04"
"   1";"   25";" 4.00";"  -13.146";"nera";" 2.881297e-04"
"   1";"   25";" 4.00";"  -13.146";"prometedora";" 2.881297e-04"
"   1";"   25";" 4.00";"  -13.146";"prometedor";" 2.881297e-04"
"   1";"   25";" 4.00";"  -13.146";"interoperabilidad";" 2.881297e-04"
"   1";"   25";" 4.00";"  -13.146";"individualizar";" 2.881297e-04"
"   1";"   25";" 4.00";"  -13.146";"competenciales";" 2.881297e-04"
" 891";" 2479";"35.94";"  -13.086";"parte";" 2.974458e-04"
"  14";"   74";"18.92";"  -13.051";"respectar";" 3.030802e-04"
"   0";"   20";" 0.00";"  -13.024";"perillo";" 3.074457e-04"
"   0";"   20";" 0.00";"  -13.024";"lol";" 3.074457e-04"
"   0";"   20";" 0.00";"  -13.024";"laeducación";" 3.074457e-04"
"   0";"   20";" 0.00";"  -13.024";"velar";" 3.074457e-04"
"   0";"   20";" 0.00";"  -13.024";"sugeridog";" 3.074457e-04"
"   0";"   20";" 0.00";"  -13.024";"potenciados";" 3.074457e-04"
"   0";"   20";" 0.00";"  -13.024";"organizativo";" 3.074457e-04"
"   0";"   20";" 0.00";"  -13.024";"formuladores";" 3.074457e-04"
"   0";"   20";" 0.00";"  -13.024";"diseñarse";" 3.074457e-04"
"   0";"   20";" 0.00";"  -13.024";"3aspectos";" 3.074457e-04"
"  12";"   67";"17.91";"  -13.006";"eu";" 3.105185e-04"
"  12";"   67";"17.91";"  -13.006";"recopilados";" 3.105185e-04"
"  77";"  268";"28.73";"  -12.897";"computacional";" 3.291759e-04"
"  21";"   97";"21.65";"  -12.860";"liberar";" 3.356043e-04"
"   2";"   29";" 6.90";"  -12.859";"farmacología";" 3.359028e-04"
"   2";"   29";" 6.90";"  -12.859";"mentores";" 3.359028e-04"
"   2";"   29";" 6.90";"  -12.859";"losestudiantes";" 3.359028e-04"
"   2";"   29";" 6.90";"  -12.859";"cativa";" 3.359028e-04"
" 160";"  505";"31.68";"  -12.785";"reflejar";" 3.494096e-04"
"  94";"  317";"29.65";"  -12.749";"dominio";" 3.562801e-04"
"   5";"   41";"12.20";"  -12.743";"reforma";" 3.574162e-04"
"   3";"   33";" 9.09";"  -12.726";"transformadoras";" 3.606279e-04"
"   3";"   33";" 9.09";"  -12.726";"acreditar";" 3.606279e-04"
"   3";"   33";" 9.09";"  -12.726";"nologías";" 3.606279e-04"
"  51";"  190";"26.84";"  -12.643";"foro";" 3.769631e-04"
"  90";"  305";"29.51";"  -12.630";"industriar";" 3.796377e-04"
"  73";"  255";"28.63";"  -12.508";"nación";" 4.051591e-04"
"   1";"   24";" 4.17";"  -12.502";"giannini";" 4.066104e-04"
"   1";"   24";" 4.17";"  -12.502";"vestigación";" 4.066104e-04"
"   1";"   24";" 4.17";"  -12.502";"desenvolver";" 4.066104e-04"
"   1";"   24";" 4.17";"  -12.502";"prioriza";" 4.066104e-04"
"   1";"   24";" 4.17";"  -12.502";"potencie";" 4.066104e-04"
"   1";"   24";" 4.17";"  -12.502";"concienciación";" 4.066104e-04"
"  10";"   59";"16.95";"  -12.498";"equipar";" 4.074935e-04"
"  39";"  153";"25.49";"  -12.479";"ex";" 4.116623e-04"
"   7";"   48";"14.58";"  -12.418";"permitiéndoles";" 4.252250e-04"
"   0";"   19";" 0.00";"  -12.373";"rmf";" 4.355671e-04"
"   0";"   19";" 0.00";"  -12.373";"cti";" 4.355671e-04"
"   0";"   19";" 0.00";"  -12.373";"señanza";" 4.355671e-04"
"   0";"   19";" 0.00";"  -12.373";"liberadora";" 4.355671e-04"
"   0";"   19";" 0.00";"  -12.373";"intersectorial";" 4.355671e-04"
"   0";"   19";" 0.00";"  -12.373";"implementen";" 4.355671e-04"
" 155";"  489";"31.70";"  -12.332";"surgir";" 4.452616e-04"
"   6";"   44";"13.64";"  -12.267";"boletín";" 4.611402e-04"
"   6";"   44";"13.64";"  -12.267";"desafiante";" 4.611402e-04"
"  13";"   69";"18.84";"  -12.262";"rutinarias";" 4.623472e-04"
"   2";"   28";" 7.14";"  -12.228";"2019a";" 4.707950e-04"
"   2";"   28";" 7.14";"  -12.228";"sistémica";" 4.707950e-04"
"  11";"   62";"17.74";"  -12.224";"ade";" 4.718769e-04"
"  95";"  318";"29.87";"  -12.217";"formular";" 4.735807e-04"
"  73";"  254";"28.74";"  -12.200";"des";" 4.777769e-04"
" 172";"  536";"32.09";"  -12.189";"falta";" 4.807083e-04"
"   5";"   40";"12.50";"  -12.155";"mexicano";" 4.895881e-04"
"   5";"   40";"12.50";"  -12.155";"dialógica";" 4.895881e-04"
"   3";"   32";" 9.38";"  -12.110";"pacto";" 5.014975e-04"
"   8";"   51";"15.69";"  -12.049";"bién";" 5.181159e-04"
" 235";"  710";"33.10";"  -12.042";"enseñar";" 5.201508e-04"
"  12";"   65";"18.46";"  -11.979";"representante";" 5.379208e-04"
"  12";"   65";"18.46";"  -11.979";"adecuación";" 5.379208e-04"
"  10";"   58";"17.24";"  -11.968";"espe";" 5.411507e-04"
" 162";"  507";"31.95";"  -11.959";"concreto";" 5.439237e-04"
"  55";"  200";"27.50";"  -11.956";"mero";" 5.448342e-04"
"  50";"  185";"27.03";"  -11.951";"temprano";" 5.463078e-04"
"   1";"   23";" 4.35";"  -11.858";"qua";" 5.742230e-04"
"   1";"   23";" 4.35";"  -11.858";"symbolab";" 5.742230e-04"
"   1";"   23";" 4.35";"  -11.858";"escalabilidad";" 5.742230e-04"
"   1";"   23";" 4.35";"  -11.858";"colabo";" 5.742230e-04"
"   1";"   23";" 4.35";"  -11.858";"asig";" 5.742230e-04"
"   7";"   47";"14.89";"  -11.857";"implantación";" 5.743495e-04"
"  22";"   98";"22.45";"  -11.851";"posibilitar";" 5.762623e-04"
" 457";" 1312";"34.83";"  -11.835";"técnica";" 5.812278e-04"
" 204";"  623";"32.74";"  -11.766";"allá";" 6.032698e-04"
"  23";"  101";"22.77";"  -11.754";"superficial";" 6.071854e-04"
"   9";"   54";"16.67";"  -11.727";"financiamiento";" 6.160497e-04"
"   0";"   18";" 0.00";"  -11.722";"decolonial";" 6.177510e-04"
"   0";"   18";" 0.00";"  -11.722";"lal";" 6.177510e-04"
"   0";"   18";" 0.00";"  -11.722";"reflexivos";" 6.177510e-04"
"   0";"   18";" 0.00";"  -11.722";"proactivas";" 6.177510e-04"
"   0";"   18";" 0.00";"  -11.722";"multidisciplinaria";" 6.177510e-04"
"   0";"   18";" 0.00";"  -11.722";"esen";" 6.177510e-04"
"  11";"   61";"18.03";"  -11.706";"confiabilidad";" 6.230023e-04"
"  16";"   78";"20.51";"  -11.703";"infor";" 6.241213e-04"
"   6";"   43";"13.95";"  -11.695";"aspirar";" 6.267800e-04"
"  30";"  123";"24.39";"  -11.672";"finalidad";" 6.343766e-04"
"  24";"  104";"23.08";"  -11.665";"tensión";" 6.369253e-04"
" 155";"  486";"31.89";"  -11.644";"cabo";" 6.442261e-04"
"  55";"  199";"27.64";"  -11.622";"particularmente";" 6.518600e-04"
"  20";"   91";"21.98";"  -11.622";"contextual";" 6.516550e-04"
"  49";"  181";"27.07";"  -11.607";"fundamento";" 6.569507e-04"
"   2";"   27";" 7.41";"  -11.599";"multidimensional";" 6.600021e-04"
"   2";"   27";" 7.41";"  -11.599";"superación";" 6.600021e-04"
"   2";"   27";" 7.41";"  -11.599";"soberanía";" 6.600021e-04"
"   2";"   27";" 7.41";"  -11.599";"mentar";" 6.600021e-04"
"   2";"   27";" 7.41";"  -11.599";"humanista";" 6.600021e-04"
" 114";"  370";"30.81";"  -11.574";"investigar";" 6.689538e-04"
"   5";"   39";"12.82";"  -11.570";"centes";" 6.700682e-04"
"   5";"   39";"12.82";"  -11.570";"sectorial";" 6.700682e-04"
"  17";"   81";"20.99";"  -11.551";"alentar";" 6.771861e-04"
"  21";"   94";"22.34";"  -11.513";"defender";" 6.912719e-04"
"   8";"   50";"16.00";"  -11.503";"universitat";" 6.949093e-04"
"   8";"   50";"16.00";"  -11.503";"instrumental";" 6.949093e-04"
"   4";"   35";"11.43";"  -11.498";"impac";" 6.967833e-04"
"   4";"   35";"11.43";"  -11.498";"expe";" 6.967833e-04"
"   4";"   35";"11.43";"  -11.498";"cívico";" 6.967833e-04"
"   3";"   31";" 9.68";"  -11.497";"implemen";" 6.972338e-04"
"   3";"   31";" 9.68";"  -11.497";"implementan";" 6.972338e-04"
"  12";"   64";"18.75";"  -11.473";"estatal";" 7.062677e-04"
"  10";"   57";"17.54";"  -11.443";"indebido";" 7.175332e-04"
"  10";"   57";"17.54";"  -11.443";"tam";" 7.175332e-04"
"  15";"   74";"20.27";"  -11.388";"estrecho";" 7.390569e-04"
"  15";"   74";"20.27";"  -11.388";"aislar";" 7.390569e-04"
" 100";"  329";"30.40";"  -11.301";"especializado";" 7.746371e-04"
"  13";"   67";"19.40";"  -11.265";"fundamentalmente";" 7.900334e-04"
"  24";"  103";"23.30";"  -11.238";"validez";" 8.013179e-04"
"  16";"   77";"20.78";"  -11.229";"sión";" 8.051218e-04"
"   1";"   22";" 4.55";"  -11.215";"sional";" 8.115582e-04"
"   1";"   22";" 4.55";"  -11.215";"reconfiguración";" 8.115582e-04"
"   9";"   53";"16.98";"  -11.194";"trascender";" 8.207308e-04"
"  11";"   60";"18.33";"  -11.193";"convergencia";" 8.211712e-04"
"  25";"  106";"23.58";"  -11.162";"ly";" 8.347167e-04"
"   6";"   42";"14.29";"  -11.127";"logía";" 8.509643e-04"
"   6";"   42";"14.29";"  -11.127";"exento";" 8.509643e-04"
"  21";"   93";"22.58";"  -11.072";"referente";" 8.763975e-04"
"   0";"   17";" 0.00";"  -11.070";"adell";" 8.771887e-04"
"   0";"   17";" 0.00";"  -11.070";"cherbavaz";" 8.771887e-04"
"   0";"   17";" 0.00";"  -11.070";"perspec";" 8.771887e-04"
"   0";"   17";" 0.00";"  -11.070";"cadores";" 8.771887e-04"
"   0";"   17";" 0.00";"  -11.070";"portancia";" 8.771887e-04"
"   0";"   17";" 0.00";"  -11.070";"plementación";" 8.771887e-04"
"   0";"   17";" 0.00";"  -11.070";"globalizar";" 8.771887e-04"
"   0";"   17";" 0.00";"  -11.070";"empodera";" 8.771887e-04"
"  27";"  112";"24.11";"  -11.031";"asignación";" 8.961954e-04"
"   5";"   38";"13.16";"  -10.990";"desafiantes";" 9.162380e-04"
"   2";"   26";" 7.69";"  -10.971";"area";" 9.254543e-04"
"   2";"   26";" 7.69";"  -10.971";"tecnoló";" 9.254543e-04"
"   2";"   26";" 7.69";"  -10.971";"socioeconómicas";" 9.254543e-04"
"   2";"   26";" 7.69";"  -10.971";"fo";" 9.254543e-04"
"   2";"   26";" 7.69";"  -10.971";"consonancia";" 9.254543e-04"
"  98";"  322";"30.43";"  -10.963";"directo";" 9.296357e-04"
"   8";"   49";"16.33";"  -10.961";"metodológica";" 9.306842e-04"
"  70";"  241";"29.05";"  -10.922";"formal";" 9.502540e-04"
"   4";"   34";"11.76";"  -10.903";"tancia";" 9.602803e-04"
"   3";"   30";"10.00";"  -10.886";"c2";" 9.691091e-04"
"   3";"   30";"10.00";"  -10.886";"2019b";" 9.691091e-04"
"   3";"   30";"10.00";"  -10.886";"interdisciplinar";" 9.691091e-04"
"   3";"   30";"10.00";"  -10.886";"alineado";" 9.691091e-04"
"  30";"  121";"24.79";"  -10.875";"tutor";" 9.747265e-04"
"  31";"  124";"25.00";"  -10.833";"configuración";" 9.972454e-04"
"  13";"   66";"19.70";"  -10.773";"incidir";" 1.029980e-03"
"  13";"   66";"19.70";"  -10.773";"positivamente";" 1.029980e-03"
"  13";"   66";"19.70";"  -10.773";"pasivo";" 1.029980e-03"
"   7";"   45";"15.56";"  -10.748";"grupales";" 1.043785e-03"
"  11";"   59";"18.64";"  -10.684";"currículum";" 1.080504e-03"
"  11";"   59";"18.64";"  -10.684";"itinerario";" 1.080504e-03"
"  14";"   69";"20.29";"  -10.596";"repetitivas";" 1.133043e-03"
"  14";"   69";"20.29";"  -10.596";"algorítmicos";" 1.133043e-03"
"   1";"   21";" 4.76";"  -10.572";"mishra";" 1.147954e-03"
"   1";"   21";" 4.76";"  -10.572";"uned";" 1.147954e-03"
"   1";"   21";" 4.76";"  -10.572";"potencian";" 1.147954e-03"
"   1";"   21";" 4.76";"  -10.572";"perfeccionamiento";" 1.147954e-03"
"   1";"   21";" 4.76";"  -10.572";"estrate";" 1.147954e-03"
"   1";"   21";" 4.76";"  -10.572";"complementen";" 1.147954e-03"
"   6";"   41";"14.63";"  -10.563";"marginar";" 1.153947e-03"
" 187";"  570";"32.81";"  -10.558";"introducción";" 1.156972e-03"
"  18";"   82";"21.95";"  -10.504";"urgente";" 1.191324e-03"
"  15";"   72";"20.83";"  -10.439";"utilizarla";" 1.234045e-03"
"   8";"   48";"16.67";"  -10.423";"generalizado";" 1.244548e-03"
"   0";"   16";" 0.00";"  -10.419";"anuies";" 1.247243e-03"
"   0";"   16";" 0.00";"  -10.419";"koehler";" 1.247243e-03"
"   0";"   16";" 0.00";"  -10.419";"contri";" 1.247243e-03"
"   0";"   16";" 0.00";"  -10.419";"yel";" 1.247243e-03"
"   0";"   16";" 0.00";"  -10.419";"ubicuo";" 1.247243e-03"
"   0";"   16";" 0.00";"  -10.419";"proporcionalidad";" 1.247243e-03"
"   0";"   16";" 0.00";"  -10.419";"preparándolos";" 1.247243e-03"
"   0";"   16";" 0.00";"  -10.419";"percibidas";" 1.247243e-03"
"   0";"   16";" 0.00";"  -10.419";"mentoría";" 1.247243e-03"
"   0";"   16";" 0.00";"  -10.419";"enriquecidas";" 1.247243e-03"
"   0";"   16";" 0.00";"  -10.419";"dinamismo";" 1.247243e-03"
" 184";"  561";"32.80";"  -10.416";"evitar";" 1.249050e-03"
"  24";"  101";"23.76";"  -10.398";"continuamente";" 1.261323e-03"
"   2";"   25";" 8.00";"  -10.345";"impartición";" 1.297959e-03"
"   2";"   25";" 8.00";"  -10.345";"habilida";" 1.297959e-03"
"  70";"  239";"29.29";"  -10.330";"atractivo";" 1.308748e-03"
"   4";"   33";"12.12";"  -10.311";"oei";" 1.322487e-03"
"   4";"   33";"12.12";"  -10.311";"marc";" 1.322487e-03"
"   4";"   33";"12.12";"  -10.311";"disciplinar";" 1.322487e-03"
"   4";"   33";"12.12";"  -10.311";"contextualizada";" 1.322487e-03"
"   4";"   33";"12.12";"  -10.311";"ceso";" 1.322487e-03"
"   4";"   33";"12.12";"  -10.311";"abrazar";" 1.322487e-03"
"  36";"  138";"26.09";"  -10.310";"instantáneo";" 1.323013e-03"
"   3";"   29";"10.34";"  -10.278";"blockchain";" 1.346584e-03"
"   3";"   29";"10.34";"  -10.278";"replantear";" 1.346584e-03"
"   3";"   29";"10.34";"  -10.278";"recaer";" 1.346584e-03"
" 118";"  376";"31.38";"  -10.253";"abrir";" 1.364746e-03"
"  21";"   91";"23.08";"  -10.205";"discapacidad";" 1.400658e-03"
"   7";"   44";"15.91";"  -10.200";"elearning";" 1.404148e-03"
"  11";"   58";"18.97";"  -10.181";"mantenimiento";" 1.419158e-03"
"  11";"   58";"18.97";"  -10.181";"estrechamente";" 1.419158e-03"
"  17";"   78";"21.79";"  -10.170";"financiar";" 1.427179e-03"
"   9";"   51";"17.65";"  -10.142";"ampliación";" 1.449625e-03"
"  62";"  215";"28.84";"  -10.135";"navegar";" 1.454684e-03"
"  14";"   68";"20.59";"  -10.120";"cimiento";" 1.466899e-03"
"  30";"  119";"25.21";"  -10.095";"exhaustivo";" 1.486936e-03"
"  18";"   81";"22.22";"  -10.056";"financiación";" 1.518266e-03"
"   6";"   40";"15.00";"  -10.003";"parlamento";" 1.562785e-03"
"  35";"  134";"26.12";"   -9.962";"eje";" 1.597930e-03"
"   1";"   20";" 5.00";"   -9.931";"zawacki";" 1.625274e-03"
"   1";"   20";" 5.00";"   -9.931";"ren";" 1.625274e-03"
"   1";"   20";" 5.00";"   -9.931";"privar";" 1.625274e-03"
"   1";"   20";" 5.00";"   -9.931";"vación";" 1.625274e-03"
"   1";"   20";" 5.00";"   -9.931";"lograrse";" 1.625274e-03"
"   1";"   20";" 5.00";"   -9.931";"comuni";" 1.625274e-03"
"   1";"   20";" 5.00";"   -9.931";"cocreadores";" 1.625274e-03"
" 884";" 2431";"36.36";"   -9.913";"problema";" 1.641465e-03"
"  10";"   54";"18.52";"   -9.897";"progresivo";" 1.655823e-03"
"  20";"   87";"22.99";"   -9.862";"minimizar";" 1.687648e-03"
"   5";"   36";"13.89";"   -9.840";"protagonismo";" 1.707857e-03"
"   5";"   36";"13.89";"   -9.840";"guían";" 1.707857e-03"
"   0";"   15";" 0.00";"   -9.768";"aubert";" 1.776050e-03"
"   0";"   15";" 0.00";"   -9.768";"durall";" 1.776050e-03"
"   0";"   15";" 0.00";"   -9.768";"generalitat";" 1.776050e-03"
"   0";"   15";" 0.00";"   -9.768";"socrative";" 1.776050e-03"
"   0";"   15";" 0.00";"   -9.768";"editoras";" 1.776050e-03"
"   0";"   15";" 0.00";"   -9.768";"2022a";" 1.776050e-03"
"   0";"   15";" 0.00";"   -9.768";"responsa";" 1.776050e-03"
"   0";"   15";" 0.00";"   -9.768";"participativos";" 1.776050e-03"
"   0";"   15";" 0.00";"   -9.768";"imperativa";" 1.776050e-03"
"   0";"   15";" 0.00";"   -9.768";"iapara";" 1.776050e-03"
"   0";"   15";" 0.00";"   -9.768";"herramientasdeia";" 1.776050e-03"
"   0";"   15";" 0.00";"   -9.768";"fomen";" 1.776050e-03"
"   0";"   15";" 0.00";"   -9.768";"enriquezca";" 1.776050e-03"
"   0";"   15";" 0.00";"   -9.768";"eluso";" 1.776050e-03"
"   4";"   32";"12.50";"   -9.723";"educacional";" 1.819890e-03"
"   4";"   32";"12.50";"   -9.723";"implementadas";" 1.819890e-03"
"   4";"   32";"12.50";"   -9.723";"exploren";" 1.819890e-03"
"   2";"   24";" 8.33";"   -9.722";"tutorización";" 1.820804e-03"
"   2";"   24";" 8.33";"   -9.722";"conformidad";" 1.820804e-03"
"   2";"   24";" 8.33";"   -9.722";"motivador";" 1.820804e-03"
"   2";"   24";" 8.33";"   -9.722";"lidades";" 1.820804e-03"
"   2";"   24";" 8.33";"   -9.722";"asistidas";" 1.820804e-03"
"  92";"  300";"30.67";"   -9.691";"maestro";" 1.851593e-03"
"   3";"   28";"10.71";"   -9.673";"ramírez";" 1.870420e-03"
"   3";"   28";"10.71";"   -9.673";"long";" 1.870420e-03"
"   3";"   28";"10.71";"   -9.673";"impactando";" 1.870420e-03"
"   3";"   28";"10.71";"   -9.673";"medioambiental";" 1.870420e-03"
"   3";"   28";"10.71";"   -9.673";"efi";" 1.870420e-03"
"   7";"   43";"16.28";"   -9.657";"button";" 1.886032e-03"
"   7";"   43";"16.28";"   -9.657";"articulación";" 1.886032e-03"
"   7";"   43";"16.28";"   -9.657";"abogar";" 1.886032e-03"
" 521";" 1467";"35.51";"   -9.619";"plataforma";" 1.925465e-03"
" 255";"  751";"33.95";"   -9.532";"investigador";" 2.019145e-03"
"  25";"  102";"24.51";"   -9.523";"coordinar";" 2.028590e-03"
"  25";"  102";"24.51";"   -9.523";"transmisión";" 2.028590e-03"
" 279";"  816";"34.19";"   -9.491";"visión";" 2.065192e-03"
" 116";"  367";"31.61";"   -9.455";"frente";" 2.105214e-03"
"  20";"   86";"23.26";"   -9.434";"rodríguez";" 2.130272e-03"
"   8";"   46";"17.39";"   -9.363";"mienta";" 2.214458e-03"
"   8";"   46";"17.39";"   -9.363";"argumentación";" 2.214458e-03"
"  13";"   63";"20.63";"   -9.329";"urgencia";" 2.256038e-03"
"   1";"   19";" 5.26";"   -9.291";"development";" 2.303369e-03"
"   1";"   19";" 5.26";"   -9.291";"montoya";" 2.303369e-03"
"   1";"   19";" 5.26";"   -9.291";"chiapas";" 2.303369e-03"
"   1";"   19";" 5.26";"   -9.291";"ricaurte";" 2.303369e-03"
"   1";"   19";" 5.26";"   -9.291";"2024b";" 2.303369e-03"
"   1";"   19";" 5.26";"   -9.291";"colombiano";" 2.303369e-03"
"   1";"   19";" 5.26";"   -9.291";"cuantitativas";" 2.303369e-03"
"   1";"   19";" 5.26";"   -9.291";"salvaguardar";" 2.303369e-03"
"   1";"   19";" 5.26";"   -9.291";"riencia";" 2.303369e-03"
"   1";"   19";" 5.26";"   -9.291";"habili";" 2.303369e-03"
"   1";"   19";" 5.26";"   -9.291";"deaprendizaje";" 2.303369e-03"
"   1";"   19";" 5.26";"   -9.291";"autodirigido";" 2.303369e-03"
"   1";"   19";" 5.26";"   -9.291";"alos";" 2.303369e-03"
"  88";"  287";"30.66";"   -9.279";"influir";" 2.317492e-03"
"   5";"   35";"14.29";"   -9.271";"cativos";" 2.327697e-03"
"   5";"   35";"14.29";"   -9.271";"precaución";" 2.327697e-03"
"   5";"   35";"14.29";"   -9.271";"limitarse";" 2.327697e-03"
"   5";"   35";"14.29";"   -9.271";"diversificar";" 2.327697e-03"
" 415";" 1181";"35.14";"   -9.260";"escuela";" 2.341580e-03"
"  46";"  165";"27.88";"   -9.243";"paradigma";" 2.364378e-03"
"  23";"   95";"24.21";"   -9.228";"comité";" 2.382923e-03"
"  11";"   56";"19.64";"   -9.190";"acorde";" 2.433977e-03"
"  24";"   98";"24.49";"   -9.174";"cas";" 2.454682e-03"
"   4";"   31";"12.90";"   -9.139";"baker";" 2.502207e-03"
"   4";"   31";"12.90";"   -9.139";"persistir";" 2.502207e-03"
"   4";"   31";"12.90";"   -9.139";"siones";" 2.502207e-03"
"   4";"   31";"12.90";"   -9.139";"proble";" 2.502207e-03"
"   4";"   31";"12.90";"   -9.139";"enriquecedoras";" 2.502207e-03"
"   4";"   31";"12.90";"   -9.139";"confidencialidad";" 2.502207e-03"
"  25";"  101";"24.75";"   -9.126";"novedad";" 2.520322e-03"
"   0";"   14";" 0.00";"   -9.116";"ignite";" 2.533292e-03"
"   0";"   14";" 0.00";"   -9.116";"gil";" 2.533292e-03"
"   0";"   14";" 0.00";"   -9.116";"postdigital";" 2.533292e-03"
"   0";"   14";" 0.00";"   -9.116";"enrique";" 2.533292e-03"
"   0";"   14";" 0.00";"   -9.116";"contaduría";" 2.533292e-03"
"   0";"   14";" 0.00";"   -9.116";"trascendiendo";" 2.533292e-03"
"   0";"   14";" 0.00";"   -9.116";"lo1";" 2.533292e-03"
"   0";"   14";" 0.00";"   -9.116";"cuantificables";" 2.533292e-03"
"   0";"   14";" 0.00";"   -9.116";"críti";" 2.533292e-03"
"   0";"   14";" 0.00";"   -9.116";"adop";" 2.533292e-03"
"   0";"   14";" 0.00";"   -9.116";"vinculantes";" 2.533292e-03"
"   0";"   14";" 0.00";"   -9.116";"objetivosde";" 2.533292e-03"
"   0";"   14";" 0.00";"   -9.116";"multifacética";" 2.533292e-03"
"   0";"   14";" 0.00";"   -9.116";"maestrofcompetenciaf";" 2.533292e-03"
"   0";"   14";" 0.00";"   -9.116";"integrador";" 2.533292e-03"
"   0";"   14";" 0.00";"   -9.116";"implementaron";" 2.533292e-03"
"   0";"   14";" 0.00";"   -9.116";"iaen";" 2.533292e-03"
"   0";"   14";" 0.00";"   -9.116";"herramientasde";" 2.533292e-03"
"   0";"   14";" 0.00";"   -9.116";"habilitadores";" 2.533292e-03"
"   0";"   14";" 0.00";"   -9.116";"exploraremos";" 2.533292e-03"
"   0";"   14";" 0.00";"   -9.116";"crí";" 2.533292e-03"
"   9";"   49";"18.37";"   -9.110";"desarro";" 2.542236e-03"
"   2";"   23";" 8.70";"   -9.101";"enla";" 2.554815e-03"
"   2";"   23";" 8.70";"   -9.101";"pensa";" 2.554815e-03"
"   2";"   23";" 8.70";"   -9.101";"equi";" 2.554815e-03"
"   2";"   23";" 8.70";"   -9.101";"enriquecidos";" 2.554815e-03"
"   2";"   23";" 8.70";"   -9.101";"enriquecedor";" 2.554815e-03"
" 123";"  385";"31.95";"   -9.077";"adicional";" 2.588256e-03"
"   3";"   27";"11.11";"   -9.071";"cabero";" 2.596962e-03"
"   3";"   27";"11.11";"   -9.071";"lomloe";" 2.596962e-03"
"   3";"   27";"11.11";"   -9.071";"maximizando";" 2.596962e-03"
" 990";" 2701";"36.65";"   -9.068";"tiempo";" 2.600809e-03"
"  20";"   85";"23.53";"   -9.011";"competitivo";" 2.683288e-03"
"  50";"  176";"28.41";"   -8.976";"poseer";" 2.735567e-03"
"  33";"  125";"26.40";"   -8.904";"desafiar";" 2.844947e-03"
"  33";"  125";"26.40";"   -8.904";"transición";" 2.844947e-03"
"   6";"   38";"15.79";"   -8.898";"movilizar";" 2.854083e-03"
"   6";"   38";"15.79";"   -8.898";"activi";" 2.854083e-03"
"  10";"   52";"19.23";"   -8.892";"reemplazo";" 2.864584e-03"
"  40";"  146";"27.40";"   -8.872";"oficial";" 2.895773e-03"
"   8";"   45";"17.78";"   -8.841";"tivos";" 2.945926e-03"
"   8";"   45";"17.78";"   -8.841";"gía";" 2.945926e-03"
"   8";"   45";"17.78";"   -8.841";"erigir";" 2.945926e-03"
" 117";"  367";"31.88";"   -8.808";"ingeniería";" 2.998476e-03"
" 158";"  481";"32.85";"   -8.788";"in";" 3.031990e-03"
"  18";"   78";"23.08";"   -8.746";"sustancial";" 3.103609e-03"
"  18";"   78";"23.08";"   -8.746";"aprendiz";" 3.103609e-03"
"  25";"  100";"25.00";"   -8.733";"fernández";" 3.124717e-03"
"  14";"   65";"21.54";"   -8.722";"laguna";" 3.144002e-03"
"   5";"   34";"14.71";"   -8.708";"freire";" 3.168425e-03"
"   5";"   34";"14.71";"   -8.708";"portafolio";" 3.168425e-03"
"  11";"   55";"20.00";"   -8.703";"herramien";" 3.177691e-03"
"   1";"   18";" 5.56";"   -8.651";"liu";" 3.267957e-03"
"   1";"   18";" 5.56";"   -8.651";"praxis";" 3.267957e-03"
"   1";"   18";" 5.56";"   -8.651";"2024a";" 3.267957e-03"
"   1";"   18";" 5.56";"   -8.651";"magerko";" 3.267957e-03"
"   1";"   18";" 5.56";"   -8.651";"egreso";" 3.267957e-03"
"   1";"   18";" 5.56";"   -8.651";"cu";" 3.267957e-03"
"   1";"   18";" 5.56";"   -8.651";"2022b";" 3.267957e-03"
"   1";"   18";" 5.56";"   -8.651";"ttfee";" 3.267957e-03"
"   1";"   18";" 5.56";"   -8.651";"socioemocionales";" 3.267957e-03"
"  97";"  310";"31.29";"   -8.641";"economía";" 3.286668e-03"
"  28";"  109";"25.69";"   -8.634";"inte";" 3.299119e-03"
"  48";"  169";"28.40";"   -8.629";"tratamiento";" 3.309175e-03"
"  47";"  166";"28.31";"   -8.613";"cargo";" 3.338406e-03"
"  29";"  112";"25.89";"   -8.610";"clínico";" 3.343633e-03"
"   7";"   41";"17.07";"   -8.587";"bid";" 3.385587e-03"
"   7";"   41";"17.07";"   -8.587";"gación";" 3.385587e-03"
"   4";"   30";"13.33";"   -8.560";"balance";" 3.437036e-03"
"   4";"   30";"13.33";"   -8.560";"neae";" 3.437036e-03"
"   4";"   30";"13.33";"   -8.560";"compatibilidad";" 3.437036e-03"
"  12";"   58";"20.69";"   -8.538";"interactividad";" 3.478612e-03"
"  39";"  142";"27.46";"   -8.532";"obstáculo";" 3.489737e-03"
"   2";"   22";" 9.09";"   -8.483";"periencia";" 3.585475e-03"
"   2";"   22";" 9.09";"   -8.483";"orientador";" 3.585475e-03"
"   2";"   22";" 9.09";"   -8.483";"cionar";" 3.585475e-03"
"   2";"   22";" 9.09";"   -8.483";"cesos";" 3.585475e-03"
"   3";"   26";"11.54";"   -8.473";"digi";" 3.603989e-03"
"   3";"   26";"11.54";"   -8.473";"eo";" 3.603989e-03"
"   3";"   26";"11.54";"   -8.473";"reafirmar";" 3.603989e-03"
"   3";"   26";"11.54";"   -8.473";"ajustarse";" 3.603989e-03"
"   0";"   13";" 0.00";"   -8.465";"ods4";" 3.620242e-03"
"   0";"   13";" 0.00";"   -8.465";"dali";" 3.620242e-03"
"   0";"   13";" 0.00";"   -8.465";"redecker";" 3.620242e-03"
"   0";"   13";" 0.00";"   -8.465";"facili";" 3.620242e-03"
"   0";"   13";" 0.00";"   -8.465";"i00";" 3.620242e-03"
"   0";"   13";" 0.00";"   -8.465";"actualizarse";" 3.620242e-03"
"   0";"   13";" 0.00";"   -8.465";"6aspectos";" 3.620242e-03"
"   0";"   13";" 0.00";"   -8.465";"yecto";" 3.620242e-03"
"   0";"   13";" 0.00";"   -8.465";"reproducibilidad";" 3.620242e-03"
"   0";"   13";" 0.00";"   -8.465";"persistencia";" 3.620242e-03"
"   0";"   13";" 0.00";"   -8.465";"fíos";" 3.620242e-03"
"   0";"   13";" 0.00";"   -8.465";"evaluativos";" 3.620242e-03"
"   0";"   13";" 0.00";"   -8.465";"digita";" 3.620242e-03"
"   0";"   13";" 0.00";"   -8.465";"aprove";" 3.620242e-03"
"  17";"   74";"22.97";"   -8.402";"mediático";" 3.747277e-03"
"  10";"   51";"19.61";"   -8.398";"informacional";" 3.756040e-03"
"   6";"   37";"16.22";"   -8.354";"colaborador";" 3.847874e-03"
"   6";"   37";"16.22";"   -8.354";"infancias";" 3.847874e-03"
"   6";"   37";"16.22";"   -8.354";"conjuntamente";" 3.847874e-03"
"   8";"   44";"18.18";"   -8.325";"álvarez";" 3.911341e-03"
"  14";"   64";"21.88";"   -8.268";"comunitario";" 4.035723e-03"
"  14";"   64";"21.88";"   -8.268";"demandar";" 4.035723e-03"
"  58";"  197";"29.44";"   -8.255";"difusión";" 4.063345e-03"
"  44";"  156";"28.21";"   -8.251";"chile";" 4.073298e-03"
"  19";"   80";"23.75";"   -8.247";"iste";" 4.082104e-03"
"  30";"  114";"26.32";"   -8.225";"contemplar";" 4.132160e-03"
"  11";"   54";"20.37";"   -8.222";"corporativo";" 4.139486e-03"
"  41";"  147";"27.89";"   -8.215";"so";" 4.155100e-03"
"  39";"  141";"27.66";"   -8.198";"invertir";" 4.193243e-03"
"  15";"   67";"22.39";"   -8.157";"aportación";" 4.289294e-03"
"   5";"   33";"15.15";"   -8.150";"framework";" 4.306758e-03"
"   9";"   47";"19.15";"   -8.101";"nece";" 4.422894e-03"
"  22";"   89";"24.72";"   -8.077";"impor";" 4.483511e-03"
" 252";"  734";"34.33";"   -8.074";"lograr";" 4.490675e-03"
"   7";"   40";"17.50";"   -8.061";"bibliográfica";" 4.523524e-03"
"   7";"   40";"17.50";"   -8.061";"invaluable";" 4.523524e-03"
"  50";"  173";"28.90";"   -8.052";"externo";" 4.546283e-03"
"   1";"   17";" 5.88";"   -8.014";"caf";" 4.642090e-03"
"   1";"   17";" 5.88";"   -8.014";"richter";" 4.642090e-03"
"   1";"   17";" 5.88";"   -8.014";"planeación";" 4.642090e-03"
"   1";"   17";" 5.88";"   -8.014";"cmsi";" 4.642090e-03"
"   1";"   17";" 5.88";"   -8.014";"ua";" 4.642090e-03"
"   1";"   17";" 5.88";"   -8.014";"cocrear";" 4.642090e-03"
"   1";"   17";" 5.88";"   -8.014";"obsolescencia";" 4.642090e-03"
"   1";"   17";" 5.88";"   -8.014";"medibles";" 4.642090e-03"
"   1";"   17";" 5.88";"   -8.014";"deshumanización";" 4.642090e-03"
"   1";"   17";" 5.88";"   -8.014";"tunidad";" 4.642090e-03"
"   1";"   17";" 5.88";"   -8.014";"trategias";" 4.642090e-03"
"   1";"   17";" 5.88";"   -8.014";"reconsiderar";" 4.642090e-03"
"   1";"   17";" 5.88";"   -8.014";"rativa";" 4.642090e-03"
"   1";"   17";" 5.88";"   -8.014";"promo";" 4.642090e-03"
"   1";"   17";" 5.88";"   -8.014";"potencien";" 4.642090e-03"
"   1";"   17";" 5.88";"   -8.014";"desconexión";" 4.642090e-03"
"   1";"   17";" 5.88";"   -8.014";"benefi";" 4.642090e-03"
"   1";"   17";" 5.88";"   -8.014";"ayu";" 4.642090e-03"
"   4";"   29";"13.79";"   -7.985";"tando";" 4.716075e-03"
"   4";"   29";"13.79";"   -7.985";"matizar";" 4.716075e-03"
"   4";"   29";"13.79";"   -7.985";"cios";" 4.716075e-03"
"  17";"   73";"23.29";"   -7.975";"ciberacoso";" 4.743280e-03"
"  25";"   98";"25.51";"   -7.964";"et";" 4.771997e-03"
"  13";"   60";"21.67";"   -7.936";"asesoramiento";" 4.847302e-03"
"  10";"   50";"20.00";"   -7.911";"díaz";" 4.913914e-03"
"  10";"   50";"20.00";"   -7.911";"futuroscapítulo";" 4.913914e-03"
"  18";"   76";"23.68";"   -7.900";"algorítmico";" 4.943416e-03"
" 220";"  646";"34.06";"   -7.888";"limitar";" 4.975303e-03"
"   3";"   25";"12.00";"   -7.880";"dx";" 4.998721e-03"
"   3";"   25";"12.00";"   -7.880";"guadalajara";" 4.998721e-03"
"   3";"   25";"12.00";"   -7.880";"carabinero";" 4.998721e-03"
"   3";"   25";"12.00";"   -7.880";"territorial";" 4.998721e-03"
"   3";"   25";"12.00";"   -7.880";"referenciación";" 4.998721e-03"
"   3";"   25";"12.00";"   -7.880";"problematizar";" 4.998721e-03"
"   3";"   25";"12.00";"   -7.880";"personali";" 4.998721e-03"
"   3";"   25";"12.00";"   -7.880";"capacitaciones";" 4.998721e-03"
"   2";"   21";" 9.52";"   -7.868";"petencias";" 5.032914e-03"
"   2";"   21";" 9.52";"   -7.868";"regulatorias";" 5.032914e-03"
"   2";"   21";" 9.52";"   -7.868";"escalado";" 5.032914e-03"
"   2";"   21";" 9.52";"   -7.868";"cauteloso";" 5.032914e-03"
"  14";"   63";"22.22";"   -7.820";"renovar";" 5.168077e-03"
"   6";"   36";"16.67";"   -7.816";"sociología";" 5.178614e-03"
"   6";"   36";"16.67";"   -7.816";"comercialización";" 5.178614e-03"
"   6";"   36";"16.67";"   -7.816";"aplicabilidad";" 5.178614e-03"
"   8";"   43";"18.60";"   -7.815";"inves";" 5.182300e-03"
"   8";"   43";"18.60";"   -7.815";"homogéneo";" 5.182300e-03"
"   0";"   12";" 0.00";"   -7.814";"interuniversitaria";" 5.184768e-03"
"   0";"   12";" 0.00";"   -7.814";"vivar";" 5.184768e-03"
"   0";"   12";" 0.00";"   -7.814";"laird";" 5.184768e-03"
"   0";"   12";" 0.00";"   -7.814";"zimmerman";" 5.184768e-03"
"   0";"   12";" 0.00";"   -7.814";"quizzes";" 5.184768e-03"
"   0";"   12";" 0.00";"   -7.814";"nearshoring";" 5.184768e-03"
"   0";"   12";" 0.00";"   -7.814";"planeo";" 5.184768e-03"
"   0";"   12";" 0.00";"   -7.814";"socioemocional";" 5.184768e-03"
"   0";"   12";" 0.00";"   -7.814";"mlops";" 5.184768e-03"
"   0";"   12";" 0.00";"   -7.814";"lo4";" 5.184768e-03"
"   0";"   12";" 0.00";"   -7.814";"gicos";" 5.184768e-03"
"   0";"   12";" 0.00";"   -7.814";"gias";" 5.184768e-03"
"   0";"   12";" 0.00";"   -7.814";"seño";" 5.184768e-03"
"   0";"   12";" 0.00";"   -7.814";"proactivamente";" 5.184768e-03"
"   0";"   12";" 0.00";"   -7.814";"pid2019";" 5.184768e-03"
"   0";"   12";" 0.00";"   -7.814";"perior";" 5.184768e-03"
"   0";"   12";" 0.00";"   -7.814";"mrcdd";" 5.184768e-03"
"   0";"   12";" 0.00";"   -7.814";"ministerial";" 5.184768e-03"
"   0";"   12";" 0.00";"   -7.814";"kits";" 5.184768e-03"
"   0";"   12";" 0.00";"   -7.814";"intergubernamentales";" 5.184768e-03"
"   0";"   12";" 0.00";"   -7.814";"cesidad";" 5.184768e-03"
"   0";"   12";" 0.00";"   -7.814";"actividadescontextuale";" 5.184768e-03"
"   0";"   12";" 0.00";"   -7.814";"104285gb";" 5.184768e-03"
"  62";"  207";"29.95";"   -7.812";"miento";" 5.189197e-03"
"  11";"   53";"20.75";"   -7.747";"hernández";" 5.379849e-03"
"  11";"   53";"20.75";"   -7.747";"disminución";" 5.379849e-03"
"  49";"  169";"28.99";"   -7.728";"ofertar";" 5.438019e-03"
"  15";"   66";"22.73";"   -7.719";"máster";" 5.465501e-03"
"  15";"   66";"22.73";"   -7.719";"convivencia";" 5.465501e-03"
" 107";"  334";"32.04";"   -7.686";"empleo";" 5.566557e-03"
"  22";"   88";"25.00";"   -7.684";"antecedente";" 5.571436e-03"
"  23";"   91";"25.27";"   -7.647";"piloto";" 5.688009e-03"
"  23";"   91";"25.27";"   -7.647";"expansión";" 5.688009e-03"
"   9";"   46";"19.57";"   -7.607";"reco";" 5.814568e-03"
"   9";"   46";"19.57";"   -7.607";"deserción";" 5.814568e-03"
"  31";"  115";"26.96";"   -7.506";"jurídico";" 6.148495e-03"
"  31";"  115";"26.96";"   -7.506";"evalúa";" 6.148495e-03"
"  13";"   59";"22.03";"   -7.484";"conceptualización";" 6.225247e-03"
"  10";"   49";"20.41";"   -7.430";"trans";" 6.413549e-03"
"   4";"   28";"14.29";"   -7.416";"sistematizar";" 6.463374e-03"
"   4";"   28";"14.29";"   -7.416";"poten";" 6.463374e-03"
"   4";"   28";"14.29";"   -7.416";"evaluador";" 6.463374e-03"
"   4";"   28";"14.29";"   -7.416";"eh";" 6.463374e-03"
"  14";"   62";"22.58";"   -7.378";"incentivo";" 6.601765e-03"
"   1";"   16";" 6.25";"   -7.378";"rivera";" 6.602835e-03"
"   1";"   16";" 6.25";"   -7.378";"gdpr";" 6.602835e-03"
"   1";"   16";" 6.25";"   -7.378";"cukurova";" 6.602835e-03"
"   1";"   16";" 6.25";"   -7.378";"tomadores";" 6.602835e-03"
"   1";"   16";" 6.25";"   -7.378";"retroalimen";" 6.602835e-03"
"   1";"   16";" 6.25";"   -7.378";"organi";" 6.602835e-03"
"   1";"   16";" 6.25";"   -7.378";"llo";" 6.602835e-03"
"   1";"   16";" 6.25";"   -7.378";"indicativo";" 6.602835e-03"
"   1";"   16";" 6.25";"   -7.378";"foque";" 6.602835e-03"
"   1";"   16";" 6.25";"   -7.378";"exploramos";" 6.602835e-03"
"   1";"   16";" 6.25";"   -7.378";"educandos";" 6.602835e-03"
"  22";"   87";"25.29";"   -7.297";"diferencial";" 6.906868e-03"
" 159";"  476";"33.40";"   -7.292";"consecuencia";" 6.927818e-03"
"   3";"   24";"12.50";"   -7.291";"pontificia";" 6.928697e-03"
"   3";"   24";"12.50";"   -7.291";"abp";" 6.928697e-03"
"   3";"   24";"12.50";"   -7.291";"proporcio";" 6.928697e-03"
"   3";"   24";"12.50";"   -7.291";"preescolar";" 6.928697e-03"
"   3";"   24";"12.50";"   -7.291";"tangibles";" 6.928697e-03"
"   3";"   24";"12.50";"   -7.291";"rediseñar";" 6.928697e-03"
"   3";"   24";"12.50";"   -7.291";"optativo";" 6.928697e-03"
"   3";"   24";"12.50";"   -7.291";"arbitraje";" 6.928697e-03"
"   6";"   35";"17.14";"   -7.284";"org";" 6.956340e-03"
"   6";"   35";"17.14";"   -7.284";"unam";" 6.956340e-03"
"   6";"   35";"17.14";"   -7.284";"ambicioso";" 6.956340e-03"
"  11";"   52";"21.15";"   -7.279";"posicionar";" 6.974756e-03"
"   2";"   20";"10.00";"   -7.256";"versidad";" 7.065939e-03"
"   2";"   20";"10.00";"   -7.256";"centren";" 7.065939e-03"
"   2";"   20";"10.00";"   -7.256";"aprendizaja";" 7.065939e-03"
"   2";"   20";"10.00";"   -7.256";"alinean";" 7.065939e-03"
"  16";"   68";"23.53";"   -7.207";"recuadro";" 7.260758e-03"
"  29";"  108";"26.85";"   -7.167";"expandir";" 7.423801e-03"
"  50";"  170";"29.41";"   -7.164";"desarrolladores";" 7.438672e-03"
"   0";"   11";" 0.00";"   -7.163";"horizon";" 7.443975e-03"
"   0";"   11";" 0.00";"   -7.163";"stakeholders";" 7.443975e-03"
"   0";"   11";" 0.00";"   -7.163";"ahmed";" 7.443975e-03"
"   0";"   11";" 0.00";"   -7.163";"oa";" 7.443975e-03"
"   0";"   11";" 0.00";"   -7.163";"ouyang";" 7.443975e-03"
"   0";"   11";" 0.00";"   -7.163";"uplanner";" 7.443975e-03"
"   0";"   11";" 0.00";"   -7.163";"asistivas";" 7.443975e-03"
"   0";"   11";" 0.00";"   -7.163";"soh";" 7.443975e-03"
"   0";"   11";" 0.00";"   -7.163";"novación";" 7.443975e-03"
"   0";"   11";" 0.00";"   -7.163";"lo5";" 7.443975e-03"
"   0";"   11";" 0.00";"   -7.163";"igualitario";" 7.443975e-03"
"   0";"   11";" 0.00";"   -7.163";"erca";" 7.443975e-03"
"   0";"   11";" 0.00";"   -7.163";"cualificación";" 7.443975e-03"
"   0";"   11";" 0.00";"   -7.163";"cg5";" 7.443975e-03"
"   0";"   11";" 0.00";"   -7.163";"acrítica";" 7.443975e-03"
"   0";"   11";" 0.00";"   -7.163";"7aspectos";" 7.443975e-03"
"   0";"   11";" 0.00";"   -7.163";"4aspectos";" 7.443975e-03"
"   0";"   11";" 0.00";"   -7.163";"yf";" 7.443975e-03"
"   0";"   11";" 0.00";"   -7.163";"tativa";" 7.443975e-03"
"   0";"   11";" 0.00";"   -7.163";"requie";" 7.443975e-03"
"   0";"   11";" 0.00";"   -7.163";"profesionista";" 7.443975e-03"
"   0";"   11";" 0.00";"   -7.163";"organizativos";" 7.443975e-03"
"   0";"   11";" 0.00";"   -7.163";"organizativas";" 7.443975e-03"
"   0";"   11";" 0.00";"   -7.163";"optimi";" 7.443975e-03"
"   0";"   11";" 0.00";"   -7.163";"objetivoscurriculares";" 7.443975e-03"
"   0";"   11";" 0.00";"   -7.163";"mintic";" 7.443975e-03"
"   0";"   11";" 0.00";"   -7.163";"lí";" 7.443975e-03"
"   0";"   11";" 0.00";"   -7.163";"implementadores";" 7.443975e-03"
"   0";"   11";" 0.00";"   -7.163";"fértil";" 7.443975e-03"
"   0";"   11";" 0.00";"   -7.163";"favo";" 7.443975e-03"
"   0";"   11";" 0.00";"   -7.163";"extracurriculares";" 7.443975e-03"
"   0";"   11";" 0.00";"   -7.163";"enf";" 7.443975e-03"
"   0";"   11";" 0.00";"   -7.163";"efecti";" 7.443975e-03"
"   0";"   11";" 0.00";"   -7.163";"duales";" 7.443975e-03"
"   0";"   11";" 0.00";"   -7.163";"docentesf";" 7.443975e-03"
"   0";"   11";" 0.00";"   -7.163";"digcomporg";" 7.443975e-03"
"   0";"   11";" 0.00";"   -7.163";"beneficiosas";" 7.443975e-03"
"   0";"   11";" 0.00";"   -7.163";"autonómico";" 7.443975e-03"
"   0";"   11";" 0.00";"   -7.163";"agilizando";" 7.443975e-03"
"   0";"   11";" 0.00";"   -7.163";"agilidad";" 7.443975e-03"
"   0";"   11";" 0.00";"   -7.163";"acbp";" 7.443975e-03"
"  46";"  158";"29.11";"   -7.059";"declaración";" 7.888079e-03"
"   5";"   31";"16.13";"   -7.052";"redefine";" 7.919462e-03"
"   5";"   31";"16.13";"   -7.052";"materializar";" 7.919462e-03"
"   7";"   38";"18.42";"   -7.028";"wp";" 8.025272e-03"
"   7";"   38";"18.42";"   -7.028";"lms";" 8.025272e-03"
"   7";"   38";"18.42";"   -7.028";"rar";" 8.025272e-03"
"  20";"   80";"25.00";"   -6.985";"tivo";" 8.221213e-03"
"  14";"   61";"22.95";"   -6.944";"justificación";" 8.411372e-03"
"  40";"  140";"28.57";"   -6.928";"cognitivo";" 8.486534e-03"
"  37";"  131";"28.24";"   -6.878";"radicar";" 8.726199e-03"
" 212";"  618";"34.30";"   -6.862";"revista";" 8.802569e-03"
"   4";"   27";"14.81";"   -6.854";"castañeda";" 8.846224e-03"
"  28";"  104";"26.92";"   -6.824";"sustentar";" 8.995640e-03"
"  31";"  113";"27.43";"   -6.822";"actuación";" 9.003228e-03"
"  29";"  107";"27.10";"   -6.821";"prometer";" 9.011619e-03"
"  11";"   51";"21.57";"   -6.819";"iv";" 9.019149e-03"
"   8";"   41";"19.51";"   -6.816";"dignidad";" 9.035334e-03"
"  87";"  274";"31.75";"   -6.793";"inversión";" 9.151685e-03"
"   6";"   34";"17.65";"   -6.759";"necesi";" 9.325060e-03"
"   1";"   15";" 6.67";"   -6.744";"samr";" 9.405711e-03"
"   1";"   15";" 6.67";"   -6.744";"koedinger";" 9.405711e-03"
"   1";"   15";" 6.67";"   -6.744";"reciclaje";" 9.405711e-03"
"   1";"   15";" 6.67";"   -6.744";"virtualidad";" 9.405711e-03"
"   1";"   15";" 6.67";"   -6.744";"pino";" 9.405711e-03"
"   1";"   15";" 6.67";"   -6.744";"orientativas";" 9.405711e-03"
"   1";"   15";" 6.67";"   -6.744";"usabilidad";" 9.405711e-03"
"   1";"   15";" 6.67";"   -6.744";"ges";" 9.405711e-03"
"   1";"   15";" 6.67";"   -6.744";"ticipar";" 9.405711e-03"
"   1";"   15";" 6.67";"   -6.744";"nerativa";" 9.405711e-03"
"   1";"   15";" 6.67";"   -6.744";"instrumentales";" 9.405711e-03"
"   1";"   15";" 6.67";"   -6.744";"ciedad";" 9.405711e-03"
"   1";"   15";" 6.67";"   -6.744";"adaptarlos";" 9.405711e-03"
"   3";"   23";"13.04";"   -6.708";"kuhn";" 9.596519e-03"
"   3";"   23";"13.04";"   -6.708";"transmedia";" 9.596519e-03"
"   3";"   23";"13.04";"   -6.708";"lisis";" 9.596519e-03"
"   3";"   23";"13.04";"   -6.708";"revisoras";" 9.596519e-03"
"   3";"   23";"13.04";"   -6.708";"indivi";" 9.596519e-03"
"   3";"   23";"13.04";"   -6.708";"relacionarse";" 9.596519e-03"
"   3";"   23";"13.04";"   -6.708";"priorizando";" 9.596519e-03"
"   3";"   23";"13.04";"   -6.708";"petencia";" 9.596519e-03"
"   3";"   23";"13.04";"   -6.708";"mejo";" 9.596519e-03"
"   3";"   23";"13.04";"   -6.708";"alineen";" 9.596519e-03"
"   2";"   19";"10.53";"   -6.649";"sc";" 9.921695e-03"
"   2";"   19";"10.53";"   -6.649";"recursosdigitales";" 9.921695e-03"
"   2";"   19";"10.53";"   -6.649";"imparcial";" 9.921695e-03"
"   2";"   19";"10.53";"   -6.649";"microeducación";" 9.921695e-03"
"   2";"   19";"10.53";"   -6.649";"vigencia";" 9.921695e-03"
"   2";"   19";"10.53";"   -6.649";"tión";" 9.921695e-03"
"   2";"   19";"10.53";"   -6.649";"solidaridad";" 9.921695e-03"
"   2";"   19";"10.53";"   -6.649";"sensibilizar";" 9.921695e-03"
"   2";"   19";"10.53";"   -6.649";"intrínsecamente";" 9.921695e-03"
"   2";"   19";"10.53";"   -6.649";"gico";" 9.921695e-03"
"   2";"   19";"10.53";"   -6.649";"formador";" 9.921695e-03"
"   2";"   19";"10.53";"   -6.649";"desta";" 9.921695e-03"
"   2";"   19";"10.53";"   -6.649";"admisiones";" 9.921695e-03"
"   9";"   44";"20.45";"   -6.639";"uploads";" 9.976211e-03"
"   9";"   44";"20.45";"   -6.639";"mientos";" 9.976211e-03"
"   9";"   44";"20.45";"   -6.639";"democratizar";" 9.976211e-03"
"  13";"   57";"22.81";"   -6.602";"abandono";" 1.018781e-02"
"  39";"  136";"28.68";"   -6.600";"po";" 1.019804e-02"
"  58";"  191";"30.37";"   -6.590";"ma";" 1.025510e-02"
"  22";"   85";"25.88";"   -6.542";"concebir";" 1.053600e-02"
"   7";"   37";"18.92";"   -6.522";"sti";" 1.065271e-02"
"   7";"   37";"18.92";"   -6.522";"admisión";" 1.065271e-02"
"   7";"   37";"18.92";"   -6.522";"contextualizar";" 1.065271e-02"
"   7";"   37";"18.92";"   -6.522";"consolidación";" 1.065271e-02"
"   5";"   30";"16.67";"   -6.513";"copiloto";" 1.071014e-02"
"   5";"   30";"16.67";"   -6.513";"ligencia";" 1.071014e-02"
"   5";"   30";"16.67";"   -6.513";"tigación";" 1.071014e-02"
"   5";"   30";"16.67";"   -6.513";"convocatoria";" 1.071014e-02"
"   5";"   30";"16.67";"   -6.513";"cohesión";" 1.071014e-02"
"   0";"   10";" 0.00";"   -6.511";"muñoz";" 1.071878e-02"
"   0";"   10";" 0.00";"   -6.511";"jrc";" 1.071878e-02"
"   0";"   10";" 0.00";"   -6.511";"punie";" 1.071878e-02"
"   0";"   10";" 0.00";"   -6.511";"minciencia";" 1.071878e-02"
"   0";"   10";" 0.00";"   -6.511";"litera";" 1.071878e-02"
"   0";"   10";" 0.00";"   -6.511";"iadb";" 1.071878e-02"
"   0";"   10";" 0.00";"   -6.511";"bozkurt";" 1.071878e-02"
"   0";"   10";" 0.00";"   -6.511";"postgrado";" 1.071878e-02"
"   0";"   10";" 0.00";"   -6.511";"maddy";" 1.071878e-02"
"   0";"   10";" 0.00";"   -6.511";"codesquire";" 1.071878e-02"
"   0";"   10";" 0.00";"   -6.511";"phind";" 1.071878e-02"
"   0";"   10";" 0.00";"   -6.511";"paradocentes";" 1.071878e-02"
"   0";"   10";" 0.00";"   -6.511";"nuñez";" 1.071878e-02"
"   0";"   10";" 0.00";"   -6.511";"transferibilidad";" 1.071878e-02"
"   0";"   10";" 0.00";"   -6.511";"terciaria";" 1.071878e-02"
"   0";"   10";" 0.00";"   -6.511";"sum";" 1.071878e-02"
"   0";"   10";" 0.00";"   -6.511";"selfie";" 1.071878e-02"
"   0";"   10";" 0.00";"   -6.511";"reinvención";" 1.071878e-02"
"   0";"   10";" 0.00";"   -6.511";"quier";" 1.071878e-02"
"   0";"   10";" 0.00";"   -6.511";"multisectorial";" 1.071878e-02"
"   0";"   10";" 0.00";"   -6.511";"internacionalización";" 1.071878e-02"
"   0";"   10";" 0.00";"   -6.511";"riencias";" 1.071878e-02"
"   0";"   10";" 0.00";"   -6.511";"reconfigurando";" 1.071878e-02"
"   0";"   10";" 0.00";"   -6.511";"recomen";" 1.071878e-02"
"   0";"   10";" 0.00";"   -6.511";"recer";" 1.071878e-02"
"   0";"   10";" 0.00";"   -6.511";"prepararlos";" 1.071878e-02"
"   0";"   10";" 0.00";"   -6.511";"participativas";" 1.071878e-02"
"   0";"   10";" 0.00";"   -6.511";"mitigando";" 1.071878e-02"
"   0";"   10";" 0.00";"   -6.511";"mentando";" 1.071878e-02"
"   0";"   10";" 0.00";"   -6.511";"integralidad";" 1.071878e-02"
"   0";"   10";" 0.00";"   -6.511";"integradoras";" 1.071878e-02"
"   0";"   10";" 0.00";"   -6.511";"gulación";" 1.071878e-02"
"   0";"   10";" 0.00";"   -6.511";"gración";" 1.071878e-02"
"   0";"   10";" 0.00";"   -6.511";"fesionales";" 1.071878e-02"
"   0";"   10";" 0.00";"   -6.511";"entramado";" 1.071878e-02"
"   0";"   10";" 0.00";"   -6.511";"enfren";" 1.071878e-02"
"   0";"   10";" 0.00";"   -6.511";"educadoras";" 1.071878e-02"
"   0";"   10";" 0.00";"   -6.511";"docentespara";" 1.071878e-02"
"   0";"   10";" 0.00";"   -6.511";"convergència i unió";" 1.071878e-02"
"   0";"   10";" 0.00";"   -6.511";"consorcio";" 1.071878e-02"
"   0";"   10";" 0.00";"   -6.511";"comunicadores";" 1.071878e-02"
"   0";"   10";" 0.00";"   -6.511";"cg2";" 1.071878e-02"
"   0";"   10";" 0.00";"   -6.511";"cg";" 1.071878e-02"
"   0";"   10";" 0.00";"   -6.511";"adaptándolas";" 1.071878e-02"
"   0";"   10";" 0.00";"   -6.511";"acompa";" 1.071878e-02"
"   0";"   10";" 0.00";"   -6.511";"8aspectos";" 1.071878e-02"
"  47";"  159";"29.56";"   -6.503";"coherencia";" 1.076981e-02"
"  10";"   47";"21.28";"   -6.491";"mediador";" 1.084222e-02"
"  10";"   47";"21.28";"   -6.491";"insuficiente";" 1.084222e-02"
"  90";"  281";"32.03";"   -6.474";"mecanismo";" 1.094436e-02"
"  15";"   63";"23.81";"   -6.444";"república";" 1.113428e-02"
"  89";"  278";"32.01";"   -6.429";"central";" 1.122508e-02"
"  53";"  176";"30.11";"   -6.415";"facultad";" 1.131830e-02"
"  16";"   66";"24.24";"   -6.382";"index";" 1.152875e-02"
"  59";"  193";"30.57";"   -6.364";"taller";" 1.164793e-02"
"  40";"  138";"28.99";"   -6.318";"aprobar";" 1.195255e-02"
"   4";"   26";"15.38";"   -6.298";"ficial";" 1.208943e-02"
"   4";"   26";"15.38";"   -6.298";"consi";" 1.208943e-02"
"   4";"   26";"15.38";"   -6.298";"profesio";" 1.208943e-02"
"   4";"   26";"15.38";"   -6.298";"implementando";" 1.208943e-02"
"  12";"   53";"22.64";"   -6.261";"tivas";" 1.234271e-02"
"  12";"   53";"22.64";"   -6.261";"vasto";" 1.234271e-02"
"  69";"  221";"31.22";"   -6.257";"per";" 1.237101e-02"
"   6";"   33";"18.18";"   -6.242";"deficiencia";" 1.247232e-02"
"  13";"   56";"23.21";"   -6.172";"soportar";" 1.297895e-02"
"  13";"   56";"23.21";"   -6.172";"lidad";" 1.297895e-02"
"  23";"   87";"26.44";"   -6.159";"socialización";" 1.307230e-02"
"  24";"   90";"26.67";"   -6.149";"híbrido";" 1.315229e-02"
"  28";"  102";"27.45";"   -6.139";"modificación";" 1.322049e-02"
"   3";"   22";"13.64";"   -6.131";"minsait";" 1.327970e-02"
"   3";"   22";"13.64";"   -6.131";"aná";" 1.327970e-02"
"   3";"   22";"13.64";"   -6.131";"ám";" 1.327970e-02"
"   3";"   22";"13.64";"   -6.131";"prospectiva";" 1.327970e-02"
"   3";"   22";"13.64";"   -6.131";"mico";" 1.327970e-02"
"   1";"   14";" 7.14";"   -6.113";"dwyer";" 1.342063e-02"
"   1";"   14";" 7.14";"   -6.113";"mineduc";" 1.342063e-02"
"   1";"   14";" 7.14";"   -6.113";"bruner";" 1.342063e-02"
"   1";"   14";" 7.14";"   -6.113";"tecnológi";" 1.342063e-02"
"   1";"   14";" 7.14";"   -6.113";"omnipresencia";" 1.342063e-02"
"   1";"   14";" 7.14";"   -6.113";"conectivismo";" 1.342063e-02"
"   1";"   14";" 7.14";"   -6.113";"anijovich";" 1.342063e-02"
"   1";"   14";" 7.14";"   -6.113";"tudiante";" 1.342063e-02"
"   1";"   14";" 7.14";"   -6.113";"trascienden";" 1.342063e-02"
"   1";"   14";" 7.14";"   -6.113";"robustez";" 1.342063e-02"
"   1";"   14";" 7.14";"   -6.113";"regulatoria";" 1.342063e-02"
"   1";"   14";" 7.14";"   -6.113";"potencialidad";" 1.342063e-02"
"   1";"   14";" 7.14";"   -6.113";"periencias";" 1.342063e-02"
"   1";"   14";" 7.14";"   -6.113";"maximicen";" 1.342063e-02"
"   1";"   14";" 7.14";"   -6.113";"heterogeneidad";" 1.342063e-02"
"   1";"   14";" 7.14";"   -6.113";"extensivo";" 1.342063e-02"
"   1";"   14";" 7.14";"   -6.113";"evaluativo";" 1.342063e-02"
"   1";"   14";" 7.14";"   -6.113";"cualificaciones";" 1.342063e-02"
"   1";"   14";" 7.14";"   -6.113";"cesario";" 1.342063e-02"
"   1";"   14";" 7.14";"   -6.113";"adaptarlo";" 1.342063e-02"
"  14";"   59";"23.73";"   -6.097";"credibilidad";" 1.354259e-02"
"  65";"  209";"31.10";"   -6.092";"meta";" 1.357793e-02"
"   2";"   18";"11.11";"   -6.047";"tuomi";" 1.393319e-02"
"   2";"   18";"11.11";"   -6.047";"dor";" 1.393319e-02"
"   2";"   18";"11.11";"   -6.047";"posibili";" 1.393319e-02"
"   2";"   18";"11.11";"   -6.047";"discernimiento";" 1.393319e-02"
"   2";"   18";"11.11";"   -6.047";"conocimien";" 1.393319e-02"
"  10";"   46";"21.74";"   -6.033";"indagación";" 1.403894e-02"
"  10";"   46";"21.74";"   -6.033";"nología";" 1.403894e-02"
"   7";"   36";"19.44";"   -6.025";"gutiérrez";" 1.410464e-02"
"   7";"   36";"19.44";"   -6.025";"rramientas";" 1.410464e-02"
"  39";"  134";"29.10";"   -5.996";"ejecución";" 1.434235e-02"
"   5";"   29";"17.24";"   -5.982";"estilística";" 1.445456e-02"
"   5";"   29";"17.24";"   -5.982";"adolescencias";" 1.445456e-02"
"   5";"   29";"17.24";"   -5.982";"integrarla";" 1.445456e-02"
"  36";"  125";"28.80";"   -5.927";"áfrica";" 1.491293e-02"
"  11";"   49";"22.45";"   -5.922";"procurar";" 1.495619e-02"
"  11";"   49";"22.45";"   -5.922";"lucro";" 1.495619e-02"
"   0";"    9";" 0.00";"   -5.860";"technological";" 1.548757e-02"
"   0";"    9";" 0.00";"   -5.860";"martins";" 1.548757e-02"
"   0";"    9";" 0.00";"   -5.860";"commission";" 1.548757e-02"
"   0";"    9";" 0.00";"   -5.860";"pent";" 1.548757e-02"
"   0";"    9";" 0.00";"   -5.860";"cuaieed";" 1.548757e-02"
"   0";"    9";" 0.00";"   -5.860";"prendes";" 1.548757e-02"
"   0";"    9";" 0.00";"   -5.860";"nist";" 1.548757e-02"
"   0";"    9";" 0.00";"   -5.860";"sancho";" 1.548757e-02"
"   0";"    9";" 0.00";"   -5.860";"acosta";" 1.548757e-02"
"   0";"    9";" 0.00";"   -5.860";"subdirectora";" 1.548757e-02"
"   0";"    9";" 0.00";"   -5.860";"pf0000368303";" 1.548757e-02"
"   0";"    9";" 0.00";"   -5.860";"nemorin";" 1.548757e-02"
"   0";"    9";" 0.00";"   -5.860";"inde";" 1.548757e-02"
"   0";"    9";" 0.00";"   -5.860";"vicerrectorado";" 1.548757e-02"
"   0";"    9";" 0.00";"   -5.860";"lo2";" 1.548757e-02"
"   0";"    9";" 0.00";"   -5.860";"autodiagnóstico";" 1.548757e-02"
"   0";"    9";" 0.00";"   -5.860";"usode";" 1.548757e-02"
"   0";"    9";" 0.00";"   -5.860";"rigidez";" 1.548757e-02"
"   0";"    9";" 0.00";"   -5.860";"revisarse";" 1.548757e-02"
"   0";"    9";" 0.00";"   -5.860";"dimen";" 1.548757e-02"
"   0";"    9";" 0.00";"   -5.860";"char";" 1.548757e-02"
"   0";"    9";" 0.00";"   -5.860";"cg1";" 1.548757e-02"
"   0";"    9";" 0.00";"   -5.860";"5chatbots";" 1.548757e-02"
"   0";"    9";" 0.00";"   -5.860";"2021c";" 1.548757e-02"
"   0";"    9";" 0.00";"   -5.860";"éticom";" 1.548757e-02"
"   0";"    9";" 0.00";"   -5.860";"validados";" 1.548757e-02"
"   0";"    9";" 0.00";"   -5.860";"universita";" 1.548757e-02"
"   0";"    9";" 0.00";"   -5.860";"transferible";" 1.548757e-02"
"   0";"    9";" 0.00";"   -5.860";"tina";" 1.548757e-02"
"   0";"    9";" 0.00";"   -5.860";"subsiguiente";" 1.548757e-02"
"   0";"    9";" 0.00";"   -5.860";"retroa";" 1.548757e-02"
"   0";"    9";" 0.00";"   -5.860";"procedi";" 1.548757e-02"
"   0";"    9";" 0.00";"   -5.860";"priorice";" 1.548757e-02"
"   0";"    9";" 0.00";"   -5.860";"polí";" 1.548757e-02"
"   0";"    9";" 0.00";"   -5.860";"plementar";" 1.548757e-02"
"   0";"    9";" 0.00";"   -5.860";"pectos";" 1.548757e-02"
"   0";"    9";" 0.00";"   -5.860";"parael";" 1.548757e-02"
"   0";"    9";" 0.00";"   -5.860";"pacidad";" 1.548757e-02"
"   0";"    9";" 0.00";"   -5.860";"mitigan";" 1.548757e-02"
"   0";"    9";" 0.00";"   -5.860";"minimización";" 1.548757e-02"
"   0";"    9";" 0.00";"   -5.860";"luciones";" 1.548757e-02"
"   0";"    9";" 0.00";"   -5.860";"losprofesores";" 1.548757e-02"
"   0";"    9";" 0.00";"   -5.860";"llar";" 1.548757e-02"
"   0";"    9";" 0.00";"   -5.860";"limentación";" 1.548757e-02"
"   0";"    9";" 0.00";"   -5.860";"interrelacionadas";" 1.548757e-02"
"   0";"    9";" 0.00";"   -5.860";"grar";" 1.548757e-02"
"   0";"    9";" 0.00";"   -5.860";"enriquecedores";" 1.548757e-02"
"   0";"    9";" 0.00";"   -5.860";"enlos";" 1.548757e-02"
"   0";"    9";" 0.00";"   -5.860";"elaprendizaje";" 1.548757e-02"
"   0";"    9";" 0.00";"   -5.860";"druid";" 1.548757e-02"
"   0";"    9";" 0.00";"   -5.860";"dologías";" 1.548757e-02"
"   0";"    9";" 0.00";"   -5.860";"cúmulo";" 1.548757e-02"
"   0";"    9";" 0.00";"   -5.860";"contribuyente";" 1.548757e-02"
"   0";"    9";" 0.00";"   -5.860";"ciuda";" 1.548757e-02"
"   0";"    9";" 0.00";"   -5.860";"cisiones";" 1.548757e-02"
"   0";"    9";" 0.00";"   -5.860";"catalizadores";" 1.548757e-02"
"   0";"    9";" 0.00";"   -5.860";"atentar";" 1.548757e-02"
"   0";"    9";" 0.00";"   -5.860";"argumentaciones";" 1.548757e-02"
"   0";"    9";" 0.00";"   -5.860";"adminis";" 1.548757e-02"
"  32";"  113";"28.32";"   -5.853";"ejercer";" 1.555079e-02"
"  12";"   52";"23.08";"   -5.828";"preservación";" 1.577038e-02"
"  21";"   80";"26.25";"   -5.827";"seminario";" 1.578072e-02"
"  58";"  188";"30.85";"   -5.811";"profundidad";" 1.592250e-02"
"   4";"   25";"16.00";"   -5.749";"vinculación";" 1.649379e-02"
"   4";"   25";"16.00";"   -5.749";"transfor";" 1.649379e-02"
"   4";"   25";"16.00";"   -5.749";"cional";" 1.649379e-02"
"   4";"   25";"16.00";"   -5.749";"anza";" 1.649379e-02"
" 695";" 1890";"36.77";"   -5.746";"tomar";" 1.652364e-02"
"   6";"   32";"18.75";"   -5.734";"optimizando";" 1.664100e-02"
"  62";"  199";"31.16";"   -5.723";"re|res";" 1.674228e-02"
"   9";"   42";"21.43";"   -5.703";"recomendable";" 1.693231e-02"
"   9";"   42";"21.43";"   -5.703";"acercamiento";" 1.693231e-02"
"  14";"   58";"24.14";"   -5.685";"disparidad";" 1.710881e-02"
" 113";"  341";"33.14";"   -5.683";"dirigir";" 1.712654e-02"
"  54";"  176";"30.68";"   -5.656";"justicia";" 1.739314e-02"
"  10";"   45";"22.22";"   -5.584";"contextualización";" 1.812415e-02"
"   3";"   21";"14.29";"   -5.562";"malentender";" 1.835721e-02"
"   3";"   21";"14.29";"   -5.562";"salvaguardias";" 1.835721e-02"
"   3";"   21";"14.29";"   -5.562";"duolingo";" 1.835721e-02"
"   3";"   21";"14.29";"   -5.562";"signifi";" 1.835721e-02"
"   3";"   21";"14.29";"   -5.562";"enfo";" 1.835721e-02"
"   3";"   21";"14.29";"   -5.562";"activida";" 1.835721e-02"
"   3";"   21";"14.29";"   -5.562";"vigor";" 1.835721e-02"
"   3";"   21";"14.29";"   -5.562";"abor";" 1.835721e-02"
"  11";"   48";"22.92";"   -5.486";"insights";" 1.917358e-02"
"   1";"   13";" 7.69";"   -5.485";"silva ";" 1.918509e-02"
"   1";"   13";" 7.69";"   -5.485";"aguilar";" 1.918509e-02"
"   1";"   13";" 7.69";"   -5.485";"uoc";" 1.918509e-02"
"   1";"   13";" 7.69";"   -5.485";"gabriela";" 1.918509e-02"
"   1";"   13";" 7.69";"   -5.485";"psicopedagógica";" 1.918509e-02"
"   1";"   13";" 7.69";"   -5.485";"diffit";" 1.918509e-02"
"   1";"   13";" 7.69";"   -5.485";"metacognitivos";" 1.918509e-02"
"   1";"   13";" 7.69";"   -5.485";"institu";" 1.918509e-02"
"   1";"   13";" 7.69";"   -5.485";"educacionales";" 1.918509e-02"
"   1";"   13";" 7.69";"   -5.485";"constructivismo";" 1.918509e-02"
"   1";"   13";" 7.69";"   -5.485";"b1";" 1.918509e-02"
"   1";"   13";" 7.69";"   -5.485";"tegias";" 1.918509e-02"
"   1";"   13";" 7.69";"   -5.485";"suficiencia";" 1.918509e-02"
"   1";"   13";" 7.69";"   -5.485";"prometedores";" 1.918509e-02"
"   1";"   13";" 7.69";"   -5.485";"presupuestario";" 1.918509e-02"
"   1";"   13";" 7.69";"   -5.485";"porcionar";" 1.918509e-02"
"   1";"   13";" 7.69";"   -5.485";"pluralidad";" 1.918509e-02"
"   1";"   13";" 7.69";"   -5.485";"personalizando";" 1.918509e-02"
"   1";"   13";" 7.69";"   -5.485";"institucio";" 1.918509e-02"
"   1";"   13";" 7.69";"   -5.485";"enel";" 1.918509e-02"
"   1";"   13";" 7.69";"   -5.485";"divergente";" 1.918509e-02"
"   1";"   13";" 7.69";"   -5.485";"comest";" 1.918509e-02"
"   1";"   13";" 7.69";"   -5.485";"cesidades";" 1.918509e-02"
"   1";"   13";" 7.69";"   -5.485";"arar";" 1.918509e-02"
"  28";"  100";"28.00";"   -5.480";"industria";" 1.923679e-02"
" 346";"  967";"35.78";"   -5.471";"claro";" 1.933799e-02"
"   5";"   28";"17.86";"   -5.459";"aprendiza";" 1.946393e-02"
"   5";"   28";"17.86";"   -5.459";"cues";" 1.946393e-02"
"   2";"   17";"11.76";"   -5.450";"its";" 1.956772e-02"
"   2";"   17";"11.76";"   -5.450";"cano";" 1.956772e-02"
"   2";"   17";"11.76";"   -5.450";"sec";" 1.956772e-02"
"   2";"   17";"11.76";"   -5.450";"uy";" 1.956772e-02"
"   2";"   17";"11.76";"   -5.450";"inno";" 1.956772e-02"
"   2";"   17";"11.76";"   -5.450";"complementando";" 1.956772e-02"
"   2";"   17";"11.76";"   -5.450";"vertiente";" 1.956772e-02"
"   2";"   17";"11.76";"   -5.450";"ticipación";" 1.956772e-02"
"   2";"   17";"11.76";"   -5.450";"disruptivos";" 1.956772e-02"
"   2";"   17";"11.76";"   -5.450";"a1";" 1.956772e-02"
"  12";"   51";"23.53";"   -5.404";"africano";" 2.008804e-02"
"  12";"   51";"23.53";"   -5.404";"suscitar";" 2.008804e-02"
"  35";"  120";"29.17";"   -5.304";"algorítmica";" 2.128095e-02"
"   9";"   41";"21.95";"   -5.249";"genuino";" 2.196002e-02"
"   6";"   31";"19.35";"   -5.234";"gob";" 2.214368e-02"
"   6";"   31";"19.35";"   -5.234";"aprendidas";" 2.214368e-02"
"   6";"   31";"19.35";"   -5.234";"mentor";" 2.214368e-02"
"   6";"   31";"19.35";"   -5.234";"progresivamente";" 2.214368e-02"
"   4";"   24";"16.67";"   -5.210";"mooc";" 2.245983e-02"
"   4";"   24";"16.67";"   -5.210";"mutuo";" 2.245983e-02"
"   4";"   24";"16.67";"   -5.210";"dise";" 2.245983e-02"
"   4";"   24";"16.67";"   -5.210";"cualificar";" 2.245983e-02"
"   4";"   24";"16.67";"   -5.210";"adherir";" 2.245983e-02"
"   0";"    8";" 0.00";"   -5.209";"jara";" 2.247100e-02"
"   0";"    8";" 0.00";"   -5.209";"dfe";" 2.247100e-02"
"   0";"    8";" 0.00";"   -5.209";"ocaña";" 2.247100e-02"
"   0";"    8";" 0.00";"   -5.209";"stefania";" 2.247100e-02"
"   0";"    8";" 0.00";"   -5.209";"curi";" 2.247100e-02"
"   0";"    8";" 0.00";"   -5.209";"vanlehn";" 2.247100e-02"
"   0";"    8";" 0.00";"   -5.209";"burgos";" 2.247100e-02"
"   0";"    8";" 0.00";"   -5.209";"lluch";" 2.247100e-02"
"   0";"    8";" 0.00";"   -5.209";"nazaret";" 2.247100e-02"
"   0";"    8";" 0.00";"   -5.209";"jiao";" 2.247100e-02"
"   0";"    8";" 0.00";"   -5.209";"essel";" 2.247100e-02"
"   0";"    8";" 0.00";"   -5.209";"dcu";" 2.247100e-02"
"   0";"    8";" 0.00";"   -5.209";"cts";" 2.247100e-02"
"   0";"    8";" 0.00";"   -5.209";"conahcyt";" 2.247100e-02"
"   0";"    8";" 0.00";"   -5.209";"bosch";" 2.247100e-02"
"   0";"    8";" 0.00";"   -5.209";"k12";" 2.247100e-02"
"   0";"    8";" 0.00";"   -5.209";"intersectoriales";" 2.247100e-02"
"   0";"    8";" 0.00";"   -5.209";"gradescope";" 2.247100e-02"
"   0";"    8";" 0.00";"   -5.209";"fcya";" 2.247100e-02"
"   0";"    8";" 0.00";"   -5.209";"escenariom";" 2.247100e-02"
"   0";"    8";" 0.00";"   -5.209";"erasmus";" 2.247100e-02"
"   0";"    8";" 0.00";"   -5.209";"enia";" 2.247100e-02"
"   0";"    8";" 0.00";"   -5.209";"dpc";" 2.247100e-02"
"   0";"    8";" 0.00";"   -5.209";"datom";" 2.247100e-02"
"   0";"    8";" 0.00";"   -5.209";"dafo";" 2.247100e-02"
"   0";"    8";" 0.00";"   -5.209";"aie";" 2.247100e-02"
"   0";"    8";" 0.00";"   -5.209";"activismo";" 2.247100e-02"
"  66";"  208";"31.73";"   -5.180";"disponibilidad";" 2.284347e-02"
"  17";"   66";"25.76";"   -5.172";"gene";" 2.295013e-02"
"  10";"   44";"22.73";"   -5.144";"monterrey";" 2.332429e-02"
"  10";"   44";"22.73";"   -5.144";"torrejuana";" 2.332429e-02"
"  10";"   44";"22.73";"   -5.144";"prepararse";" 2.332429e-02"
"  22";"   81";"27.16";"   -5.113";"ne";" 2.374466e-02"
"   7";"   34";"20.59";"   -5.058";"opacidad";" 2.451914e-02"
"   7";"   34";"20.59";"   -5.058";"tfg";" 2.451914e-02"
"   7";"   34";"20.59";"   -5.058";"propor";" 2.451914e-02"
"   7";"   34";"20.59";"   -5.058";"dife";" 2.451914e-02"
" 315";"  881";"35.75";"   -5.049";"proponer";" 2.463665e-02"
"  36";"  122";"29.51";"   -5.039";"multimedia";" 2.477763e-02"
"  35";"  119";"29.41";"   -5.011";"conflicto";" 2.518345e-02"
"   3";"   20";"15.00";"   -5.000";"uax";" 2.534465e-02"
"   3";"   20";"15.00";"   -5.000";"municación";" 2.534465e-02"
"   3";"   20";"15.00";"   -5.000";"trabar";" 2.534465e-02"
"   3";"   20";"15.00";"   -5.000";"sidades";" 2.534465e-02"
"   3";"   20";"15.00";"   -5.000";"fesores";" 2.534465e-02"
"   3";"   20";"15.00";"   -5.000";"estandarizados";" 2.534465e-02"
"   3";"   20";"15.00";"   -5.000";"complemente";" 2.534465e-02"
"  12";"   50";"24.00";"   -4.989";"reproducción";" 2.550497e-02"
"  12";"   50";"24.00";"   -4.989";"ins";" 2.550497e-02"
"  94";"  285";"32.98";"   -4.984";"consejo";" 2.558858e-02"
" 490";" 1343";"36.49";"   -4.974";"relación";" 2.573122e-02"
"  33";"  113";"29.20";"   -4.958";"sensible";" 2.597063e-02"
"   5";"   27";"18.52";"   -4.946";"reclutamiento";" 2.614359e-02"
"   5";"   27";"18.52";"   -4.946";"guíe";" 2.614359e-02"
" 146";"  427";"34.19";"   -4.938";"matemáticas";" 2.626772e-02"
"  13";"   53";"24.53";"   -4.933";"pisar";" 2.634961e-02"
"  13";"   53";"24.53";"   -4.933";"posgrado";" 2.634961e-02"
" 124";"  367";"33.79";"   -4.921";"ley";" 2.653168e-02"
"   8";"   37";"21.62";"   -4.917";"kit";" 2.659526e-02"
"   8";"   37";"21.62";"   -4.917";"particularidad";" 2.659526e-02"
"   2";"   16";"12.50";"   -4.860";"cobo";" 2.748030e-02"
"   1";"   12";" 8.33";"   -4.860";"flacso";" 2.748344e-02"
"   1";"   12";" 8.33";"   -4.860";"chávez";" 2.748344e-02"
"   1";"   12";" 8.33";"   -4.860";"digcomp";" 2.748344e-02"
"   1";"   12";" 8.33";"   -4.860";"almenara";" 2.748344e-02"
"   2";"   16";"12.50";"   -4.860";"damental";" 2.748030e-02"
"   2";"   16";"12.50";"   -4.860";"autoformación";" 2.748030e-02"
"   1";"   12";" 8.33";"   -4.860";"tabnine";" 2.748344e-02"
"   2";"   16";"12.50";"   -4.860";"sarrollo";" 2.748030e-02"
"   2";"   16";"12.50";"   -4.860";"rramienta";" 2.748030e-02"
"   2";"   16";"12.50";"   -4.860";"posicionarse";" 2.748030e-02"
"   1";"   12";" 8.33";"   -4.860";"iipe";" 2.748344e-02"
"   2";"   16";"12.50";"   -4.860";"descuidar";" 2.748030e-02"
"   2";"   16";"12.50";"   -4.860";"brindándoles";" 2.748030e-02"
"   2";"   16";"12.50";"   -4.860";"apremiante";" 2.748030e-02"
"   1";"   12";" 8.33";"   -4.860";"uh";" 2.748344e-02"
"   1";"   12";" 8.33";"   -4.860";"evaluativa";" 2.748344e-02"
"   1";"   12";" 8.33";"   -4.860";"edpuzzle";" 2.748344e-02"
"   1";"   12";" 8.33";"   -4.860";"ucr";" 2.748344e-02"
"   1";"   12";" 8.33";"   -4.860";"tejido";" 2.748344e-02"
"   1";"   12";" 8.33";"   -4.860";"moti";" 2.748344e-02"
"   1";"   12";" 8.33";"   -4.860";"concientización";" 2.748344e-02"
"   1";"   12";" 8.33";"   -4.860";"transversalidad";" 2.748344e-02"
"   1";"   12";" 8.33";"   -4.860";"municipal";" 2.748344e-02"
"   1";"   12";" 8.33";"   -4.860";"eduguia";" 2.748344e-02"
"   1";"   12";" 8.33";"   -4.860";"conti";" 2.748344e-02"
"   1";"   12";" 8.33";"   -4.860";"cho";" 2.748344e-02"
"   1";"   12";" 8.33";"   -4.860";"articula";" 2.748344e-02"
"   1";"   12";" 8.33";"   -4.860";"éti";" 2.748344e-02"
"   1";"   12";" 8.33";"   -4.860";"yla";" 2.748344e-02"
"   1";"   12";" 8.33";"   -4.860";"retroalimentar";" 2.748344e-02"
"   1";"   12";" 8.33";"   -4.860";"mediadas";" 2.748344e-02"
"   1";"   12";" 8.33";"   -4.860";"llos";" 2.748344e-02"
"   1";"   12";" 8.33";"   -4.860";"integradora";" 2.748344e-02"
"   1";"   12";" 8.33";"   -4.860";"implemente";" 2.748344e-02"
"   1";"   12";" 8.33";"   -4.860";"fesorado";" 2.748344e-02"
"   1";"   12";" 8.33";"   -4.860";"entende";" 2.748344e-02"
"   1";"   12";" 8.33";"   -4.860";"enfoquen";" 2.748344e-02"
"   1";"   12";" 8.33";"   -4.860";"dimiento";" 2.748344e-02"
"   1";"   12";" 8.33";"   -4.860";"demanera";" 2.748344e-02"
"   1";"   12";" 8.33";"   -4.860";"cg3";" 2.748344e-02"
"   1";"   12";" 8.33";"   -4.860";"catalizar";" 2.748344e-02"
"  63";"  198";"31.82";"   -4.819";"indicador";" 2.814193e-02"
" 394";" 1088";"36.21";"   -4.792";"país";" 2.859911e-02"
"  18";"   68";"26.47";"   -4.788";"tar";" 2.866012e-02"
"   6";"   30";"20.00";"   -4.745";"aca";" 2.937978e-02"
"   6";"   30";"20.00";"   -4.745";"prensión";" 2.937978e-02"
" 145";"  423";"34.28";"   -4.731";"agente";" 2.962631e-02"
"  10";"   43";"23.26";"   -4.714";"desarrollarse";" 2.991581e-02"
" 148";"  431";"34.34";"   -4.710";"previo";" 2.999401e-02"
"  42";"  138";"30.43";"   -4.687";"destinar";" 3.039972e-02"
"   4";"   23";"17.39";"   -4.680";"deci";" 3.051776e-02"
"   4";"   23";"17.39";"   -4.680";"sociológico";" 3.051776e-02"
"   4";"   23";"17.39";"   -4.680";"vocación";" 3.051776e-02"
"   4";"   23";"17.39";"   -4.680";"convenio";" 3.051776e-02"
"   4";"   23";"17.39";"   -4.680";"confidencial";" 3.051776e-02"
"   4";"   23";"17.39";"   -4.680";"legislador";" 3.051776e-02"
"   4";"   23";"17.39";"   -4.680";"llevarse";" 3.051776e-02"
"  33";"  112";"29.46";"   -4.667";"resistencia";" 3.075308e-02"
"   7";"   33";"21.21";"   -4.589";"legislativo";" 3.217662e-02"
"   7";"   33";"21.21";"   -4.589";"innegable";" 3.217662e-02"
"   7";"   33";"21.21";"   -4.589";"contextualizadas";" 3.217662e-02"
"  12";"   49";"24.49";"   -4.584";"núcleo";" 3.227217e-02"
"   0";"    7";" 0.00";"   -4.558";"computers";" 3.276986e-02"
"   0";"    7";" 0.00";"   -4.558";"pedagogical";" 3.276986e-02"
"   0";"    7";" 0.00";"   -4.558";"interactions";" 3.276986e-02"
"   0";"    7";" 0.00";"   -4.558";"recommendation";" 3.276986e-02"
"   0";"    7";" 0.00";"   -4.558";"muñiz";" 3.276986e-02"
"   0";"    7";" 0.00";"   -4.558";"reifop";" 3.276986e-02"
"   0";"    7";" 0.00";"   -4.558";"iisue";" 3.276986e-02"
"   0";"    7";" 0.00";"   -4.558";"luque";" 3.276986e-02"
"   0";"    7";" 0.00";"   -4.558";"crue";" 3.276986e-02"
"   0";"    7";" 0.00";"   -4.558";"2021a";" 3.276986e-02"
"   0";"    7";" 0.00";"   -4.558";"sandoval";" 3.276986e-02"
"   0";"    7";" 0.00";"   -4.558";"lugo";" 3.276986e-02"
"   0";"    7";" 0.00";"   -4.558";"inai";" 3.276986e-02"
"   0";"    7";" 0.00";"   -4.558";"ye";" 3.276986e-02"
"   0";"    7";" 0.00";"   -4.558";"oliveras";" 3.276986e-02"
"   0";"    7";" 0.00";"   -4.558";"2021b";" 3.276986e-02"
"   0";"    7";" 0.00";"   -4.558";"webster";" 3.276986e-02"
"   0";"    7";" 0.00";"   -4.558";"wiris";" 3.276986e-02"
"   0";"    7";" 0.00";"   -4.558";"batista";" 3.276986e-02"
"   0";"    7";" 0.00";"   -4.558";"roumate";" 3.276986e-02"
"   0";"    7";" 0.00";"   -4.558";"intangibles";" 3.276986e-02"
"   0";"    7";" 0.00";"   -4.558";"innovacion";" 3.276986e-02"
"   0";"    7";" 0.00";"   -4.558";"iac";" 3.276986e-02"
"   0";"    7";" 0.00";"   -4.558";"gallagher";" 3.276986e-02"
"   0";"    7";" 0.00";"   -4.558";"fengchun";" 3.276986e-02"
"   0";"    7";" 0.00";"   -4.558";"brahma";" 3.276986e-02"
"   0";"    7";" 0.00";"   -4.558";"aprendiente";" 3.276986e-02"
" 225";"  637";"35.32";"   -4.546";"positivo";" 3.299775e-02"
"  27";"   94";"28.72";"   -4.519";"encargar";" 3.351183e-02"
" 287";"  802";"35.79";"   -4.515";"cuestión";" 3.359649e-02"
" 133";"  389";"34.19";"   -4.500";"crecimiento";" 3.390277e-02"
" 202";"  575";"35.13";"   -4.491";"presente";" 3.408112e-02"
"  25";"   88";"28.41";"   -4.483";"lópez";" 3.424151e-02"
"   8";"   36";"22.22";"   -4.467";"católico";" 3.456085e-02"
"   8";"   36";"22.22";"   -4.467";"posicionamiento";" 3.456085e-02"
"   8";"   36";"22.22";"   -4.467";"temático";" 3.456085e-02"
"   8";"   36";"22.22";"   -4.467";"instar";" 3.456085e-02"
"   3";"   19";"15.79";"   -4.448";"assessment";" 3.494028e-02"
"   3";"   19";"15.79";"   -4.448";"renovación";" 3.494028e-02"
"   3";"   19";"15.79";"   -4.448";"presencialidad";" 3.494028e-02"
"   3";"   19";"15.79";"   -4.448";"sores";" 3.494028e-02"
"   3";"   19";"15.79";"   -4.448";"gital";" 3.494028e-02"
"   5";"   26";"19.23";"   -4.444";"intimidación";" 3.501761e-02"
"   5";"   26";"19.23";"   -4.444";"inclu";" 3.501761e-02"
"   5";"   26";"19.23";"   -4.444";"explicable";" 3.501761e-02"
"  21";"   76";"27.63";"   -4.436";"dificultar";" 3.518870e-02"
"  20";"   73";"27.40";"   -4.432";"doi";" 3.527943e-02"
"  20";"   73";"27.40";"   -4.432";"versatilidad";" 3.527943e-02"
"  19";"   70";"27.14";"   -4.431";"content";" 3.529490e-02"
"  19";"   70";"27.14";"   -4.431";"estructural";" 3.529490e-02"
"  34";"  114";"29.82";"   -4.413";"ano";" 3.566621e-02"
"  33";"  111";"29.73";"   -4.382";"periodismo";" 3.632198e-02"
" 423";" 1160";"36.47";"   -4.344";"real";" 3.714756e-02"
"  52";"  165";"31.52";"   -4.340";"entidad";" 3.722242e-02"
" 220";"  622";"35.37";"   -4.335";"grado";" 3.733652e-02"
"  10";"   42";"23.81";"   -4.295";"democratización";" 3.823328e-02"
"  66";"  204";"32.35";"   -4.293";"pretender";" 3.827460e-02"
"   2";"   15";"13.33";"   -4.279";"c1";" 3.858760e-02"
"   2";"   15";"13.33";"   -4.279";"oberta";" 3.858760e-02"
"   2";"   15";"13.33";"   -4.279";"coursera";" 3.858760e-02"
"   2";"   15";"13.33";"   -4.279";"núm";" 3.858760e-02"
"   2";"   15";"13.33";"   -4.279";"experi";" 3.858760e-02"
"   2";"   15";"13.33";"   -4.279";"orientadores";" 3.858760e-02"
"   2";"   15";"13.33";"   -4.279";"insustituible";" 3.858760e-02"
"   2";"   15";"13.33";"   -4.279";"encrucijada";" 3.858760e-02"
"   2";"   15";"13.33";"   -4.279";"asesorar";" 3.858760e-02"
"   2";"   15";"13.33";"   -4.279";"socioculturales";" 3.858760e-02"
"   2";"   15";"13.33";"   -4.279";"paradigmático";" 3.858760e-02"
"   2";"   15";"13.33";"   -4.279";"natura";" 3.858760e-02"
"   2";"   15";"13.33";"   -4.279";"gicas";" 3.858760e-02"
"   2";"   15";"13.33";"   -4.279";"desmitificar";" 3.858760e-02"
"   6";"   29";"20.69";"   -4.267";"localmente";" 3.885541e-02"
"   6";"   29";"20.69";"   -4.267";"obstaculizar";" 3.885541e-02"
"   6";"   29";"20.69";"   -4.267";"caciones";" 3.885541e-02"
"   1";"   11";" 9.09";"   -4.241";"coord";" 3.946598e-02"
"   1";"   11";" 9.09";"   -4.241";"unach";" 3.946598e-02"
"   1";"   11";" 9.09";"   -4.241";"pf0000385146_spa";" 3.946598e-02"
"   1";"   11";" 9.09";"   -4.241";"ali";" 3.946598e-02"
"   1";"   11";" 9.09";"   -4.241";"repetitividad";" 3.946598e-02"
"   1";"   11";" 9.09";"   -4.241";"quizbot";" 3.946598e-02"
"   1";"   11";" 9.09";"   -4.241";"presidencia";" 3.946598e-02"
"   1";"   11";" 9.09";"   -4.241";"escobar";" 3.946598e-02"
"   1";"   11";" 9.09";"   -4.241";"nearpod";" 3.946598e-02"
"   1";"   11";" 9.09";"   -4.241";"florecer";" 3.946598e-02"
"   1";"   11";" 9.09";"   -4.241";"erudición";" 3.946598e-02"
"   1";"   11";" 9.09";"   -4.241";"solucionismo";" 3.946598e-02"
"   1";"   11";" 9.09";"   -4.241";"socie";" 3.946598e-02"
"   1";"   11";" 9.09";"   -4.241";"sep";" 3.946598e-02"
"   1";"   11";" 9.09";"   -4.241";"incorpo";" 3.946598e-02"
"   1";"   11";" 9.09";"   -4.241";"focales";" 3.946598e-02"
"   1";"   11";" 9.09";"   -4.241";"dialógicas";" 3.946598e-02"
"   1";"   11";" 9.09";"   -4.241";"autorrealización";" 3.946598e-02"
"   1";"   11";" 9.09";"   -4.241";"actualicen";" 3.946598e-02"
"   1";"   11";" 9.09";"   -4.241";"sonalización";" 3.946598e-02"
"   1";"   11";" 9.09";"   -4.241";"rrollar";" 3.946598e-02"
"   1";"   11";" 9.09";"   -4.241";"reduccionista";" 3.946598e-02"
"   1";"   11";" 9.09";"   -4.241";"profun";" 3.946598e-02"
"   1";"   11";" 9.09";"   -4.241";"pequeñas y medianas empresas";" 3.946598e-02"
"   1";"   11";" 9.09";"   -4.241";"nomía";" 3.946598e-02"
"   1";"   11";" 9.09";"   -4.241";"hackatones";" 3.946598e-02"
"   1";"   11";" 9.09";"   -4.241";"exigente";" 3.946598e-02"
"   1";"   11";" 9.09";"   -4.241";"epistémicos";" 3.946598e-02"
"   1";"   11";" 9.09";"   -4.241";"doras";" 3.946598e-02"
"   1";"   11";" 9.09";"   -4.241";"didác";" 3.946598e-02"
"   1";"   11";" 9.09";"   -4.241";"deliberación";" 3.946598e-02"
"   1";"   11";" 9.09";"   -4.241";"complementarse";" 3.946598e-02"
"   1";"   11";" 9.09";"   -4.241";"aplicarlos";" 3.946598e-02"
"  11";"   45";"24.44";"   -4.235";"coordinador";" 3.959536e-02"
"  78";"  237";"32.91";"   -4.233";"principalmente";" 3.963791e-02"
"  27";"   93";"29.03";"   -4.217";"efectivamente";" 4.001833e-02"
"  27";"   93";"29.03";"   -4.217";"desplegar";" 4.001833e-02"
"  12";"   48";"25.00";"   -4.189";"cons";" 4.068799e-02"
" 163";"  468";"34.83";"   -4.179";"éxito";" 4.093016e-02"
"  25";"   87";"28.74";"   -4.173";"vulnerable";" 4.107446e-02"
"   4";"   22";"18.18";"   -4.161";"vargas";" 4.136455e-02"
"   4";"   22";"18.18";"   -4.161";"siemens";" 4.136455e-02"
"   4";"   22";"18.18";"   -4.161";"confluencia";" 4.136455e-02"
"   4";"   22";"18.18";"   -4.161";"apro";" 4.136455e-02"
"  34";"  113";"30.09";"   -4.137";"vigilancia";" 4.195057e-02"
"   7";"   32";"21.88";"   -4.132";"estandarizar";" 4.207863e-02"
"  92";"  275";"33.45";"   -4.130";"for";" 4.212914e-02"
"  15";"   57";"26.32";"   -4.109";"abanico";" 4.265008e-02"
"  40";"  130";"30.77";"   -4.092";"reducción";" 4.307881e-02"
"  19";"   69";"27.54";"   -4.092";"directora";" 4.307717e-02"
"  30";"  101";"29.70";"   -4.009";"originalidad";" 4.526782e-02"
"   5";"   25";"20.00";"   -3.954";"innovation";" 4.675781e-02"
"   5";"   25";"20.00";"   -3.954";"considerablemente";" 4.675781e-02"
"   5";"   25";"20.00";"   -3.954";"cialmente";" 4.675781e-02"
"   9";"   38";"23.68";"   -3.948";"montevideo";" 4.692788e-02"
"   9";"   38";"23.68";"   -3.948";"disciplinario";" 4.692788e-02"
"   9";"   38";"23.68";"   -3.948";"comu";" 4.692788e-02"
"   9";"   38";"23.68";"   -3.948";"mediano";" 4.692788e-02"
"   9";"   38";"23.68";"   -3.948";"determinante";" 4.692788e-02"
"   3";"   18";"16.67";"   -3.907";"ec";" 4.808431e-02"
"   0";"    6";" 0.00";"   -3.907";"efl";" 4.809679e-02"
"   0";"    6";" 0.00";"   -3.907";"designed";" 4.809679e-02"
"   3";"   18";"16.67";"   -3.907";"peña";" 4.808431e-02"
"   3";"   18";"16.67";"   -3.907";"permanencia";" 4.808431e-02"
"   3";"   18";"16.67";"   -3.907";"titulación";" 4.808431e-02"
"   0";"    6";" 0.00";"   -3.907";"cope";" 4.809679e-02"
"   3";"   18";"16.67";"   -3.907";"rentar";" 4.808431e-02"
"   3";"   18";"16.67";"   -3.907";"rendi";" 4.808431e-02"
"   3";"   18";"16.67";"   -3.907";"ofre";" 4.808431e-02"
"   3";"   18";"16.67";"   -3.907";"mejoramiento";" 4.808431e-02"
"   3";"   18";"16.67";"   -3.907";"gica";" 4.808431e-02"
"   3";"   18";"16.67";"   -3.907";"dinámicamente";" 4.808431e-02"
"   3";"   18";"16.67";"   -3.907";"ciendo";" 4.808431e-02"
"   0";"    6";" 0.00";"   -3.907";"padilla";" 4.809679e-02"
"   0";"    6";" 0.00";"   -3.907";"copilotuna";" 4.809679e-02"
"   0";"    6";" 0.00";"   -3.907";"ojs";" 4.809679e-02"
"   0";"    6";" 0.00";"   -3.907";"leiva";" 4.809679e-02"
"   0";"    6";" 0.00";"   -3.907";"geekie";" 4.809679e-02"
"   0";"    6";" 0.00";"   -3.907";"diplomado";" 4.809679e-02"
"   0";"    6";" 0.00";"   -3.907";"readiness";" 4.809679e-02"
"   0";"    6";" 0.00";"   -3.907";"hipertext";" 4.809679e-02"
"   0";"    6";" 0.00";"   -3.907";"gupta";" 4.809679e-02"
"   0";"    6";" 0.00";"   -3.907";"durán";" 4.809679e-02"
"   0";"    6";" 0.00";"   -3.907";"citep";" 4.809679e-02"
"   0";"    6";" 0.00";"   -3.907";"eef";" 4.809679e-02"
"   0";"    6";" 0.00";"   -3.907";"aparicio";" 4.809679e-02"
"   0";"    6";" 0.00";"   -3.907";"puentedura";" 4.809679e-02"
"   0";"    6";" 0.00";"   -3.907";"okonkwo";" 4.809679e-02"
"   0";"    6";" 0.00";"   -3.907";"eynon";" 4.809679e-02"
"   0";"    6";" 0.00";"   -3.907";"blasco";" 4.809679e-02"
"   0";"    6";" 0.00";"   -3.907";"bernal";" 4.809679e-02"
"   0";"    6";" 0.00";"   -3.907";"acrónimos";" 4.809679e-02"
"   0";"    6";" 0.00";"   -3.907";"1aspectos";" 4.809679e-02"
"   0";"    6";" 0.00";"   -3.907";"tedre";" 4.809679e-02"
"   0";"    6";" 0.00";"   -3.907";"sperling";" 4.809679e-02"
"   0";"    6";" 0.00";"   -3.907";"sharples";" 4.809679e-02"
"   0";"    6";" 0.00";"   -3.907";"reice";" 4.809679e-02"
"   0";"    6";" 0.00";"   -3.907";"ibijola";" 4.809679e-02"
"   0";"    6";" 0.00";"   -3.907";"01aa75ed71a1";" 4.809679e-02"
"  83";"  249";"33.33";"   -3.891";"interesar";" 4.853551e-02"
"  24";"   83";"28.92";"   -3.848";"articular";" 4.980555e-02"
"  11";"   44";"25.00";"   -3.840";"favorable";" 5.005327e-02"
"  11";"   44";"25.00";"   -3.840";"gradual";" 5.005327e-02"
"  12";"   47";"25.53";"   -3.805";"micro";" 5.110371e-02"
"  12";"   47";"25.53";"   -3.805";"investi";" 5.110371e-02"
"  12";"   47";"25.53";"   -3.805";"concretamente";" 5.110371e-02"
"  12";"   47";"25.53";"   -3.805";"dores";" 5.110371e-02"
"   6";"   28";"21.43";"   -3.802";"literacy";" 5.120584e-02"
"   6";"   28";"21.43";"   -3.802";"cumbre";" 5.120584e-02"
"   6";"   28";"21.43";"   -3.802";"acompan";" 5.120584e-02"
"   6";"   28";"21.43";"   -3.802";"diver";" 5.120584e-02"
" 123";"  357";"34.45";"   -3.723";"detallar";" 5.366639e-02"
" 190";"  537";"35.38";"   -3.716";"seguro";" 5.388577e-02"
"   2";"   14";"14.29";"   -3.707";"extremadura";" 5.416942e-02"
"   2";"   14";"14.29";"   -3.707";"binomi";" 5.416942e-02"
"   2";"   14";"14.29";"   -3.707";"winkler";" 5.416942e-02"
"   2";"   14";"14.29";"   -3.707";"söllner";" 5.416942e-02"
"   2";"   14";"14.29";"   -3.707";"aleks";" 5.416942e-02"
"   2";"   14";"14.29";"   -3.707";"kenia";" 5.416942e-02"
"   2";"   14";"14.29";"   -3.707";"zada";" 5.416942e-02"
"   2";"   14";"14.29";"   -3.707";"retroalimenta";" 5.416942e-02"
"   2";"   14";"14.29";"   -3.707";"polarización";" 5.416942e-02"
"   2";"   14";"14.29";"   -3.707";"plica";" 5.416942e-02"
"   2";"   14";"14.29";"   -3.707";"objeti";" 5.416942e-02"
"   2";"   14";"14.29";"   -3.707";"gobier";" 5.416942e-02"
"   2";"   14";"14.29";"   -3.707";"desem";" 5.416942e-02"
"   2";"   14";"14.29";"   -3.707";"contraproducente";" 5.416942e-02"
"   2";"   14";"14.29";"   -3.707";"concreción";" 5.416942e-02"
"   2";"   14";"14.29";"   -3.707";"comunicativos";" 5.416942e-02"
"   2";"   14";"14.29";"   -3.707";"anali";" 5.416942e-02"
"   2";"   14";"14.29";"   -3.707";"alinee";" 5.416942e-02"
"   7";"   31";"22.58";"   -3.688";"jiménez";" 5.481951e-02"
"   7";"   31";"22.58";"   -3.688";"cr";" 5.481951e-02"
"   7";"   31";"22.58";"   -3.688";"vidad";" 5.481951e-02"
"   7";"   31";"22.58";"   -3.688";"temáticos";" 5.481951e-02"
"   7";"   31";"22.58";"   -3.688";"conteni";" 5.481951e-02"
"  36";"  117";"30.77";"   -3.682";"justificar";" 5.498882e-02"
"   4";"   21";"19.05";"   -3.655";"sistematización";" 5.590870e-02"
"   4";"   21";"19.05";"   -3.655";"samiento";" 5.590870e-02"
"   4";"   21";"19.05";"   -3.655";"lúdicos";" 5.590870e-02"
"   4";"   21";"19.05";"   -3.655";"interpela";" 5.590870e-02"
"   4";"   21";"19.05";"   -3.655";"interferir";" 5.590870e-02"
"  35";"  114";"30.70";"   -3.644";"rúbrica";" 5.627273e-02"
"  93";"  275";"33.82";"   -3.643";"as";" 5.631123e-02"
"  41";"  131";"31.30";"   -3.636";"sustituir";" 5.654080e-02"
"   1";"   10";"10.00";"   -3.628";"educause";" 5.682966e-02"
"   1";"   10";"10.00";"   -3.628";"coords";" 5.682966e-02"
"   1";"   10";"10.00";"   -3.628";"connection";" 5.682966e-02"
"   1";"   10";"10.00";"   -3.628";"elizabeth";" 5.682966e-02"
"   1";"   10";"10.00";"   -3.628";"calderón";" 5.682966e-02"
"   1";"   10";"10.00";"   -3.628";"soso";" 5.682966e-02"
"   1";"   10";"10.00";"   -3.628";"moreira";" 5.682966e-02"
"   1";"   10";"10.00";"   -3.628";"jia";" 5.682966e-02"
"   1";"   10";"10.00";"   -3.628";"novar";" 5.682966e-02"
"   1";"   10";"10.00";"   -3.628";"cdt";" 5.682966e-02"
"   1";"   10";"10.00";"   -3.628";"malta";" 5.682966e-02"
"   1";"   10";"10.00";"   -3.628";"lo3";" 5.682966e-02"
"   1";"   10";"10.00";"   -3.628";"icesi";" 5.682966e-02"
"   1";"   10";"10.00";"   -3.628";"edutechnia";" 5.682966e-02"
"   1";"   10";"10.00";"   -3.628";"cedillo";" 5.682966e-02"
"   1";"   10";"10.00";"   -3.628";"situacional";" 5.682966e-02"
"   1";"   10";"10.00";"   -3.628";"questionwell";" 5.682966e-02"
"   1";"   10";"10.00";"   -3.628";"paña";" 5.682966e-02"
"   1";"   10";"10.00";"   -3.628";"matlab";" 5.682966e-02"
"   1";"   10";"10.00";"   -3.628";"horkheimer";" 5.682966e-02"
"   1";"   10";"10.00";"   -3.628";"tecnofobia";" 5.682966e-02"
"   1";"   10";"10.00";"   -3.628";"sustentabilidad";" 5.682966e-02"
"   1";"   10";"10.00";"   -3.628";"subsecretaría";" 5.682966e-02"
"   1";"   10";"10.00";"   -3.628";"pel";" 5.682966e-02"
"   1";"   10";"10.00";"   -3.628";"meso";" 5.682966e-02"
"   1";"   10";"10.00";"   -3.628";"embebida";" 5.682966e-02"
"   1";"   10";"10.00";"   -3.628";"asar|asir";" 5.682966e-02"
"   1";"   10";"10.00";"   -3.628";"yectos";" 5.682966e-02"
"   1";"   10";"10.00";"   -3.628";"trado";" 5.682966e-02"
"   1";"   10";"10.00";"   -3.628";"sénior";" 5.682966e-02"
"   1";"   10";"10.00";"   -3.628";"simplificando";" 5.682966e-02"
"   1";"   10";"10.00";"   -3.628";"sibles";" 5.682966e-02"
"   1";"   10";"10.00";"   -3.628";"riales";" 5.682966e-02"
"   1";"   10";"10.00";"   -3.628";"reguladoras";" 5.682966e-02"
"   1";"   10";"10.00";"   -3.628";"recreativo";" 5.682966e-02"
"   1";"   10";"10.00";"   -3.628";"reconfigurar";" 5.682966e-02"
"   1";"   10";"10.00";"   -3.628";"posibilida";" 5.682966e-02"
"   1";"   10";"10.00";"   -3.628";"portante";" 5.682966e-02"
"   1";"   10";"10.00";"   -3.628";"pios";" 5.682966e-02"
"   1";"   10";"10.00";"   -3.628";"motivadores";" 5.682966e-02"
"   1";"   10";"10.00";"   -3.628";"minimizan";" 5.682966e-02"
"   1";"   10";"10.00";"   -3.628";"líticas";" 5.682966e-02"
"   1";"   10";"10.00";"   -3.628";"inclusividad";" 5.682966e-02"
"   1";"   10";"10.00";"   -3.628";"generati";" 5.682966e-02"
"   1";"   10";"10.00";"   -3.628";"garantir";" 5.682966e-02"
"   1";"   10";"10.00";"   -3.628";"focalizar";" 5.682966e-02"
"   1";"   10";"10.00";"   -3.628";"facilitadora";" 5.682966e-02"
"   1";"   10";"10.00";"   -3.628";"epígrafe";" 5.682966e-02"
"   1";"   10";"10.00";"   -3.628";"entor";" 5.682966e-02"
"   1";"   10";"10.00";"   -3.628";"enriquezcan";" 5.682966e-02"
"   1";"   10";"10.00";"   -3.628";"dere";" 5.682966e-02"
"   1";"   10";"10.00";"   -3.628";"delas";" 5.682966e-02"
"   1";"   10";"10.00";"   -3.628";"curador";" 5.682966e-02"
"   1";"   10";"10.00";"   -3.628";"cuestionarnos";" 5.682966e-02"
"   1";"   10";"10.00";"   -3.628";"contradecir";" 5.682966e-02"
"   1";"   10";"10.00";"   -3.628";"conformación";" 5.682966e-02"
"   1";"   10";"10.00";"   -3.628";"ciberbullying";" 5.682966e-02"
"   1";"   10";"10.00";"   -3.628";"basándote";" 5.682966e-02"
"   1";"   10";"10.00";"   -3.628";"atañer";" 5.682966e-02"
"   8";"   34";"23.53";"   -3.602";"auditivas";" 5.771058e-02"
"   8";"   34";"23.53";"   -3.602";"prestación";" 5.771058e-02"
"  88";"  261";"33.72";"   -3.583";"carrera";" 5.837038e-02"
"  25";"   85";"29.41";"   -3.578";"planteamiento";" 5.855688e-02"
"  68";"  206";"33.01";"   -3.568";"valoración";" 5.890437e-02"
"  59";"  181";"32.60";"   -3.550";"confiable";" 5.954837e-02"
"   9";"   37";"24.32";"   -3.538";"entenderse";" 5.998202e-02"
"  23";"   79";"29.11";"   -3.526";"influenciar";" 6.042924e-02"
"  10";"   40";"25.00";"   -3.490";"desfavorecido";" 6.172483e-02"
"   5";"   24";"20.83";"   -3.477";"arduino";" 6.221670e-02"
"   5";"   24";"20.83";"   -3.477";"sumativa";" 6.221670e-02"
"   5";"   24";"20.83";"   -3.477";"profeso";" 6.221670e-02"
"   5";"   24";"20.83";"   -3.477";"amplifica";" 6.221670e-02"
"  11";"   43";"25.58";"   -3.456";"vocacional";" 6.301780e-02"
"  11";"   43";"25.58";"   -3.456";"cen";" 6.301780e-02"
"  11";"   43";"25.58";"   -3.456";"tica";" 6.301780e-02"
"  11";"   43";"25.58";"   -3.456";"digitalmente";" 6.301780e-02"
"  12";"   46";"26.09";"   -3.432";"sustitución";" 6.392848e-02"
"  17";"   61";"27.87";"   -3.418";"diverso";" 6.448774e-02"
"  13";"   49";"26.53";"   -3.417";"agradecimientos";" 6.451442e-02"
"  13";"   49";"26.53";"   -3.417";"legítimo";" 6.451442e-02"
"  16";"   58";"27.59";"   -3.411";"eva";" 6.477839e-02"
"  16";"   58";"27.59";"   -3.411";"bre";" 6.477839e-02"
"  16";"   58";"27.59";"   -3.411";"invitación";" 6.477839e-02"
"  14";"   52";"26.92";"   -3.409";"cataluña";" 6.482463e-02"
"  14";"   52";"26.92";"   -3.409";"continuidad";" 6.482463e-02"
"  15";"   55";"27.27";"   -3.407";"tante";" 6.490078e-02"
"  51";"  158";"32.28";"   -3.393";"sostener";" 6.547452e-02"
"  28";"   93";"30.11";"   -3.390";"comparativo";" 6.558612e-02"
"  28";"   93";"30.11";"   -3.390";"empírico";" 6.558612e-02"
"   3";"   17";"17.65";"   -3.379";"navarro";" 6.603360e-02"
"   3";"   17";"17.65";"   -3.379";"morduchowicz";" 6.603360e-02"
"   3";"   17";"17.65";"   -3.379";"gitmind";" 6.603360e-02"
"   3";"   17";"17.65";"   -3.379";"reutilización";" 6.603360e-02"
"   3";"   17";"17.65";"   -3.379";"progenitor";" 6.603360e-02"
"   3";"   17";"17.65";"   -3.379";"organización no gubernamental";" 6.603360e-02"
"   3";"   17";"17.65";"   -3.379";"negociar";" 6.603360e-02"
"   3";"   17";"17.65";"   -3.379";"vastas";" 6.603360e-02"
"   3";"   17";"17.65";"   -3.379";"pación";" 6.603360e-02"
"   3";"   17";"17.65";"   -3.379";"inherentemente";" 6.603360e-02"
"   3";"   17";"17.65";"   -3.379";"curaduría";" 6.603360e-02"
"  27";"   90";"30.00";"   -3.357";"dotar";" 6.692905e-02"
"   6";"   27";"22.22";"   -3.350";"vertiginoso";" 6.721946e-02"
"   6";"   27";"22.22";"   -3.350";"sobrecarga";" 6.721946e-02"
"   6";"   27";"22.22";"   -3.350";"inapropiado";" 6.721946e-02"
"   6";"   27";"22.22";"   -3.350";"blemas";" 6.721946e-02"
"   6";"   27";"22.22";"   -3.350";"bilidades";" 6.721946e-02"
" 131";"  376";"34.84";"   -3.337";"intelectual";" 6.775216e-02"
"  33";"  107";"30.84";"   -3.312";"fundación";" 6.879348e-02"
"  49";"  152";"32.24";"   -3.302";"módulo";" 6.919681e-02"
"  38";"  121";"31.40";"   -3.270";"fiable";" 7.055446e-02"
"   7";"   30";"23.33";"   -3.257";"revolucionado";" 7.112337e-02"
"   0";"    5";" 0.00";"   -3.255";"level";" 7.118612e-02"
"   0";"    5";" 0.00";"   -3.255";"relations";" 7.118612e-02"
"   0";"    5";" 0.00";"   -3.255";"patricia";" 7.118612e-02"
"   0";"    5";" 0.00";"   -3.255";"spanish";" 7.118612e-02"
"   0";"    5";" 0.00";"   -3.255";"hidalgo";" 7.118612e-02"
"   0";"    5";" 0.00";"   -3.255";"zhou";" 7.118612e-02"
"   0";"    5";" 0.00";"   -3.255";"jiang";" 7.118612e-02"
"   0";"    5";" 0.00";"   -3.255";"rodrigues";" 7.118612e-02"
"   0";"    5";" 0.00";"   -3.255";"pineda";" 7.118612e-02"
"   0";"    5";" 0.00";"   -3.255";"ceide";" 7.118612e-02"
"   0";"    5";" 0.00";"   -3.255";"valència";" 7.118612e-02"
"   0";"    5";" 0.00";"   -3.255";"almeida";" 7.118612e-02"
"   0";"    5";" 0.00";"   -3.255";"vila";" 7.118612e-02"
"   0";"    5";" 0.00";"   -3.255";"shum";" 7.118612e-02"
"   0";"    5";" 0.00";"   -3.255";"sanabria";" 7.118612e-02"
"   0";"    5";" 0.00";"   -3.255";"namibia";" 7.118612e-02"
"   0";"    5";" 0.00";"   -3.255";"fer";" 7.118612e-02"
"   0";"    5";" 0.00";"   -3.255";"corbett";" 7.118612e-02"
"   0";"    5";" 0.00";"   -3.255";"tamara";" 7.118612e-02"
"   0";"    5";" 0.00";"   -3.255";"sg";" 7.118612e-02"
"   0";"    5";" 0.00";"   -3.255";"mejía";" 7.118612e-02"
"   0";"    5";" 0.00";"   -3.255";"lion";" 7.118612e-02"
"   0";"    5";" 0.00";"   -3.255";"kapp";" 7.118612e-02"
"   0";"    5";" 0.00";"   -3.255";"chomczyk";" 7.118612e-02"
"   0";"    5";" 0.00";"   -3.255";"supra";" 7.118612e-02"
"   0";"    5";" 0.00";"   -3.255";"sidorkin";" 7.118612e-02"
"   0";"    5";" 0.00";"   -3.255";"senado";" 7.118612e-02"
"   0";"    5";" 0.00";"   -3.255";"roy";" 7.118612e-02"
"   0";"    5";" 0.00";"   -3.255";"jobin";" 7.118612e-02"
"   0";"    5";" 0.00";"   -3.255";"hierrezuelo";" 7.118612e-02"
"   0";"    5";" 0.00";"   -3.255";"gema";" 7.118612e-02"
"   0";"    5";" 0.00";"   -3.255";"gazulla";" 7.118612e-02"
"   0";"    5";" 0.00";"   -3.255";"garrido";" 7.118612e-02"
"   0";"    5";" 0.00";"   -3.255";"epi";" 7.118612e-02"
"   0";"    5";" 0.00";"   -3.255";"asenjo";" 7.118612e-02"
"   8";"   33";"24.24";"   -3.190";"fa";" 7.411095e-02"
"   8";"   33";"24.24";"   -3.190";"familiarizarse";" 7.411095e-02"
"   4";"   20";"20.00";"   -3.163";"nica";" 7.532229e-02"
"   4";"   20";"20.00";"   -3.163";"zado";" 7.532229e-02"
"   4";"   20";"20.00";"   -3.163";"valoren";" 7.532229e-02"
"   4";"   20";"20.00";"   -3.163";"ineludible";" 7.532229e-02"
"   2";"   13";"15.38";"   -3.148";"strategy";" 7.600623e-02"
"   2";"   13";"15.38";"   -3.148";"ortiz";" 7.600623e-02"
"   2";"   13";"15.38";"   -3.148";"mollick";" 7.600623e-02"
"   2";"   13";"15.38";"   -3.148";"yang";" 7.600623e-02"
"   2";"   13";"15.38";"   -3.148";"cepal";" 7.600623e-02"
"   2";"   13";"15.38";"   -3.148";"autorreflexión";" 7.600623e-02"
"   2";"   13";"15.38";"   -3.148";"organizacionales";" 7.600623e-02"
"   2";"   13";"15.38";"   -3.148";"lar";" 7.600623e-02"
"   2";"   13";"15.38";"   -3.148";"emo";" 7.600623e-02"
"   2";"   13";"15.38";"   -3.148";"acentuar";" 7.600623e-02"
"   2";"   13";"15.38";"   -3.148";"vel";" 7.600623e-02"
"   2";"   13";"15.38";"   -3.148";"valorando";" 7.600623e-02"
"   2";"   13";"15.38";"   -3.148";"teriales";" 7.600623e-02"
"   2";"   13";"15.38";"   -3.148";"tencial";" 7.600623e-02"
"   2";"   13";"15.38";"   -3.148";"reglamentación";" 7.600623e-02"
"   2";"   13";"15.38";"   -3.148";"pú";" 7.600623e-02"
"   2";"   13";"15.38";"   -3.148";"plural";" 7.600623e-02"
"   2";"   13";"15.38";"   -3.148";"organizativa";" 7.600623e-02"
"   2";"   13";"15.38";"   -3.148";"imperioso";" 7.600623e-02"
"   2";"   13";"15.38";"   -3.148";"engloban";" 7.600623e-02"
"   2";"   13";"15.38";"   -3.148";"démico";" 7.600623e-02"
"   2";"   13";"15.38";"   -3.148";"derar";" 7.600623e-02"
"   2";"   13";"15.38";"   -3.148";"centralidad";" 7.600623e-02"
"   9";"   36";"25.00";"   -3.141";"injusticia";" 7.633717e-02"
"   9";"   36";"25.00";"   -3.141";"contextuales";" 7.633717e-02"
"  45";"  140";"32.14";"   -3.121";"incrementar";" 7.730138e-02"
"  10";"   39";"25.64";"   -3.108";"disrupción";" 7.793130e-02"
"  10";"   39";"25.64";"   -3.108";"ai4k12";" 7.793130e-02"
"  27";"   89";"30.34";"   -3.086";"cuantitativo";" 7.894823e-02"
"  11";"   42";"26.19";"   -3.085";"semiconductor";" 7.900041e-02"
"  11";"   42";"26.19";"   -3.085";"iteraciones";" 7.900041e-02"
"  11";"   42";"26.19";"   -3.085";"cer";" 7.900041e-02"
"  16";"   57";"28.07";"   -3.083";"uni";" 7.909070e-02"
"  12";"   45";"26.67";"   -3.072";"php";" 7.963304e-02"
"  12";"   45";"26.67";"   -3.072";"2023a";" 7.963304e-02"
"  12";"   45";"26.67";"   -3.072";"educacion";" 7.963304e-02"
"  12";"   45";"26.67";"   -3.072";"hincapié";" 7.963304e-02"
"  12";"   45";"26.67";"   -3.072";"desigual";" 7.963304e-02"
"  12";"   45";"26.67";"   -3.072";"impacta";" 7.963304e-02"
"  13";"   48";"27.08";"   -3.067";"human";" 7.990249e-02"
"  26";"   86";"30.23";"   -3.051";"promesa";" 8.067750e-02"
" 243";"  672";"36.16";"   -3.039";"sugerir";" 8.126404e-02"
"   1";"    9";"11.11";"   -3.023";"resources";" 8.209529e-02"
"   1";"    9";"11.11";"   -3.023";"organization";" 8.209529e-02"
"   1";"    9";"11.11";"   -3.023";"claudia";" 8.209529e-02"
"   1";"    9";"11.11";"   -3.023";"scielo";" 8.209529e-02"
"   1";"    9";"11.11";"   -3.023";"competency";" 8.209529e-02"
"   1";"    9";"11.11";"   -3.023";"javeriana";" 8.209529e-02"
"   1";"    9";"11.11";"   -3.023";"cheng";" 8.209529e-02"
"   1";"    9";"11.11";"   -3.023";"rioja";" 8.209529e-02"
"   1";"    9";"11.11";"   -3.023";"matthew";" 8.209529e-02"
"   1";"    9";"11.11";"   -3.023";"sn";" 8.209529e-02"
"   1";"    9";"11.11";"   -3.023";"normalización";" 8.209529e-02"
"   1";"    9";"11.11";"   -3.023";"comunicador";" 8.209529e-02"
"   1";"    9";"11.11";"   -3.023";"vizcaíno";" 8.209529e-02"
"   1";"    9";"11.11";"   -3.023";"insti";" 8.209529e-02"
"   1";"    9";"11.11";"   -3.023";"sistémicas";" 8.209529e-02"
"   1";"    9";"11.11";"   -3.023";"lac";" 8.209529e-02"
"   1";"    9";"11.11";"   -3.023";"inteligenciaartificial";" 8.209529e-02"
"   1";"    9";"11.11";"   -3.023";"hackatón";" 8.209529e-02"
"   1";"    9";"11.11";"   -3.023";"conexo";" 8.209529e-02"
"   1";"    9";"11.11";"   -3.023";"venciones";" 8.209529e-02"
"   1";"    9";"11.11";"   -3.023";"troalimentación";" 8.209529e-02"
"   1";"    9";"11.11";"   -3.023";"tegrar";" 8.209529e-02"
"   1";"    9";"11.11";"   -3.023";"satis";" 8.209529e-02"
"   1";"    9";"11.11";"   -3.023";"sada";" 8.209529e-02"
"   1";"    9";"11.11";"   -3.023";"resiliente";" 8.209529e-02"
"   1";"    9";"11.11";"   -3.023";"protegerse";" 8.209529e-02"
"   1";"    9";"11.11";"   -3.023";"prosperidad";" 8.209529e-02"
"   1";"    9";"11.11";"   -3.023";"preocu";" 8.209529e-02"
"   1";"    9";"11.11";"   -3.023";"optimice";" 8.209529e-02"
"   1";"    9";"11.11";"   -3.023";"oportunida";" 8.209529e-02"
"   1";"    9";"11.11";"   -3.023";"nológicas";" 8.209529e-02"
"   1";"    9";"11.11";"   -3.023";"nidades";" 8.209529e-02"
"   1";"    9";"11.11";"   -3.023";"modernizar";" 8.209529e-02"
"   1";"    9";"11.11";"   -3.023";"lizan";" 8.209529e-02"
"   1";"    9";"11.11";"   -3.023";"inspección";" 8.209529e-02"
"   1";"    9";"11.11";"   -3.023";"indaga";" 8.209529e-02"
"   1";"    9";"11.11";"   -3.023";"implementará";" 8.209529e-02"
"   1";"    9";"11.11";"   -3.023";"implementarla";" 8.209529e-02"
"   1";"    9";"11.11";"   -3.023";"guiarlos";" 8.209529e-02"
"   1";"    9";"11.11";"   -3.023";"fortale";" 8.209529e-02"
"   1";"    9";"11.11";"   -3.023";"entrelaza";" 8.209529e-02"
"   1";"    9";"11.11";"   -3.023";"eficiencias";" 8.209529e-02"
"   1";"    9";"11.11";"   -3.023";"documen";" 8.209529e-02"
"   1";"    9";"11.11";"   -3.023";"difi";" 8.209529e-02"
"   1";"    9";"11.11";"   -3.023";"desafíen";" 8.209529e-02"
"   1";"    9";"11.11";"   -3.023";"dencia";" 8.209529e-02"
"   1";"    9";"11.11";"   -3.023";"demo";" 8.209529e-02"
"   1";"    9";"11.11";"   -3.023";"comprensiones";" 8.209529e-02"
"   1";"    9";"11.11";"   -3.023";"complicación";" 8.209529e-02"
"   1";"    9";"11.11";"   -3.023";"compartición";" 8.209529e-02"
"   1";"    9";"11.11";"   -3.023";"colaborativamente";" 8.209529e-02"
"   1";"    9";"11.11";"   -3.023";"apo";" 8.209529e-02"
"   1";"    9";"11.11";"   -3.023";"adaptarla";" 8.209529e-02"
"   5";"   23";"21.74";"   -3.016";"ethics";" 8.246298e-02"
"   5";"   23";"21.74";"   -3.016";"za";" 8.246298e-02"
"   5";"   23";"21.74";"   -3.016";"converger|convergir";" 8.246298e-02"
"   5";"   23";"21.74";"   -3.016";"faro";" 8.246298e-02"
"   5";"   23";"21.74";"   -3.016";"unificar";" 8.246298e-02"
"   5";"   23";"21.74";"   -3.016";"tecnólogos";" 8.246298e-02"
"   5";"   23";"21.74";"   -3.016";"logías";" 8.246298e-02"
"  23";"   77";"29.87";"   -2.951";"exclusión";" 8.582371e-02"
"   6";"   26";"23.08";"   -2.913";"andrés";" 8.786179e-02"
"   6";"   26";"23.08";"   -2.913";"autoaprendizaje";" 8.786179e-02"
"   6";"   26";"23.08";"   -2.913";"implementarse";" 8.786179e-02"
"   6";"   26";"23.08";"   -2.913";"englobar";" 8.786179e-02"
"   3";"   16";"18.75";"   -2.866";"ferrer";" 9.045260e-02"
"   3";"   16";"18.75";"   -2.866";"int";" 9.045260e-02"
"   3";"   16";"18.75";"   -2.866";"fair";" 9.045260e-02"
"   3";"   16";"18.75";"   -2.866";"moocs";" 9.045260e-02"
"   3";"   16";"18.75";"   -2.866";"bilingüe";" 9.045260e-02"
"   3";"   16";"18.75";"   -2.866";"magolda";" 9.045260e-02"
"   3";"   16";"18.75";"   -2.866";"baxter";" 9.045260e-02"
"   3";"   16";"18.75";"   -2.866";"rando";" 9.045260e-02"
"   3";"   16";"18.75";"   -2.866";"idealización";" 9.045260e-02"
"   3";"   16";"18.75";"   -2.866";"globalización";" 9.045260e-02"
"   3";"   16";"18.75";"   -2.866";"direc";" 9.045260e-02"
"   3";"   16";"18.75";"   -2.866";"tudio";" 9.045260e-02"
"   3";"   16";"18.75";"   -2.866";"tenerse";" 9.045260e-02"
"   3";"   16";"18.75";"   -2.866";"refle";" 9.045260e-02"
"   3";"   16";"18.75";"   -2.866";"oportuni";" 9.045260e-02"
"   3";"   16";"18.75";"   -2.866";"legibilidad";" 9.045260e-02"
"   3";"   16";"18.75";"   -2.866";"estandarización";" 9.045260e-02"
"   3";"   16";"18.75";"   -2.866";"designar";" 9.045260e-02"
"   3";"   16";"18.75";"   -2.866";"desfavorable";" 9.045260e-02"
"   3";"   16";"18.75";"   -2.866";"consecuente";" 9.045260e-02"
"   3";"   16";"18.75";"   -2.866";"cionales";" 9.045260e-02"
"   3";"   16";"18.75";"   -2.866";"allanar";" 9.045260e-02"
"   7";"   29";"24.14";"   -2.841";"handle";" 9.186021e-02"
"   7";"   29";"24.14";"   -2.841";"marín";" 9.186021e-02"
"  60";"  180";"33.33";"   -2.810";"estructurar";" 9.365624e-02"
"  18";"   62";"29.03";"   -2.810";"revelar|reveler";" 9.366552e-02"
"   8";"   32";"25.00";"   -2.792";"teaching";" 9.473388e-02"
"   8";"   32";"25.00";"   -2.792";"murcia";" 9.473388e-02"
"   8";"   32";"25.00";"   -2.792";"metacognitiva";" 9.473388e-02"
"   8";"   32";"25.00";"   -2.792";"delimitar";" 9.473388e-02"
"  17";"   59";"28.81";"   -2.788";"oecd";" 9.498566e-02"
"  17";"   59";"28.81";"   -2.788";"alum";" 9.498566e-02"
"  26";"   85";"30.59";"   -2.787";"bibliográficas";" 9.503156e-02"
"  51";"  155";"32.90";"   -2.772";"específicamente";" 9.589828e-02"
"  16";"   56";"28.57";"   -2.768";"sánchez";" 9.616851e-02"
"  42";"  130";"32.31";"   -2.768";"curiosidad";" 9.617312e-02"
"   9";"   35";"25.71";"   -2.759";"continente";" 9.670233e-02"
"   9";"   35";"25.71";"   -2.759";"comunicativas";" 9.670233e-02"
"   9";"   35";"25.71";"   -2.759";"permi";" 9.670233e-02"
"  88";"  256";"34.38";"   -2.751";"constituir";" 9.718654e-02"
"  15";"   53";"28.30";"   -2.751";"rutina";" 9.718099e-02"
"  25";"   82";"30.49";"   -2.750";"narrativas";" 9.725814e-02"
" 111";"  318";"34.91";"   -2.740";"componente";" 9.785374e-02"
"  10";"   38";"26.32";"   -2.739";"saludable";" 9.794004e-02"
"  10";"   38";"26.32";"   -2.739";"explorado";" 9.794004e-02"
"  14";"   50";"28.00";"   -2.738";"flor";" 9.798313e-02"
"  14";"   50";"28.00";"   -2.738";"especialización";" 9.798313e-02"
"  11";"   41";"26.83";"   -2.728";"progresar";" 9.858601e-02"
"  11";"   41";"26.83";"   -2.728";"novedosas";" 9.858601e-02"
"  12";"   44";"27.27";"   -2.726";"classroom";" 9.875157e-02"
"  12";"   44";"27.27";"   -2.726";"ost";" 9.875157e-02"
"  12";"   44";"27.27";"   -2.726";"evalúen";" 9.875157e-02"
"  12";"   44";"27.27";"   -2.726";"delos";" 9.875157e-02"
"  62";"  185";"33.51";"   -2.720";"rico";" 9.906772e-02"
"  24";"   79";"30.38";"   -2.714";"gonzález";" 9.949499e-02"
"  24";"   79";"30.38";"   -2.714";"em";" 9.949499e-02"
"  24";"   79";"30.38";"   -2.714";"bibliografía";" 9.949499e-02"
"  30";"   96";"31.25";"   -2.695";"hardware";" 1.006854e-01"
"   4";"   19";"21.05";"   -2.688";"curriculum";" 1.010981e-01"
"   4";"   19";"21.05";"   -2.688";"ramo";" 1.010981e-01"
"   4";"   19";"21.05";"   -2.688";"rezar";" 1.010981e-01"
"   4";"   19";"21.05";"   -2.688";"construc";" 1.010981e-01"
"   4";"   19";"21.05";"   -2.688";"th";" 1.010981e-01"
"   4";"   19";"21.05";"   -2.688";"juventud";" 1.010981e-01"
"   4";"   19";"21.05";"   -2.688";"a2";" 1.010981e-01"
"   4";"   19";"21.05";"   -2.688";"estimulante";" 1.010981e-01"
"   4";"   19";"21.05";"   -2.688";"abordadas";" 1.010981e-01"
"  57";"  171";"33.33";"   -2.670";"detallado";" 1.022860e-01"
"  72";"  212";"33.96";"   -2.664";"financiero";" 1.026612e-01"
"  22";"   73";"30.14";"   -2.644";"emprender";" 1.039680e-01"
"  28";"   90";"31.11";"   -2.613";"documentación";" 1.060236e-01"
"   0";"    4";" 0.00";"   -2.604";"pbl";" 1.065722e-01"
"   0";"    4";" 0.00";"   -2.604";"why";" 1.065722e-01"
"   0";"    4";" 0.00";"   -2.604";"sustainable";" 1.065722e-01"
"   0";"    4";" 0.00";"   -2.604";"safety";" 1.065722e-01"
"   0";"    4";" 0.00";"   -2.604";"second";" 1.065722e-01"
"   0";"    4";" 0.00";"   -2.604";"non";" 1.065722e-01"
"   2";"   12";"16.67";"   -2.604";"bravo";" 1.065622e-01"
"   0";"    4";" 0.00";"   -2.604";"adaptive";" 1.065722e-01"
"   0";"    4";" 0.00";"   -2.604";"private";" 1.065722e-01"
"   2";"   12";"16.67";"   -2.604";"zhai";" 1.065622e-01"
"   0";"    4";" 0.00";"   -2.604";"sample";" 1.065722e-01"
"   0";"    4";" 0.00";"   -2.604";"fairness";" 1.065722e-01"
"   0";"    4";" 0.00";"   -2.604";"lifelong";" 1.065722e-01"
"   0";"    4";" 0.00";"   -2.604";"latin";" 1.065722e-01"
"   2";"   12";"16.67";"   -2.604";"guia";" 1.065622e-01"
"   0";"    4";" 0.00";"   -2.604";"blended";" 1.065722e-01"
"   0";"    4";" 0.00";"   -2.604";"martha";" 1.065722e-01"
"   0";"    4";" 0.00";"   -2.604";"hill";" 1.065722e-01"
"   0";"    4";" 0.00";"   -2.604";"solutions";" 1.065722e-01"
"   0";"    4";" 0.00";"   -2.604";"redalyc";" 1.065722e-01"
"   2";"   12";"16.67";"   -2.604";"juvenil";" 1.065622e-01"
"   0";"    4";" 0.00";"   -2.604";"icmje";" 1.065722e-01"
"   0";"    4";" 0.00";"   -2.604";"gisbert";" 1.065722e-01"
"   0";"    4";" 0.00";"   -2.604";"chu";" 1.065722e-01"
"   0";"    4";" 0.00";"   -2.604";"advancing";" 1.065722e-01"
"   0";"    4";" 0.00";"   -2.604";"solís";" 1.065722e-01"
"   0";"    4";" 0.00";"   -2.604";"salamanca";" 1.065722e-01"
"   2";"   12";"16.67";"   -2.604";"rahman";" 1.065622e-01"
"   2";"   12";"16.67";"   -2.604";"odite";" 1.065622e-01"
"   0";"    4";" 0.00";"   -2.604";"grant";" 1.065722e-01"
"   0";"    4";" 0.00";"   -2.604";"subdirector";" 1.065722e-01"
"   2";"   12";"16.67";"   -2.604";"enri";" 1.065622e-01"
"   0";"    4";" 0.00";"   -2.604";"abu";" 1.065722e-01"
"   2";"   12";"16.67";"   -2.604";"travesía";" 1.065622e-01"
"   0";"    4";" 0.00";"   -2.604";"themes";" 1.065722e-01"
"   2";"   12";"16.67";"   -2.604";"síncrono";" 1.065622e-01"
"   2";"   12";"16.67";"   -2.604";"sumergirse";" 1.065622e-01"
"   2";"   12";"16.67";"   -2.604";"rigurosidad";" 1.065622e-01"
"   2";"   12";"16.67";"   -2.604";"posgrados";" 1.065622e-01"
"   2";"   12";"16.67";"   -2.604";"impulsores";" 1.065622e-01"
"   2";"   12";"16.67";"   -2.604";"finan";" 1.065622e-01"
"   2";"   12";"16.67";"   -2.604";"emulación";" 1.065622e-01"
"   2";"   12";"16.67";"   -2.604";"compa";" 1.065622e-01"
"   2";"   12";"16.67";"   -2.604";"aque";" 1.065622e-01"
"   0";"    4";" 0.00";"   -2.604";"valverde";" 1.065722e-01"
"   0";"    4";" 0.00";"   -2.604";"suarez";" 1.065722e-01"
"   0";"    4";" 0.00";"   -2.604";"rosane";" 1.065722e-01"
"   0";"    4";" 0.00";"   -2.604";"educatio";" 1.065722e-01"
"   0";"    4";" 0.00";"   -2.604";"crompton";" 1.065722e-01"
"   0";"    4";" 0.00";"   -2.604";"b3n";" 1.065722e-01"
"   0";"    4";" 0.00";"   -2.604";"anu";" 1.065722e-01"
"   0";"    4";" 0.00";"   -2.604";"xia";" 1.065722e-01"
"   0";"    4";" 0.00";"   -2.604";"schiff";" 1.065722e-01"
"   0";"    4";" 0.00";"   -2.604";"parody";" 1.065722e-01"
"   0";"    4";" 0.00";"   -2.604";"herodotou";" 1.065722e-01"
"   0";"    4";" 0.00";"   -2.604";"crespo";" 1.065722e-01"
"   0";"    4";" 0.00";"   -2.604";"cipr";" 1.065722e-01"
"   0";"    4";" 0.00";"   -2.604";"castaño";" 1.065722e-01"
"   0";"    4";" 0.00";"   -2.604";"24486167e";" 1.065722e-01"
"   0";"    4";" 0.00";"   -2.604";"umsnh";" 1.065722e-01"
"   0";"    4";" 0.00";"   -2.604";"salle";" 1.065722e-01"
"   0";"    4";" 0.00";"   -2.604";"mg";" 1.065722e-01"
"   0";"    4";" 0.00";"   -2.604";"macmillan";" 1.065722e-01"
"   0";"    4";" 0.00";"   -2.604";"hernán";" 1.065722e-01"
"   0";"    4";" 0.00";"   -2.604";"deng";" 1.065722e-01"
"   0";"    4";" 0.00";"   -2.604";"couldry";" 1.065722e-01"
"   0";"    4";" 0.00";"   -2.604";"cast";" 1.065722e-01"
"   0";"    4";" 0.00";"   -2.604";"aias";" 1.065722e-01"
" 197";"  546";"36.08";"   -2.588";"efecto";" 1.077087e-01"
"  27";"   87";"31.03";"   -2.572";"anexo";" 1.087666e-01"
"   5";"   22";"22.73";"   -2.571";"publications";" 1.088165e-01"
"   5";"   22";"22.73";"   -2.571";"investigadoras";" 1.088165e-01"
"   5";"   22";"22.73";"   -2.571";"rele";" 1.088165e-01"
"   5";"   22";"22.73";"   -2.571";"andamiaje";" 1.088165e-01"
"   5";"   22";"22.73";"   -2.571";"habi";" 1.088165e-01"
"  62";"  184";"33.70";"   -2.542";"ajuste";" 1.108696e-01"
"  18";"   61";"29.51";"   -2.518";"citación";" 1.125824e-01"
"  36";"  112";"32.14";"   -2.496";"cognitivos";" 1.141615e-01"
"   6";"   25";"24.00";"   -2.494";"pozo";" 1.142964e-01"
"   6";"   25";"24.00";"   -2.494";"partici";" 1.142964e-01"
"   6";"   25";"24.00";"   -2.494";"pen";" 1.142964e-01"
"   6";"   25";"24.00";"   -2.494";"recabar";" 1.142964e-01"
"  17";"   58";"29.31";"   -2.490";"recuperación";" 1.145665e-01"
"  16";"   55";"29.09";"   -2.465";"observatorio";" 1.164326e-01"
"  16";"   55";"29.09";"   -2.465";"documentar";" 1.164326e-01"
"   7";"   28";"25.00";"   -2.443";"rentes";" 1.180580e-01"
"   1";"    8";"12.50";"   -2.430";"policies";" 1.190386e-01"
"   1";"    8";"12.50";"   -2.430";"standards";" 1.190386e-01"
"   1";"    8";"12.50";"   -2.430";"governance";" 1.190386e-01"
"   1";"    8";"12.50";"   -2.430";"joint";" 1.190386e-01"
"   1";"    8";"12.50";"   -2.430";"eur";" 1.190386e-01"
"   1";"    8";"12.50";"   -2.430";"zhao";" 1.190386e-01"
"   1";"    8";"12.50";"   -2.430";"cueva";" 1.190386e-01"
"   1";"    8";"12.50";"   -2.430";"arias";" 1.190386e-01"
"   1";"    8";"12.50";"   -2.430";"flipped";" 1.190386e-01"
"   1";"    8";"12.50";"   -2.430";"burke";" 1.190386e-01"
"   1";"    8";"12.50";"   -2.430";"bellomo";" 1.190386e-01"
"   1";"    8";"12.50";"   -2.430";"unitec";" 1.190386e-01"
"   1";"    8";"12.50";"   -2.430";"hi";" 1.190386e-01"
"   1";"    8";"12.50";"   -2.430";"tea";" 1.190386e-01"
"   1";"    8";"12.50";"   -2.430";"ibarra";" 1.190386e-01"
"   1";"    8";"12.50";"   -2.430";"td";" 1.190386e-01"
"   1";"    8";"12.50";"   -2.430";"hannah";" 1.190386e-01"
"   1";"    8";"12.50";"   -2.430";"feminista";" 1.190386e-01"
"   1";"    8";"12.50";"   -2.430";"triangulación";" 1.190386e-01"
"   1";"    8";"12.50";"   -2.430";"sga";" 1.190386e-01"
"   1";"    8";"12.50";"   -2.430";"rutinarios";" 1.190386e-01"
"   1";"    8";"12.50";"   -2.430";"ple";" 1.190386e-01"
"   1";"    8";"12.50";"   -2.430";"percep";" 1.190386e-01"
"   1";"    8";"12.50";"   -2.430";"metaanálisis";" 1.190386e-01"
"   1";"    8";"12.50";"   -2.430";"isidoro";" 1.190386e-01"
"   1";"    8";"12.50";"   -2.430";"informacionales";" 1.190386e-01"
"   1";"    8";"12.50";"   -2.430";"humanística";" 1.190386e-01"
"   1";"    8";"12.50";"   -2.430";"ensenanza";" 1.190386e-01"
"   1";"    8";"12.50";"   -2.430";"ensamblaje";" 1.190386e-01"
"   1";"    8";"12.50";"   -2.430";"disponi";" 1.190386e-01"
"   1";"    8";"12.50";"   -2.430";"cog";" 1.190386e-01"
"   1";"    8";"12.50";"   -2.430";"clandestino";" 1.190386e-01"
"   8";"   31";"25.81";"   -2.411";"rector";" 1.204915e-01"
"   8";"   31";"25.81";"   -2.411";"raffaghelli";" 1.204915e-01"
"   8";"   31";"25.81";"   -2.411";"disruptivo";" 1.204915e-01"
" 387";" 1043";"37.10";"   -2.401";"cambiar";" 1.212962e-01"
"  12";"   43";"27.91";"   -2.393";"design";" 1.218805e-01"
"  12";"   43";"27.91";"   -2.393";"adicionalmente";" 1.218805e-01"
"   9";"   34";"26.47";"   -2.393";"caracterización";" 1.218911e-01"
"   9";"   34";"26.47";"   -2.393";"lograrlo";" 1.218911e-01"
"   9";"   34";"26.47";"   -2.393";"costoso";" 1.218911e-01"
"  11";"   40";"27.50";"   -2.386";"op";" 1.224327e-01"
"  11";"   40";"27.50";"   -2.386";"realizarse";" 1.224327e-01"
"  11";"   40";"27.50";"   -2.386";"nar";" 1.224327e-01"
"  10";"   37";"27.03";"   -2.385";"primordial";" 1.224808e-01"
"   3";"   15";"20.00";"   -2.372";"palacio";" 1.235186e-01"
"   3";"   15";"20.00";"   -2.372";"sig";" 1.235186e-01"
"   3";"   15";"20.00";"   -2.372";"rectángulo";" 1.235186e-01"
"   3";"   15";"20.00";"   -2.372";"2023c";" 1.235186e-01"
"   3";"   15";"20.00";"   -2.372";"modular";" 1.235186e-01"
"   3";"   15";"20.00";"   -2.372";"sobrar";" 1.235186e-01"
"   3";"   15";"20.00";"   -2.372";"nicación";" 1.235186e-01"
"   3";"   15";"20.00";"   -2.372";"medioambiente";" 1.235186e-01"
"   3";"   15";"20.00";"   -2.372";"sintonía";" 1.235186e-01"
"   3";"   15";"20.00";"   -2.372";"erradicar";" 1.235186e-01"
"   3";"   15";"20.00";"   -2.372";"bús";" 1.235186e-01"
"   3";"   15";"20.00";"   -2.372";"asesoría";" 1.235186e-01"
"  45";"  136";"33.09";"   -2.296";"isbn";" 1.296981e-01"
"  45";"  136";"33.09";"   -2.296";"ampliamente";" 1.296981e-01"
" 112";"  317";"35.33";"   -2.242";"utilidad";" 1.343010e-01"
"   4";"   18";"22.22";"   -2.233";"office";" 1.351067e-01"
"   4";"   18";"22.22";"   -2.233";"scite";" 1.351067e-01"
"   4";"   18";"22.22";"   -2.233";"iberoamérica";" 1.351067e-01"
"   4";"   18";"22.22";"   -2.233";"téc";" 1.351067e-01"
"   4";"   18";"22.22";"   -2.233";"traducirse";" 1.351067e-01"
"   4";"   18";"22.22";"   -2.233";"subyacen";" 1.351067e-01"
"   4";"   18";"22.22";"   -2.233";"escalable";" 1.351067e-01"
"   4";"   18";"22.22";"   -2.233";"ente";" 1.351067e-01"
"  17";"   57";"29.82";"   -2.205";"incidente";" 1.375829e-01"
"  17";"   57";"29.82";"   -2.205";"requerimiento";" 1.375829e-01"
"   5";"   21";"23.81";"   -2.147";"emt";" 1.428772e-01"
"   5";"   21";"23.81";"   -2.147";"1millionbot";" 1.428772e-01"
"   5";"   21";"23.81";"   -2.147";"ci";" 1.428772e-01"
"   5";"   21";"23.81";"   -2.147";"intencionado";" 1.428772e-01"
"   5";"   21";"23.81";"   -2.147";"estra";" 1.428772e-01"
"   5";"   21";"23.81";"   -2.147";"tuales";" 1.428772e-01"
"   5";"   21";"23.81";"   -2.147";"reformulación";" 1.428772e-01"
"   5";"   21";"23.81";"   -2.147";"perjuicio";" 1.428772e-01"
"   5";"   21";"23.81";"   -2.147";"intensificar";" 1.428772e-01"
"   5";"   21";"23.81";"   -2.147";"hábil";" 1.428772e-01"
"   5";"   21";"23.81";"   -2.147";"bilidad";" 1.428772e-01"
"  15";"   51";"29.41";"   -2.146";"merecer";" 1.429713e-01"
"  67";"  195";"34.36";"   -2.107";"lingüístico";" 1.466143e-01"
"  13";"   45";"28.89";"   -2.096";"consiguiente";" 1.477030e-01"
"  27";"   85";"31.76";"   -2.095";"campus";" 1.477959e-01"
"   6";"   24";"25.00";"   -2.094";"files";" 1.478979e-01"
"   6";"   24";"25.00";"   -2.094";"martín";" 1.478979e-01"
"   6";"   24";"25.00";"   -2.094";"alfonso";" 1.478979e-01"
"   6";"   24";"25.00";"   -2.094";"artifi";" 1.478979e-01"
"   6";"   24";"25.00";"   -2.094";"inédito";" 1.478979e-01"
"   6";"   24";"25.00";"   -2.094";"desprender";" 1.478979e-01"
"   2";"   11";"18.18";"   -2.080";"estrada";" 1.492208e-01"
"   2";"   11";"18.18";"   -2.080";"min";" 1.492208e-01"
"   2";"   11";"18.18";"   -2.080";"buckingham";" 1.492208e-01"
"   2";"   11";"18.18";"   -2.080";"dede";" 1.492208e-01"
"   2";"   11";"18.18";"   -2.080";"suite";" 1.492208e-01"
"   2";"   11";"18.18";"   -2.080";"prowritingaid";" 1.492208e-01"
"   2";"   11";"18.18";"   -2.080";"jigsaw";" 1.492208e-01"
"   2";"   11";"18.18";"   -2.080";"iso";" 1.492208e-01"
"   2";"   11";"18.18";"   -2.080";"wollny";" 1.492208e-01"
"   2";"   11";"18.18";"   -2.080";"tección";" 1.492208e-01"
"   2";"   11";"18.18";"   -2.080";"santander";" 1.492208e-01"
"   2";"   11";"18.18";"   -2.080";"prospección";" 1.492208e-01"
"   2";"   11";"18.18";"   -2.080";"decálogo";" 1.492208e-01"
"   2";"   11";"18.18";"   -2.080";"comunidad autónoma";" 1.492208e-01"
"   2";"   11";"18.18";"   -2.080";"trascendencia";" 1.492208e-01"
"   2";"   11";"18.18";"   -2.080";"tradicio";" 1.492208e-01"
"   2";"   11";"18.18";"   -2.080";"subsahariana";" 1.492208e-01"
"   2";"   11";"18.18";"   -2.080";"significati";" 1.492208e-01"
"   2";"   11";"18.18";"   -2.080";"segui";" 1.492208e-01"
"   2";"   11";"18.18";"   -2.080";"reticencia";" 1.492208e-01"
"   2";"   11";"18.18";"   -2.080";"nidad";" 1.492208e-01"
"   2";"   11";"18.18";"   -2.080";"metodolo";" 1.492208e-01"
"   2";"   11";"18.18";"   -2.080";"laciones";" 1.492208e-01"
"   2";"   11";"18.18";"   -2.080";"involucramiento";" 1.492208e-01"
"   2";"   11";"18.18";"   -2.080";"inadvertido";" 1.492208e-01"
"   2";"   11";"18.18";"   -2.080";"greso";" 1.492208e-01"
"   2";"   11";"18.18";"   -2.080";"gratificante";" 1.492208e-01"
"   2";"   11";"18.18";"   -2.080";"gia";" 1.492208e-01"
"   2";"   11";"18.18";"   -2.080";"fesional";" 1.492208e-01"
"   2";"   11";"18.18";"   -2.080";"entrelazan";" 1.492208e-01"
"   2";"   11";"18.18";"   -2.080";"enfocaron";" 1.492208e-01"
"   2";"   11";"18.18";"   -2.080";"contex";" 1.492208e-01"
"   2";"   11";"18.18";"   -2.080";"configurando";" 1.492208e-01"
"   2";"   11";"18.18";"   -2.080";"concienciar";" 1.492208e-01"
"   2";"   11";"18.18";"   -2.080";"auditar";" 1.492208e-01"
"   2";"   11";"18.18";"   -2.080";"aso";" 1.492208e-01"
"   2";"   11";"18.18";"   -2.080";"armonizar";" 1.492208e-01"
"   2";"   11";"18.18";"   -2.080";"amiento";" 1.492208e-01"
"   2";"   11";"18.18";"   -2.080";"afianzar";" 1.492208e-01"
"   2";"   11";"18.18";"   -2.080";"aexco";" 1.492208e-01"
"   2";"   11";"18.18";"   -2.080";"adentrar";" 1.492208e-01"
"  12";"   42";"28.57";"   -2.076";"article";" 1.496733e-01"
"  12";"   42";"28.57";"   -2.076";"acordar";" 1.496733e-01"
"   7";"   27";"25.93";"   -2.063";"rela";" 1.509069e-01"
"   7";"   27";"25.93";"   -2.063";"tro";" 1.509069e-01"
"   7";"   27";"25.93";"   -2.063";"disruptivas";" 1.509069e-01"
"   7";"   27";"25.93";"   -2.063";"debilitar";" 1.509069e-01"
"  66";"  192";"34.38";"   -2.062";"derivar";" 1.510575e-01"
"  11";"   39";"28.21";"   -2.059";"corear";" 1.512665e-01"
"  11";"   39";"28.21";"   -2.059";"cuantitativa";" 1.512665e-01"
"   8";"   30";"26.67";"   -2.048";"santiago";" 1.524230e-01"
"   8";"   30";"26.67";"   -2.048";"dewey";" 1.524230e-01"
"   8";"   30";"26.67";"   -2.048";"desconfianza";" 1.524230e-01"
"  20";"   65";"30.77";"   -2.044";"funcional";" 1.527726e-01"
"   9";"   33";"27.27";"   -2.044";"cátedra";" 1.528186e-01"
"   9";"   33";"27.27";"   -2.044";"ministro";" 1.528186e-01"
"   9";"   33";"27.27";"   -2.044";"mapeo";" 1.528186e-01"
"   9";"   33";"27.27";"   -2.044";"discentes";" 1.528186e-01"
"   9";"   33";"27.27";"   -2.044";"rado";" 1.528186e-01"
"   9";"   33";"27.27";"   -2.044";"capaci";" 1.528186e-01"
"  51";"  151";"33.77";"   -2.028";"cubrir";" 1.544417e-01"
" 472";" 1259";"37.49";"   -2.023";"concepto";" 1.549047e-01"
"*****";"*";"*";"*";"*";"*"
"19177";"54836";"34.97";"-1789.228";"y";" 0.000000e+00"
"26931";"70065";"38.44";" -598.513";"el";"3.526321e-132"
" 9923";"29112";"34.09";" -576.292";"para";"2.402263e-127"
"18063";"49219";"36.70";" -464.206";"en";"5.842644e-103"
"25858";"67422";"38.35";" -389.892";"de";" 8.738588e-87"
" 1433";" 5107";"28.06";" -297.184";"deber";" 1.353247e-66"
"  562";" 2345";"23.97";" -242.598";"sino";" 1.067083e-54"
" 6829";"19481";"35.05";" -212.546";"este";" 3.822189e-48"
" 2648";" 7972";"33.22";" -144.635";"sobre";" 2.581377e-33"
" 5322";"15109";"35.22";" -140.958";"suyo";" 1.643074e-32"
"  374";" 1405";"26.62";"  -98.460";"diversos";" 3.316038e-23"
"  258";" 1015";"25.42";"  -84.626";"hacia";" 3.605218e-20"
" 1575";" 4734";"33.27";"  -80.444";"también";" 2.990813e-19"
"  138";"  627";"22.01";"  -80.376";"f";" 3.096079e-19"
"  249";"  921";"27.04";"  -60.011";"2021";" 9.431307e-15"
"  291";" 1036";"28.09";"  -56.613";"2024";" 5.304969e-14"
"  756";" 2324";"32.53";"  -47.869";"2023";" 4.557498e-12"
"  309";" 1013";"30.50";"  -34.287";"2020";" 4.755499e-09"
"  145";"  522";"27.78";"  -29.899";"l";" 4.550783e-08"
"   12";"   82";"14.63";"  -21.137";"48223";" 4.275684e-06"
"  844";" 2410";"35.02";"  -20.304";"solo";" 6.607793e-06"
" 6525";"17186";"37.97";"  -20.157";"del";" 7.133693e-06"
"  278";"  857";"32.44";"  -17.757";"dentro";" 2.509525e-05"
"  293";"  894";"32.77";"  -16.799";"2019";" 4.155927e-05"
"  386";" 1140";"33.86";"  -15.056";"2022";" 1.043436e-04"
"  279";"  833";"33.49";"  -12.443";"largo";" 4.196240e-04"
"   37";"  144";"25.69";"  -11.401";"2030";" 7.338519e-04"
"  169";"  511";"33.07";"   -8.715";"ante";" 3.156238e-03"
"  148";"  451";"32.82";"   -8.318";"j";" 3.926371e-03"
" 5435";"14127";"38.47";"   -6.745";"como";" 9.403600e-03"
"  939";" 2525";"37.19";"   -5.514";"desde";" 1.886512e-02"
"   32";"  111";"28.83";"   -5.233";"555";" 2.215674e-02"
"    0";"    8";" 0.00";"   -5.209";"679";" 2.247100e-02"
"  124";"  367";"33.79";"   -4.921";"r";" 2.653168e-02"
"   32";"  109";"29.36";"   -4.639";"5360";" 3.125214e-02"
"   52";"  165";"31.52";"   -4.340";"2006";" 3.722242e-02"
"   29";"   99";"29.29";"   -4.267";"vosotros";" 3.885237e-02"
"    0";"    6";" 0.00";"   -3.907";"227";" 4.809679e-02"
"    0";"    6";" 0.00";"   -3.907";"21556";" 4.809679e-02"
"    0";"    6";" 0.00";"   -3.907";"________________________________________";" 4.809679e-02"
"    4";"   21";"19.05";"   -3.655";"1016";" 5.590870e-02"
"    1";"   10";"10.00";"   -3.628";"224";" 5.682966e-02"
"   13";"   49";"26.53";"   -3.417";"03";" 6.451442e-02"
"    3";"   17";"17.65";"   -3.379";"2027";" 6.603360e-02"
"   48";"  149";"32.21";"   -3.257";"978";" 7.113822e-02"
"    0";"    5";" 0.00";"   -3.255";"252";" 7.118612e-02"
"    0";"    5";" 0.00";"   -3.255";"1371";" 7.118612e-02"
"    0";"    5";" 0.00";"   -3.255";"61692";" 7.118612e-02"
"    0";"    5";" 0.00";"   -3.255";"31009";" 7.118612e-02"
"    0";"    5";" 0.00";"   -3.255";"2063";" 7.118612e-02"
"    4";"   20";"20.00";"   -3.163";"1007";" 7.532229e-02"
"  291";"  799";"36.42";"   -3.068";"i";" 7.984698e-02"
"    1";"    9";"11.11";"   -3.023";"22201";" 8.209529e-02"
"    1";"    9";"11.11";"   -3.023";"237";" 8.209529e-02"
"    0";"    4";" 0.00";"   -2.604";"369";" 1.065722e-01"
"    0";"    4";" 0.00";"   -2.604";"0449";" 1.065722e-01"
"    0";"    4";" 0.00";"   -2.604";"593";" 1.065722e-01"
"    0";"    4";" 0.00";"   -2.604";"410";" 1.065722e-01"
"    0";"    4";" 0.00";"   -2.604";"56712";" 1.065722e-01"
"    0";"    4";" 0.00";"   -2.604";"312";" 1.065722e-01"
"    0";"    4";" 0.00";"   -2.604";"583";" 1.065722e-01"
"    0";"    4";" 0.00";"   -2.604";"299";" 1.065722e-01"
"    0";"    4";" 0.00";"   -2.604";"394";" 1.065722e-01"
"    0";"    4";" 0.00";"   -2.604";"37843";" 1.065722e-01"
"    0";"    4";" 0.00";"   -2.604";"358";" 1.065722e-01"
"    0";"    4";" 0.00";"   -2.604";"11441";" 1.065722e-01"
"    0";"    4";" 0.00";"   -2.604";"0011";" 1.065722e-01"
"    0";"    4";" 0.00";"   -2.604";"288";" 1.065722e-01"
"    0";"    4";" 0.00";"   -2.604";"00694";" 1.065722e-01"
"    0";"    4";" 0.00";"   -2.604";"0013";" 1.065722e-01"
"   40";"  123";"32.52";"   -2.465";"mas";" 1.164353e-01"
"    1";"    8";"12.50";"   -2.430";"222";" 1.190386e-01"
"    1";"    8";"12.50";"   -2.430";"30827";" 1.190386e-01"
"    1";"    8";"12.50";"   -2.430";"303";" 1.190386e-01"
"    1";"    8";"12.50";"   -2.430";"2026";" 1.190386e-01"
"    3";"   15";"20.00";"   -2.372";"217";" 1.235186e-01"
"    2";"   11";"18.18";"   -2.080";"3390";" 1.492208e-01"
"  236";"  643";"36.70";"   -2.023";"d";" 1.548992e-01"
"*";"*";"*";"*";"*";"*"
"  171";" 3036";" 5.63";"-1514.695";"*DOC138";" 0.000000e+00"
"10045";"31248";"32.15";"-1206.632";"*YEAR2024";"2.208433e-264"
" 5358";"17278";"31.01";" -670.411";"*YEAR2025";"8.131080e-148"
"   43";"  871";" 4.94";" -439.155";"*DOC123";" 1.653632e-97"
"   92";" 1072";" 8.58";" -433.499";"*DOC130";" 2.813846e-96"
"   17";"  631";" 2.69";" -359.675";"*DOC131";" 3.314484e-80"
"  291";" 1665";"17.48";" -343.808";"*DOC051";" 9.454234e-77"
"  646";" 2745";"23.53";" -301.765";"*DOC113";" 1.359019e-67"
"   90";"  682";"13.20";" -198.392";"*DOC050";" 4.686087e-45"
"  330";" 1452";"22.73";" -173.069";"*DOC014";" 1.580620e-39"
"   53";"  492";"10.77";" -170.348";"*DOC141";" 6.212490e-39"
"   15";"  304";" 4.93";" -152.114";"*DOC144";" 5.983486e-35"
"   41";"  406";"10.10";" -147.086";"*DOC162";" 7.514494e-34"
"   70";"  516";"13.57";" -145.574";"*DOC074";" 1.608419e-33"
"  206";"  969";"21.26";" -135.785";"*DOC112";" 2.223195e-31"
" 2299";" 6830";"33.66";" -105.017";"*DOC009";" 1.210874e-24"
"   51";"  354";"14.41";"  -93.276";"*DOC157";" 4.548042e-22"
"  295";" 1132";"26.06";"  -86.078";"*DOC119";" 1.729582e-20"
"   59";"  368";"16.03";"  -84.792";"*DOC030";" 3.315220e-20"
"  445";" 1574";"28.27";"  -83.880";"*DOC015";" 5.257372e-20"
"    3";"  139";" 2.16";"  -81.013";"*DOC035";" 2.242063e-19"
"  127";"  591";"21.49";"  -80.316";"*DOC091";" 3.190880e-19"
"   36";"  268";"13.43";"  -76.130";"*DOC026";" 2.655875e-18"
"   67";"  379";"17.68";"  -75.488";"*DOC032";" 3.677017e-18"
"    1";"  112";" 0.89";"  -69.759";"*DOC165";" 6.702311e-17"
"  365";" 1294";"28.21";"  -69.492";"*DOC101";" 7.673522e-17"
"   22";"  193";"11.40";"  -63.673";"*DOC038";" 1.468829e-15"
"   80";"  400";"20.00";"  -63.589";"*DOC169";" 1.532636e-15"
"   51";"  299";"17.06";"  -62.935";"*DOC044";" 2.136638e-15"
"  277";" 1011";"27.40";"  -62.153";"*DOC094";" 3.177391e-15"
"  101";"  462";"21.86";"  -60.099";"*DOC081";" 9.018764e-15"
"  387";" 1294";"29.91";"  -50.036";"*DOC096";" 1.509738e-12"
"  285";"  991";"28.76";"  -47.916";"*DOC085";" 4.448494e-12"
"  152";"  588";"25.85";"  -45.782";"*DOC127";" 1.321699e-11"
"  104";"  423";"24.59";"  -39.262";"*DOC121";" 3.705799e-10"
"   96";"  392";"24.49";"  -36.844";"*DOC039";" 1.279978e-09"
"   27";"  162";"16.67";"  -35.232";"*DOC114";" 2.926384e-09"
"   25";"  154";"16.23";"  -34.774";"*DOC117";" 3.702004e-09"
"   29";"  166";"17.47";"  -33.601";"*DOC128";" 6.764226e-09"
"    4";"   67";" 5.97";"  -31.440";"*DOC149";" 2.056707e-08"
"    2";"   56";" 3.57";"  -30.176";"*DOC073";" 3.944668e-08"
"   27";"  151";"17.88";"  -29.426";"*DOC110";" 5.808921e-08"
"  122";"  450";"27.11";"  -28.780";"*DOC075";" 8.108216e-08"
"    9";"   82";"10.98";"  -27.834";"*DOC125";" 1.321842e-07"
"   28";"  151";"18.54";"  -27.645";"*DOC134";" 1.457136e-07"
"  295";"  935";"31.55";"  -24.632";"*DOC017";" 6.940291e-07"
"  198";"  654";"30.28";"  -23.167";"*DOC036";" 1.484880e-06"
"   35";"  165";"21.21";"  -22.987";"*DOC007";" 1.631404e-06"
"   24";"  127";"18.90";"  -22.461";"*DOC043";" 2.144017e-06"
"   22";"  120";"18.33";"  -22.404";"*DOC045";" 2.209378e-06"
"  422";" 1273";"33.15";"  -21.407";"*YEAR2020";" 3.714658e-06"
"    8";"   62";"12.90";"  -18.286";"*DOC090";" 1.901331e-05"
"    0";"   28";" 0.00";"  -18.236";"*DOC151";" 1.951294e-05"
"    0";"   28";" 0.00";"  -18.236";"*DOC152";" 1.951294e-05"
"   21";"  108";"19.44";"  -18.093";"*DOC060";" 2.104070e-05"
"   21";"  107";"19.63";"  -17.600";"*DOC116";" 2.725204e-05"
"   40";"  168";"23.81";"  -17.208";"*DOC097";" 3.350376e-05"
"    3";"   36";" 8.33";"  -14.585";"*DOC077";" 1.339554e-04"
"   89";"  307";"28.99";"  -14.075";"*DOC103";" 1.756925e-04"
"   69";"  247";"27.94";"  -13.716";"*DOC171";" 2.125794e-04"
"   10";"   59";"16.95";"  -12.498";"*DOC153";" 4.074935e-04"
"    7";"   48";"14.58";"  -12.418";"*DOC042";" 4.252250e-04"
"   15";"   76";"19.74";"  -12.357";"*DOC132";" 4.393968e-04"
"   11";"   62";"17.74";"  -12.224";"*DOC028";" 4.718769e-04"
"   40";"  155";"25.81";"  -12.075";"*DOC098";" 5.110401e-04"
"  353";" 1026";"34.41";"  -11.009";"*DOC088";" 9.066730e-04"
"   47";"  173";"27.17";"  -10.922";"*DOC156";" 9.504331e-04"
"   22";"   95";"23.16";"  -10.549";"*DOC005";" 1.162607e-03"
"   31";"  123";"25.20";"  -10.445";"*DOC078";" 1.230053e-03"
"    0";"   16";" 0.00";"  -10.419";"*DOC104";" 1.247243e-03"
"   54";"  190";"28.42";"   -9.671";"*DOC167";" 1.872230e-03"
"  211";"  631";"33.44";"   -9.572";"*DOC082";" 1.975310e-03"
"   30";"  117";"25.64";"   -9.332";"*DOC012";" 2.251293e-03"
"   40";"  147";"27.21";"   -9.212";"*DOC079";" 2.404729e-03"
"   53";"  184";"28.80";"   -8.724";"*DOC095";" 3.140469e-03"
"   20";"   82";"24.39";"   -7.777";"*DOC164";" 5.290993e-03"
"   10";"   49";"20.41";"   -7.430";"*DOC040";" 6.413549e-03"
"    0";"   10";" 0.00";"   -6.511";"*DOC033";" 1.071878e-02"
"    0";"   10";" 0.00";"   -6.511";"*DOC046";" 1.071878e-02"
"   16";"   64";"25.00";"   -5.586";"*DOC100";" 1.809945e-02"
"    2";"   16";"12.50";"   -4.860";"*DOC080";" 2.748030e-02"
"  101";"  303";"33.33";"   -4.739";"*DOC003";" 2.949068e-02"
"   50";"  159";"31.45";"   -4.255";"*DOC115";" 3.913873e-02"
"  345";"  952";"36.24";"   -4.117";"*DOC089";" 4.245946e-02"
"  122";"  355";"34.37";"   -3.833";"*DOC061";" 5.023826e-02"
"   65";"  198";"32.83";"   -3.625";"*DOC022";" 5.690071e-02"
"    9";"   37";"24.32";"   -3.538";"*DOC076";" 5.998202e-02"
"    0";"    5";" 0.00";"   -3.255";"*DOC147";" 7.118612e-02"
"**";"classe";"2";"**";"";""
"****";"13816";"73640";"18.76";"****";""
" 520";"8899";" 5.84";"-1108.278";"aprendizaje";"5.244916e-243"
" 869";"9921";" 8.76";" -752.616";"estudiante";"1.082645e-165"
"  89";"2538";" 3.51";" -401.337";"tarea";" 2.818000e-89"
" 660";"6701";" 9.85";" -384.167";"herramienta";" 1.540666e-85"
"  62";"2059";" 3.01";" -344.765";"texto";" 5.848596e-77"
" 284";"3821";" 7.43";" -339.363";"permitir";" 8.780254e-76"
"  26";"1592";" 1.63";" -313.211";"imagen";" 4.362383e-70"
" 176";"2796";" 6.29";" -296.367";"actividad";" 2.038218e-66"
" 152";"2571";" 5.91";" -288.585";"alumno";" 1.011117e-64"
" 187";"2819";" 6.63";" -282.875";"chatgpt";" 1.774985e-63"
"  89";"2015";" 4.42";" -279.689";"contenido";" 8.778387e-63"
" 133";"2313";" 5.75";" -265.250";"respuesta";" 1.230711e-59"
" 102";"2022";" 5.04";" -256.663";"aprender";" 9.161655e-58"
" 529";"5104";"10.36";" -253.709";"utilizar";" 4.034524e-57"
"  29";"1347";" 2.15";" -248.326";"personalizar";" 6.018357e-56"
" 187";"2621";" 7.13";" -241.047";"experiencia";" 2.325422e-54"
"1218";"9418";"12.93";" -240.728";"más";" 2.729436e-54"
" 398";"4113";" 9.68";" -235.901";"hacer";" 3.079628e-53"
" 202";"2701";" 7.48";" -234.185";"tiempo";" 7.289152e-53"
" 147";"2272";" 6.47";" -232.379";"proporcionar";" 1.805576e-52"
"  41";"1340";" 3.06";" -220.776";"lenguaje";" 6.126180e-50"
" 333";"3570";" 9.33";" -219.076";"generar";" 1.438849e-49"
" 193";"2552";" 7.56";" -217.528";"pregunta";" 3.130918e-49"
" 139";"2085";" 6.67";" -205.946";"usar";" 1.053089e-46"
" 387";"3838";"10.08";" -200.068";"ejemplo";" 2.018830e-45"
" 233";"2754";" 8.46";" -199.185";"habilidad";" 3.145888e-45"
" 210";"2585";" 8.12";" -198.907";"mejorar";" 3.617789e-45"
"  24";"1060";" 2.26";" -192.045";"google";" 1.137524e-43"
"  64";"1395";" 4.59";" -187.421";"clase";" 1.162232e-42"
"   9";" 826";" 1.09";" -171.166";"retroalimentación";" 4.115974e-39"
" 106";"1646";" 6.44";" -167.709";"comprensión";" 2.341339e-38"
"  20";" 913";" 2.19";" -166.554";"escribir";" 4.187267e-38"
" 524";"4530";"11.57";" -163.911";"proceso";" 1.582158e-37"
"  50";"1160";" 4.31";" -161.485";"adaptar";" 5.361597e-37"
"  59";"1179";" 5.00";" -148.785";"automático";" 3.195250e-34"
" 239";"2505";" 9.54";" -144.653";"análisis";" 2.557043e-33"
"  73";"1271";" 5.74";" -143.803";"decir";" 3.923804e-33"
"  16";" 773";" 2.07";" -142.801";"creatividad";" 6.496052e-33"
"  14";" 752";" 1.86";" -142.367";"patrón";" 8.082498e-33"
" 280";"2762";"10.14";" -140.026";"enseñanza";" 2.627118e-32"
" 301";"2877";"10.46";" -135.299";"resultado";" 2.839721e-31"
"   9";" 667";" 1.35";" -133.892";"asistente";" 5.768330e-31"
" 466";"3955";"11.78";" -133.560";"cómo";" 6.819722e-31"
" 178";"2011";" 8.85";" -133.221";"ayudar";" 8.087378e-31"
"  27";" 832";" 3.25";" -132.925";"palabra";" 9.388869e-31"
"  66";"1160";" 5.69";" -132.130";"real";" 1.401667e-30"
"  87";"1303";" 6.68";" -127.097";"interacción";" 1.769158e-29"
" 236";"2376";" 9.93";" -125.566";"ofrecer";" 3.826917e-29"
"  24";" 766";" 3.13";" -124.042";"natural";" 8.249010e-29"
" 148";"1740";" 8.51";" -122.982";"aula";" 1.406981e-28"
"  53";" 999";" 5.31";" -120.314";"material";" 5.401212e-28"
"  95";"1316";" 7.22";" -117.131";"pensar";" 2.687263e-27"
"  48";" 941";" 5.10";" -116.703";"virtual";" 3.333781e-27"
" 252";"2431";"10.37";" -116.257";"problema";" 4.174566e-27"
"  55";" 995";" 5.53";" -115.898";"máquina";" 5.003167e-27"
"  19";" 684";" 2.78";" -115.728";"personalización";" 5.452870e-27"
" 258";"2468";"10.45";" -115.634";"realizar";" 5.716952e-27"
" 174";"1880";" 9.26";" -114.387";"analizar";" 1.072279e-26"
"   5";" 535";" 0.93";" -112.369";"estilo";" 2.966892e-26"
" 140";"1624";" 8.62";" -112.044";"idea";" 3.494239e-26"
" 223";"2189";"10.19";" -108.821";"mucho";" 1.776274e-25"
"  22";" 681";" 3.23";" -108.780";"machine";" 1.813004e-25"
" 352";"3034";"11.60";" -106.426";"modelo";" 5.947917e-25"
"  48";" 885";" 5.42";" -104.552";"método";" 1.531040e-24"
"  96";"1259";" 7.63";" -104.226";"concepto";" 1.804697e-24"
"   7";" 519";" 1.35";" -103.979";"video";" 2.044683e-24"
"  79";"1127";" 7.01";" -103.705";"mejora";" 2.348154e-24"
"  17";" 609";" 2.79";" -102.756";"gpt";" 3.790456e-24"
" 235";"2233";"10.52";" -102.525";"específico";" 4.258861e-24"
"  41";" 815";" 5.03";" -101.943";"día";" 5.714769e-24"
"  92";"1216";" 7.57";" -101.681";"complejo";" 6.521176e-24"
"  42";" 819";" 5.13";" -100.999";"resolver";" 9.205011e-24"
"  33";" 742";" 4.45";" -100.763";"didáctico";" 1.036864e-23"
" 362";"3058";"11.84";" -100.348";"capacidad";" 1.278424e-23"
"  22";" 642";" 3.43";"  -99.922";"prompt";" 1.585187e-23"
"  11";" 540";" 2.04";"  -99.831";"visual";" 1.659507e-23"
" 289";"2567";"11.26";"  -98.244";"evaluación";" 3.699105e-23"
" 199";"1960";"10.15";"  -97.903";"ver";" 4.394508e-23"
"  23";" 637";" 3.61";"  -96.774";"juego";" 7.772209e-23"
" 100";"1243";" 8.05";"  -95.266";"obtener";" 1.664226e-22"
"  38";" 759";" 5.01";"  -95.198";"creativo";" 1.722348e-22"
"  30";" 688";" 4.36";"  -94.498";"hablar";" 2.452819e-22"
"  70";"1007";" 6.95";"  -93.432";"podar|poder";" 4.204871e-22"
"  16";" 556";" 2.88";"  -92.736";"cosa";" 5.976335e-22"
" 184";"1826";"10.08";"  -92.662";"propio";" 6.203043e-22"
" 192";"1875";"10.24";"  -91.666";"tipo";" 1.026095e-21"
" 392";"3186";"12.30";"  -91.113";"trabajo";" 1.356847e-21"
"  18";" 566";" 3.18";"  -90.854";"by";" 1.546388e-21"
"  25";" 627";" 3.99";"  -90.566";"pedir";" 1.789148e-21"
" 193";"1870";"10.32";"  -89.689";"red";" 2.787399e-21"
" 447";"3523";"12.69";"  -89.547";"conocimiento";" 2.994748e-21"
" 112";"1299";" 8.62";"  -89.196";"mostrar";" 3.576413e-21"
"  26";" 624";" 4.17";"  -87.953";"rendimiento";" 6.702646e-21"
"  80";"1055";" 7.58";"  -87.753";"saber";" 7.414267e-21"
"  18";" 552";" 3.26";"  -87.675";"instrucción";" 7.712830e-21"
"  18";" 551";" 3.27";"  -87.449";"computadora";" 8.650127e-21"
"   6";" 427";" 1.41";"  -84.887";"interactivo";" 3.158861e-20"
"  12";" 483";" 2.48";"  -84.514";"translated";" 3.815546e-20"
"  29";" 634";" 4.57";"  -84.454";"error";" 3.932474e-20"
" 324";"2698";"12.01";"  -83.786";"crear";" 5.514064e-20"
" 134";"1422";" 9.42";"  -82.959";"dos";" 8.377227e-20"
"  27";" 608";" 4.44";"  -82.491";"luego";" 1.061615e-19"
" 217";"1987";"10.92";"  -82.365";"diferente";" 1.131602e-19"
" 153";"1550";" 9.87";"  -82.111";"diseñar";" 1.286720e-19"
"  83";"1043";" 7.96";"  -81.021";"cambiar";" 2.233542e-19"
" 110";"1240";" 8.87";"  -80.949";"evaluar";" 2.316565e-19"
"  28";" 609";" 4.60";"  -80.827";"web";" 2.463857e-19"
" 143";"1467";" 9.75";"  -79.790";"plataforma";" 4.163077e-19"
"  11";" 449";" 2.45";"  -78.862";"leer";" 6.660094e-19"
" 104";"1181";" 8.81";"  -78.048";"práctica";" 1.005595e-18"
"  44";" 727";" 6.05";"  -77.813";"ahora";" 1.132489e-18"
" 439";"3382";"12.98";"  -77.728";"manera";" 1.182691e-18"
"  12";" 452";" 2.65";"  -77.409";"motivación";" 1.389494e-18"
"  16";" 486";" 3.29";"  -76.812";"chat";" 1.880743e-18"
" 165";"1600";"10.31";"  -76.603";"ir";" 2.090392e-18"
" 184";"1716";"10.72";"  -74.494";"tema";" 6.081003e-18"
"  54";" 789";" 6.84";"  -74.317";"asignatura";" 6.651341e-18"
"  10";" 419";" 2.39";"  -74.134";"escritura";" 7.297624e-18"
" 178";"1672";"10.65";"  -73.930";"pensamiento";" 8.092291e-18"
" 177";"1665";"10.63";"  -73.892";"identificar";" 8.252971e-18"
"  60";" 832";" 7.21";"  -73.653";"explorar";" 9.311712e-18"
"  68";" 892";" 7.62";"  -73.495";"inteligente";" 1.008786e-17"
" 132";"1351";" 9.77";"  -72.993";"facilitar";" 1.300916e-17"
"  40";" 671";" 5.96";"  -72.796";"historia";" 1.437698e-17"
"  33";" 612";" 5.39";"  -72.372";"preciso";" 1.782562e-17"
" 161";"1542";"10.44";"  -71.540";"usuario";" 2.716809e-17"
"  22";" 511";" 4.31";"  -70.555";"precisión";" 4.476533e-17"
"  78";" 949";" 8.22";"  -70.104";"figura";" 5.624774e-17"
" 104";"1137";" 9.15";"  -70.042";"alumnado";" 5.806545e-17"
"  43";" 681";" 6.31";"  -69.872";"tradicional";" 6.328621e-17"
"  43";" 672";" 6.40";"  -68.006";"sugerir";" 1.629709e-16"
"   3";" 324";" 0.93";"  -67.921";"simulación";" 1.701520e-16"
"  72";" 893";" 8.06";"  -67.888";"pasar";" 1.730551e-16"
"  42";" 662";" 6.34";"  -67.576";"útil";" 2.027251e-16"
" 147";"1419";"10.36";"  -67.016";"efectivo";" 2.692444e-16"
" 195";"1732";"11.26";"  -65.510";"profesor";" 5.780703e-16"
"  33";" 577";" 5.72";"  -64.904";"página";" 7.864245e-16"
"  53";" 734";" 7.22";"  -64.787";"individual";" 8.342963e-16"
" 315";"2502";"12.59";"  -64.724";"basar";" 8.614947e-16"
"  12";" 396";" 3.03";"  -64.645";"llm";" 8.969950e-16"
" 250";"2085";"11.99";"  -64.546";"mismo";" 9.428169e-16"
" 272";"2215";"12.28";"  -62.947";"vez";" 2.123305e-15"
" 191";"1688";"11.32";"  -62.850";"creación";" 2.230985e-15"
"  23";" 483";" 4.76";"  -62.518";"ajustar";" 2.639561e-15"
"  18";" 440";" 4.09";"  -62.506";"redacción";" 2.656110e-15"
"   7";" 339";" 2.06";"  -62.292";"tus";" 2.961350e-15"
"  38";" 604";" 6.29";"  -62.134";"funcionar";" 3.209170e-15"
"  67";" 825";" 8.12";"  -61.976";"querer";" 3.475844e-15"
" 462";"3390";"13.63";"  -61.435";"forma";" 4.575534e-15"
"   3";" 293";" 1.02";"  -60.724";"ordenador";" 6.566135e-15"
"   5";" 308";" 1.62";"  -59.603";"neuronales";" 1.160474e-14"
" 206";"1761";"11.70";"  -59.061";"año";" 1.528836e-14"
" 102";"1060";" 9.62";"  -58.933";"conocer";" 1.631121e-14"
" 113";"1136";" 9.95";"  -58.814";"generación";" 1.732950e-14"
"   3";" 280";" 1.07";"  -57.709";"minuto";" 3.039092e-14"
"   3";" 280";" 1.07";"  -57.709";"personalizadas";" 3.039092e-14"
"  40";" 596";" 6.71";"  -57.244";"número";" 3.849874e-14"
"  10";" 345";" 2.90";"  -57.227";"vídeo";" 3.883677e-14"
"  23";" 457";" 5.03";"  -56.866";"formato";" 4.666369e-14"
"  20";" 431";" 4.64";"  -56.720";"valioso";" 5.024457e-14"
"  32";" 527";" 6.07";"  -56.077";"dificultad";" 6.969001e-14"
" 224";"1851";"12.10";"  -55.256";"través";" 1.058248e-13"
"  20";" 424";" 4.72";"  -55.190";"enriquecer";" 1.094283e-13"
"  12";" 354";" 3.39";"  -55.146";"desempeño";" 1.119281e-13"
"  29";" 496";" 5.85";"  -54.646";"programación";" 1.443048e-13"
" 289";"2260";"12.79";"  -54.593";"ya";" 1.482718e-13"
"  64";" 763";" 8.39";"  -54.435";"paso";" 1.606918e-13"
"  31";" 510";" 6.08";"  -54.201";"voz";" 1.809663e-13"
"  60";" 732";" 8.20";"  -54.143";"explicar";" 1.863995e-13"
"  56";" 699";" 8.01";"  -53.507";"prueba";" 2.576205e-13"
"  58";" 713";" 8.13";"  -53.346";"característica";" 2.797484e-13"
"  19";" 405";" 4.69";"  -52.896";"millón";" 3.517578e-13"
"   4";" 269";" 1.49";"  -52.860";"predecir";" 3.582364e-13"
"   0";" 228";" 0.00";"  -52.819";"artifcial";" 3.657851e-13"
"  28";" 478";" 5.86";"  -52.561";"procesar";" 4.171502e-13"
"  53";" 671";" 7.90";"  -52.427";"demostrar";" 4.464609e-13"
"  36";" 540";" 6.67";"  -52.211";"prompts";" 4.984376e-13"
"  46";" 616";" 7.47";"  -51.987";"procesamiento";" 5.586844e-13"
" 196";"1646";"11.91";"  -51.891";"contener";" 5.867220e-13"
"  59";" 710";" 8.31";"  -51.382";"enseñar";" 7.604534e-13"
" 116";"1111";"10.44";"  -51.237";"profundo";" 8.185643e-13"
"  55";" 679";" 8.10";"  -51.108";"ayuda";" 8.741198e-13"
"  18";" 385";" 4.68";"  -50.384";"adicional";" 1.263969e-12"
"  43";" 585";" 7.35";"  -50.379";"ejercicio";" 1.267722e-12"
"  43";" 584";" 7.36";"  -50.181";"emplear";" 1.402084e-12"
"  15";" 358";" 4.19";"  -50.117";"simple";" 1.448585e-12"
"  45";" 598";" 7.53";"  -49.943";"chatbots";" 1.583110e-12"
"   8";" 294";" 2.72";"  -49.830";"mis";" 1.676911e-12"
"   9";" 303";" 2.97";"  -49.778";"fácil";" 1.721798e-12"
"  55";" 670";" 8.21";"  -49.401";"cantidad";" 2.086852e-12"
"   5";" 263";" 1.90";"  -49.228";"tutoría";" 2.278349e-12"
"  12";" 325";" 3.69";"  -48.636";"lector";" 3.081841e-12"
" 143";"1275";"11.22";"  -48.471";"partir";" 3.352042e-12"
"  30";" 472";" 6.36";"  -47.967";"después";" 4.334998e-12"
" 253";"1979";"12.78";"  -47.671";"buscar";" 5.039939e-12"
"  23";" 414";" 5.56";"  -47.639";"conversación";" 5.124554e-12"
"  12";" 320";" 3.75";"  -47.518";"asistencia";" 5.449030e-12"
"  24";" 420";" 5.71";"  -47.178";"nombre";" 6.481665e-12"
" 147";"1292";"11.38";"  -47.042";"fuente";" 6.949097e-12"
"   1";" 212";" 0.47";"  -46.664";"frase";" 8.428227e-12"
"  24";" 417";" 5.76";"  -46.545";"lectura";" 8.955615e-12"
"  61";" 698";" 8.74";"  -46.440";"llegar";" 9.445262e-12"
" 104";" 998";"10.42";"  -46.178";"función";" 1.080044e-11"
"  25";" 423";" 5.91";"  -46.101";"progreso";" 1.123050e-11"
"  73";" 780";" 9.36";"  -45.728";"aumentar";" 1.358683e-11"
"   9";" 285";" 3.16";"  -45.704";"calificación";" 1.375654e-11"
"  10";" 294";" 3.40";"  -45.693";"original";" 1.383346e-11"
"   6";" 255";" 2.35";"  -45.202";"sencillo";" 1.777053e-11"
"  13";" 318";" 4.09";"  -45.117";"sugerencia";" 1.855762e-11"
"  51";" 617";" 8.27";"  -44.971";"percepción";" 1.999458e-11"
"   8";" 272";" 2.94";"  -44.831";"correo";" 2.147902e-11"
"  65";" 715";" 9.09";"  -44.302";"parecer";" 2.814331e-11"
"   8";" 269";" 2.97";"  -44.151";"openai";" 3.039781e-11"
"  12";" 304";" 3.95";"  -43.954";"interactuar";" 3.362468e-11"
" 132";"1170";"11.28";"  -43.637";"curso";" 3.952859e-11"
"  21";" 378";" 5.56";"  -43.475";"casi";" 4.294381e-11"
"   8";" 266";" 3.01";"  -43.472";"instagram";" 4.301488e-11"
"   1";" 195";" 0.51";"  -42.719";"jugador";" 6.319617e-11"
" 118";"1070";"11.03";"  -42.605";"elemento";" 6.697979e-11"
"  51";" 603";" 8.46";"  -42.350";"descripción";" 7.630869e-11"
"   6";" 241";" 2.49";"  -42.004";"comentario";" 9.109948e-11"
"   9";" 268";" 3.36";"  -41.871";"preferencia";" 9.747820e-11"
"  14";" 311";" 4.50";"  -41.668";"mensaje";" 1.081616e-10"
"  48";" 577";" 8.32";"  -41.609";"entrenar";" 1.114997e-10"
"  60";" 663";" 9.05";"  -41.401";"segundo";" 1.240125e-10"
" 139";"1201";"11.57";"  -41.386";"significativo";" 1.249541e-10"
" 428";"2998";"14.28";"  -41.252";"aplicación";" 1.338049e-10"
"  10";" 274";" 3.65";"  -41.208";"secuencia";" 1.368856e-10"
"   0";" 177";" 0.00";"  -40.976";"sensores";" 1.541421e-10"
"   7";" 245";" 2.86";"  -40.796";"completar";" 1.689773e-10"
"  68";" 716";" 9.50";"  -40.715";"iag";" 1.761278e-10"
"   3";" 206";" 1.46";"  -40.589";"personaje";" 1.878604e-10"
"  14";" 306";" 4.58";"  -40.574";"predicción";" 1.893549e-10"
"  10";" 271";" 3.69";"  -40.537";"emoción";" 1.929100e-10"
"  25";" 395";" 6.33";"  -40.273";"idioma";" 2.208332e-10"
"   3";" 204";" 1.47";"  -40.128";"cerebro";" 2.379099e-10"
"  22";" 370";" 5.95";"  -40.072";"solicitar";" 2.448217e-10"
"  70";" 726";" 9.64";"  -40.010";"libro";" 2.526792e-10"
"  38";" 493";" 7.71";"  -39.787";"eficiente";" 2.831872e-10"
"  78";" 780";"10.00";"  -39.705";"momento";" 2.952998e-10"
"   9";" 258";" 3.49";"  -39.625";"hombre";" 3.076777e-10"
"  19";" 343";" 5.54";"  -39.527";"percibir";" 3.234941e-10"
"  12";" 284";" 4.23";"  -39.525";"teléfono";" 3.239528e-10"
"  86";" 834";"10.31";"  -39.516";"hecho";" 3.253596e-10"
"   7";" 239";" 2.93";"  -39.436";"atractivo";" 3.390669e-10"
"  31";" 437";" 7.09";"  -39.265";"eficiencia";" 3.699702e-10"
"  14";" 300";" 4.67";"  -39.263";"sitio";" 3.703434e-10"
"  23";" 373";" 6.17";"  -39.021";"preguntar";" 4.191901e-10"
"   6";" 226";" 2.65";"  -38.586";"simular";" 5.240492e-10"
"  28";" 410";" 6.83";"  -38.515";"chatbot";" 5.434695e-10"
"   4";" 206";" 1.94";"  -38.344";"gente";" 5.931664e-10"
"  19";" 337";" 5.64";"  -38.256";"exploración";" 6.205858e-10"
"  22";" 361";" 6.09";"  -38.193";"empezar";" 6.408283e-10"
"  44";" 529";" 8.32";"  -38.132";"automatizar";" 6.612424e-10"
"  16";" 311";" 5.14";"  -37.995";"entrada";" 7.094229e-10"
"  72";" 726";" 9.92";"  -37.629";"final";" 8.555359e-10"
"  68";" 698";" 9.74";"  -37.611";"producir";" 8.634122e-10"
"  84";" 808";"10.40";"  -37.511";"menos";" 9.090625e-10"
"  16";" 307";" 5.21";"  -37.136";"nunca";" 1.101990e-09"
"   7";" 228";" 3.07";"  -36.946";"estu";" 1.214174e-09"
" 124";"1072";"11.57";"  -36.942";"siguiente";" 1.216994e-09"
"   4";" 199";" 2.01";"  -36.737";"gamificación";" 1.351810e-09"
"  16";" 305";" 5.25";"  -36.707";"descubrir";" 1.373063e-09"
"   3";" 189";" 1.59";"  -36.669";"salida";" 1.399655e-09"
"  12";" 270";" 4.44";"  -36.445";"falso";" 1.570296e-09"
"   5";" 206";" 2.43";"  -36.162";"cognitivas";" 1.815357e-09"
"   1";" 166";" 0.60";"  -35.995";"audio";" 1.977739e-09"
"  46";" 532";" 8.65";"  -35.971";"similar";" 2.002488e-09"
"  34";" 443";" 7.67";"  -35.941";"presentación";" 2.033790e-09"
"  12";" 267";" 4.49";"  -35.788";"inmediato";" 2.200339e-09"
"  80";" 770";"10.39";"  -35.783";"limitación";" 2.205624e-09"
"  51";" 567";" 8.99";"  -35.762";"tan";" 2.229971e-09"
" 203";"1569";"12.94";"  -35.669";"encontrar";" 2.338251e-09"
" 346";"2447";"14.14";"  -35.473";"crítico";" 2.586019e-09"
" 234";"1759";"13.30";"  -35.228";"algoritmo";" 2.932930e-09"
"  10";" 247";" 4.05";"  -35.199";"coherente";" 2.977304e-09"
" 138";"1151";"11.99";"  -35.182";"posibilidad";" 3.003350e-09"
"  47";" 534";" 8.80";"  -35.010";"hoy";" 3.279859e-09"
"  49";" 548";" 8.94";"  -34.931";"inicial";" 3.415894e-09"
"  82";" 778";"10.54";"  -34.873";"metodología";" 3.519901e-09"
"   2";" 171";" 1.17";"  -34.802";"detallado";" 3.650072e-09"
"  28";" 391";" 7.16";"  -34.706";"examen";" 3.834277e-09"
"  99";" 891";"11.11";"  -34.634";"realidad";" 3.978392e-09"
"  98";" 884";"11.09";"  -34.585";"capaz";" 4.080303e-09"
"   2";" 170";" 1.18";"  -34.571";"robot";" 4.110037e-09"
"  50";" 553";" 9.04";"  -34.538";"dejar";" 4.180182e-09"
"  13";" 269";" 4.83";"  -34.367";"interpretación";" 4.564151e-09"
"  17";" 302";" 5.63";"  -34.312";"cuestionario";" 4.694046e-09"
"   9";" 234";" 3.85";"  -34.264";"interfaz";" 4.812215e-09"
"  21";" 334";" 6.29";"  -34.254";"móvil";" 4.837023e-09"
"  86";" 801";"10.74";"  -34.217";"modo";" 4.930382e-09"
"  14";" 276";" 5.07";"  -34.061";"interpretar";" 5.340960e-09"
"  30";" 403";" 7.44";"  -34.053";"matemático";" 5.364409e-09"
"  15";" 284";" 5.28";"  -33.989";"explicación";" 5.542863e-09"
"   2";" 165";" 1.21";"  -33.416";"cita";" 7.441205e-09"
"  15";" 281";" 5.34";"  -33.348";"realmente";" 7.706944e-09"
"  44";" 503";" 8.75";"  -33.322";"entrenamiento";" 7.809129e-09"
"  28";" 384";" 7.29";"  -33.319";"jugar";" 7.822375e-09"
"  67";" 665";"10.08";"  -33.221";"recibir";" 8.227834e-09"
"  11";" 246";" 4.47";"  -33.069";"robots";" 8.894077e-09"
"   5";" 192";" 2.60";"  -32.972";"programar";" 9.349139e-09"
"   2";" 163";" 1.23";"  -32.954";"tono";" 9.436242e-09"
" 334";"2348";"14.22";"  -32.750";"bueno";" 1.047900e-08"
"   7";" 209";" 3.35";"  -32.665";"música";" 1.094894e-08"
"  25";" 357";" 7.00";"  -32.544";"detallar";" 1.165275e-08"
"  93";" 837";"11.11";"  -32.511";"responder";" 1.185139e-08"
"   9";" 225";" 4.00";"  -32.266";"combinación";" 1.344472e-08"
"  11";" 242";" 4.55";"  -32.194";"probabilidad";" 1.395211e-08"
"  38";" 453";" 8.39";"  -32.178";"creer";" 1.406782e-08"
" 176";"1371";"12.84";"  -32.168";"lugar";" 1.413790e-08"
"   4";" 179";" 2.23";"  -32.156";"fortaleza";" 1.422721e-08"
"   5";" 188";" 2.66";"  -32.062";"cálculo";" 1.493008e-08"
"   9";" 224";" 4.02";"  -32.044";"porcentaje";" 1.506840e-08"
"   8";" 215";" 3.72";"  -32.004";"adaptabilidad";" 1.538271e-08"
"  42";" 481";" 8.73";"  -31.955";"hora";" 1.577804e-08"
"   0";" 138";" 0.00";"  -31.930";"animal";" 1.598194e-08"
"  49";" 530";" 9.25";"  -31.719";"dinámico";" 1.781992e-08"
"   0";" 137";" 0.00";"  -31.698";"foto";" 1.800785e-08"
"  33";" 413";" 7.99";"  -31.615";"estudiantado";" 1.879747e-08"
"  21";" 321";" 6.54";"  -31.585";"intentar";" 1.909192e-08"
"  24";" 344";" 6.98";"  -31.492";"sesión";" 2.002202e-08"
"  35";" 427";" 8.20";"  -31.452";"matemáticas";" 2.044374e-08"
"  35";" 427";" 8.20";"  -31.452";"llamar";" 2.044374e-08"
"  10";" 230";" 4.35";"  -31.449";"adaptativo";" 2.047382e-08"
" 638";"4128";"15.46";"  -31.362";"información";" 2.141632e-08"
"  63";" 626";"10.06";"  -31.337";"código";" 2.169249e-08"
"   6";" 194";" 3.09";"  -31.332";"corrección";" 2.174798e-08"
"   5";" 184";" 2.72";"  -31.154";"mil";" 2.384023e-08"
"   8";" 211";" 3.79";"  -31.113";"soporte";" 2.433962e-08"
"  31";" 395";" 7.85";"  -31.033";"difícil";" 2.536565e-08"
"  63";" 624";"10.10";"  -31.005";"actuar";" 2.574167e-08"
"   9";" 219";" 4.11";"  -30.938";"ensayo";" 2.663434e-08"
"  21";" 317";" 6.62";"  -30.770";"utilidad";" 2.905654e-08"
"   9";" 218";" 4.13";"  -30.718";"lección";" 2.984524e-08"
"  68";" 656";"10.37";"  -30.611";"resolución";" 3.153594e-08"
"   3";" 160";" 1.88";"  -30.000";"gustar";" 4.321290e-08"
"  12";" 239";" 5.02";"  -29.702";"optimizar";" 5.037110e-08"
"   5";" 177";" 2.82";"  -29.565";"casa";" 5.406078e-08"
"   5";" 177";" 2.82";"  -29.565";"macrodatos";" 5.406078e-08"
"   6";" 185";" 3.24";"  -29.304";"semana";" 6.187802e-08"
"   2";" 147";" 1.36";"  -29.262";"apren";" 6.322511e-08"
"  13";" 245";" 5.31";"  -29.200";"extraer";" 6.529086e-08"
"  12";" 236";" 5.08";"  -29.057";"automáticamente";" 7.029459e-08"
"  17";" 276";" 6.16";"  -28.867";"rápidamente";" 7.753479e-08"
"   9";" 209";" 4.31";"  -28.735";"juicio";" 8.300502e-08"
"  14";" 251";" 5.58";"  -28.722";"colaborativo";" 8.355954e-08"
"  42";" 463";" 9.07";"  -28.705";"arte";" 8.427429e-08"
"  19";" 290";" 6.55";"  -28.477";"eficacia";" 9.480013e-08"
"   0";" 122";" 0.00";"  -28.222";"multimedia";" 1.081717e-07"
"   0";" 122";" 0.00";"  -28.222";"película";" 1.081717e-07"
"  38";" 431";" 8.82";"  -28.131";"previo";" 1.133504e-07"
"  76";" 693";"10.97";"  -27.888";"evidenciar";" 1.285687e-07"
"  14";" 247";" 5.67";"  -27.877";"reemplazar";" 1.293070e-07"
"  29";" 363";" 7.99";"  -27.775";"electrónico";" 1.362467e-07"
"   0";" 120";" 0.00";"  -27.759";"neurona";" 1.374411e-07"
"   3";" 150";" 2.00";"  -27.706";"enfermedad";" 1.412207e-07"
"  12";" 229";" 5.24";"  -27.555";"mes";" 1.526964e-07"
"  31";" 375";" 8.27";"  -27.238";"experimentar";" 1.799016e-07"
"  27";" 344";" 7.85";"  -27.004";"combinar";" 2.030447e-07"
"   0";" 116";" 0.00";"  -26.832";"turing";" 2.219568e-07"
"  29";" 358";" 8.10";"  -26.826";"correcto";" 2.225654e-07"
"  90";" 778";"11.57";"  -26.695";"tabla";" 2.382153e-07"
"  12";" 224";" 5.36";"  -26.487";"frecuencia";" 2.652938e-07"
"  29";" 356";" 8.15";"  -26.449";"conexión";" 2.706395e-07"
" 342";"2331";"14.67";"  -26.416";"recurso";" 2.752225e-07"
"  92";" 789";"11.66";"  -26.387";"brindar";" 2.794136e-07"
"   5";" 162";" 3.09";"  -26.174";"diantes";" 3.120627e-07"
"  12";" 222";" 5.41";"  -26.061";"probar";" 3.307509e-07"
"  32";" 376";" 8.51";"  -26.056";"total";" 3.316834e-07"
"   5";" 161";" 3.11";"  -25.948";"sofisticar";" 3.507244e-07"
"  89";" 766";"11.62";"  -25.910";"siempre";" 3.576842e-07"
"  53";" 524";"10.11";"  -25.890";"gráfico";" 3.613787e-07"
"   3";" 142";" 2.11";"  -25.874";"dall";" 3.644207e-07"
"   1";" 122";" 0.82";"  -25.810";"señal";" 3.767647e-07"
"  52";" 516";"10.08";"  -25.711";"detectar";" 3.966051e-07"
"  42";" 446";" 9.42";"  -25.707";"estudiar";" 3.973356e-07"
"   3";" 141";" 2.13";"  -25.645";"herra";" 4.102841e-07"
" 132";"1041";"12.68";"  -25.622";"necesitar";" 4.152564e-07"
"  13";" 228";" 5.70";"  -25.593";"traducción";" 4.215346e-07"
"   0";" 110";" 0.00";"  -25.442";"amigo";" 4.559184e-07"
" 172";"1290";"13.33";"  -25.383";"aplicar";" 4.699715e-07"
"   1";" 120";" 0.83";"  -25.347";"perplexity";" 4.788013e-07"
"   2";" 130";" 1.54";"  -25.346";"neuronal";" 4.792499e-07"
"   2";" 130";" 1.54";"  -25.346";"etiqueta";" 4.792499e-07"
"   2";" 130";" 1.54";"  -25.346";"curiosidad";" 4.792499e-07"
"  45";" 465";" 9.68";"  -25.336";"seleccionar";" 4.816094e-07"
"  19";" 274";" 6.93";"  -25.241";"simplemente";" 5.059624e-07"
"   9";" 193";" 4.66";"  -25.235";"compañero";" 5.075449e-07"
"   2";" 129";" 1.55";"  -25.115";"debilidad";" 5.399846e-07"
"  47";" 477";" 9.85";"  -24.998";"sólo";" 5.739979e-07"
"  54";" 525";"10.29";"  -24.923";"adquirir";" 5.966565e-07"
"   1";" 118";" 0.85";"  -24.885";"amazon";" 6.085431e-07"
"   4";" 147";" 2.72";"  -24.865";"facebook";" 6.148911e-07"
"  26";" 324";" 8.02";"  -24.614";"selección";" 7.003795e-07"
"   3";" 136";" 2.21";"  -24.502";"satisfacción";" 7.422627e-07"
"  48";" 481";" 9.98";"  -24.501";"aporte";" 7.427815e-07"
"   8";" 181";" 4.42";"  -24.486";"diagnóstico";" 7.485676e-07"
"   7";" 172";" 4.07";"  -24.415";"enviar";" 7.764892e-07"
"  46";" 466";" 9.87";"  -24.319";"poco";" 8.163082e-07"
" 119";" 948";"12.55";"  -24.290";"entender";" 8.288473e-07"
"   0";" 105";" 0.00";"  -24.284";"sonido";" 8.313723e-07"
"  28";" 337";" 8.31";"  -24.270";"emocional";" 8.373642e-07"
"   7";" 171";" 4.09";"  -24.194";"completamente";" 8.708252e-07"
"  21";" 284";" 7.39";"  -24.170";"variedad";" 8.820868e-07"
"  32";" 365";" 8.77";"  -24.040";"adolescente";" 9.435156e-07"
"   2";" 124";" 1.61";"  -23.965";"textual";" 9.808811e-07"
"  23";" 298";" 7.72";"  -23.942";"aparecer";" 9.929911e-07"
"  10";" 195";" 5.13";"  -23.843";"motivar";" 1.045230e-06"
"  73";" 646";"11.30";"  -23.804";"diferencia";" 1.066600e-06"
"  11";" 202";" 5.45";"  -23.565";"registrar";" 1.207844e-06"
"  37";" 398";" 9.30";"  -23.521";"igual";" 1.235667e-06"
"   2";" 122";" 1.64";"  -23.505";"simplificar";" 1.245597e-06"
"  15";" 234";" 6.41";"  -23.496";"significativamente";" 1.251797e-06"
"  17";" 249";" 6.83";"  -23.347";"comparación";" 1.352616e-06"
"  12";" 209";" 5.74";"  -23.311";"clasificar";" 1.377871e-06"
"  26";" 317";" 8.20";"  -23.292";"dominio";" 1.391976e-06"
"   3";" 130";" 2.31";"  -23.132";"youtube";" 1.512424e-06"
"   7";" 166";" 4.22";"  -23.092";"descubrimiento";" 1.544128e-06"
"  21";" 278";" 7.55";"  -22.998";"recordar";" 1.622090e-06"
"  31";" 352";" 8.81";"  -22.996";"versión";" 1.623408e-06"
"   3";" 129";" 2.33";"  -22.904";"retención";" 1.702979e-06"
"  15";" 231";" 6.49";"  -22.882";"volumen";" 1.722463e-06"
"   7";" 165";" 4.24";"  -22.872";"mover";" 1.731357e-06"
"  69";" 613";"11.26";"  -22.846";"constante";" 1.755094e-06"
"   2";" 119";" 1.68";"  -22.816";"dizaje";" 1.782772e-06"
"  63";" 572";"11.01";"  -22.703";"criterio";" 1.890794e-06"
"  15";" 229";" 6.55";"  -22.474";"efectividad";" 2.129897e-06"
"   0";"  97";" 0.00";"  -22.431";"liberar";" 2.178155e-06"
"  48";" 468";"10.26";"  -22.354";"teoría";" 2.267925e-06"
"   5";" 145";" 3.45";"  -22.353";"agregado";" 2.268970e-06"
"   1";" 107";" 0.93";"  -22.343";"ingrediente";" 2.280531e-06"
"  69";" 609";"11.33";"  -22.251";"observar";" 2.392580e-06"
"  24";" 296";" 8.11";"  -22.130";"variable";" 2.547388e-06"
"   2";" 116";" 1.72";"  -22.127";"bitácora";" 2.552170e-06"
"   3";" 125";" 2.40";"  -21.992";"resúmenes";" 2.737793e-06"
"  46";" 452";"10.18";"  -21.990";"siglo";" 2.741318e-06"
"   5";" 143";" 3.50";"  -21.905";"duración";" 2.864671e-06"
"   2";" 115";" 1.74";"  -21.897";"color";" 2.876534e-06"
"   1";" 105";" 0.95";"  -21.881";"chico";" 2.901030e-06"
"   8";" 169";" 4.73";"  -21.869";"escuchar";" 2.918701e-06"
"  46";" 451";"10.20";"  -21.825";"naturaleza";" 2.986119e-06"
"  18";" 249";" 7.23";"  -21.802";"ciudad";" 3.022828e-06"
"   5";" 142";" 3.52";"  -21.682";"hipótesis";" 3.218747e-06"
"   9";" 176";" 5.11";"  -21.560";"síntesis";" 3.428858e-06"
"   7";" 159";" 4.40";"  -21.555";"coherencia";" 3.437573e-06"
"   3";" 123";" 2.44";"  -21.537";"oral";" 3.471570e-06"
"   5";" 141";" 3.55";"  -21.458";"fácilmente";" 3.616525e-06"
"  50";" 476";"10.50";"  -21.433";"aquí";" 3.664994e-06"
"   1";" 103";" 0.97";"  -21.419";"dibujo";" 3.690931e-06"
"   2";" 112";" 1.79";"  -21.209";"búsquedas";" 4.119248e-06"
"  32";" 349";" 9.17";"  -21.170";"representación";" 4.202918e-06"
"   7";" 157";" 4.46";"  -21.118";"copilot";" 4.319136e-06"
"  29";" 327";" 8.87";"  -21.092";"asistir";" 4.378385e-06"
"  11";" 190";" 5.79";"  -21.031";"sentir";" 4.518670e-06"
"   4";" 130";" 3.08";"  -21.020";"frecuente";" 4.545626e-06"
"  13";" 206";" 6.31";"  -21.011";"valoración";" 4.565872e-06"
"  35";" 369";" 9.49";"  -20.938";"detalle";" 4.743182e-06"
"   7";" 156";" 4.49";"  -20.899";"esquema";" 4.841065e-06"
"  10";" 181";" 5.52";"  -20.858";"ciento";" 4.945891e-06"
"  79";" 665";"11.88";"  -20.852";"indicar";" 4.962614e-06"
"  36";" 375";" 9.60";"  -20.757";"significar";" 5.215247e-06"
"   2";" 110";" 1.82";"  -20.750";"twitter";" 5.234111e-06"
"   3";" 119";" 2.52";"  -20.626";"archivo";" 5.582615e-06"
" 636";"3969";"16.02";"  -20.624";"grande";" 5.588824e-06"
"   6";" 145";" 4.14";"  -20.385";"memoria";" 6.333610e-06"
"   8";" 162";" 4.94";"  -20.355";"agregar";" 6.433772e-06"
"   0";"  88";" 0.00";"  -20.347";"gato";" 6.458091e-06"
"   0";"  88";" 0.00";"  -20.347";"coche";" 6.458091e-06"
"   1";"  98";" 1.02";"  -20.265";"fútbol";" 6.743859e-06"
" 238";"1644";"14.48";"  -20.254";"entorno";" 6.781430e-06"
"   7";" 153";" 4.58";"  -20.245";"corregir";" 6.814818e-06"
"   7";" 153";" 4.58";"  -20.245";"animar";" 6.814818e-06"
"  37";" 379";" 9.76";"  -20.241";"edad";" 6.826158e-06"
"  13";" 202";" 6.44";"  -20.191";"cualitativo";" 7.009299e-06"
"   3";" 117";" 2.56";"  -20.172";"calcular";" 7.079862e-06"
"  44";" 427";"10.30";"  -20.154";"físico";" 7.144340e-06"
"  53";" 488";"10.86";"  -20.120";"mente";" 7.273054e-06"
"  27";" 307";" 8.79";"  -20.092";"elegir";" 7.379255e-06"
"  11";" 185";" 5.95";"  -19.985";"celular";" 7.803808e-06"
"  11";" 185";" 5.95";"  -19.985";"pantalla";" 7.803808e-06"
"  42";" 412";"10.19";"  -19.953";"adaptarse";" 7.938794e-06"
"   8";" 160";" 5.00";"  -19.924";"luz";" 8.059762e-06"
"  13";" 200";" 6.50";"  -19.782";"argumento";" 8.679433e-06"
"  11";" 184";" 5.98";"  -19.777";"ajuste";" 8.702686e-06"
"   6";" 142";" 4.23";"  -19.724";"planta";" 8.946510e-06"
"   3";" 115";" 2.61";"  -19.717";"prácticamente";" 8.979109e-06"
"  18";" 238";" 7.56";"  -19.646";"indicación";" 9.319920e-06"
"   2";" 105";" 1.90";"  -19.603";"conversacional";" 9.530702e-06"
"  23";" 275";" 8.36";"  -19.580";"razonamiento";" 9.645916e-06"
"  24";" 282";" 8.51";"  -19.517";"perder";" 9.971659e-06"
"   8";" 158";" 5.06";"  -19.494";"viaje";" 1.009423e-05"
"   3";" 114";" 2.63";"  -19.490";"ano";" 1.011220e-05"
"  37";" 374";" 9.89";"  -19.398";"seguimiento";" 1.061292e-05"
"   1";"  94";" 1.06";"  -19.341";"buscador";" 1.093136e-05"
"   1";"  94";" 1.06";"  -19.341";"replicar";" 1.093136e-05"
"   1";"  94";" 1.06";"  -19.341";"ahorrar";" 1.093136e-05"
"   6";" 140";" 4.29";"  -19.285";"autoevaluación";" 1.126097e-05"
" 162";"1174";"13.80";"  -19.277";"uno";" 1.130856e-05"
"   3";" 113";" 2.65";"  -19.263";"visualizar";" 1.138841e-05"
"  42";" 407";"10.32";"  -19.137";"superar";" 1.216588e-05"
"  51";" 468";"10.90";"  -19.111";"éxito";" 1.233323e-05"
"   1";"  93";" 1.08";"  -19.111";"fotografía";" 1.233581e-05"
"  91";" 729";"12.48";"  -19.044";"convertir";" 1.277450e-05"
" 185";"1312";"14.10";"  -19.040";"técnica";" 1.280371e-05"
"  21";" 257";" 8.17";"  -18.978";"cliente";" 1.322638e-05"
"   2";" 102";" 1.96";"  -18.916";"ecuación";" 1.366010e-05"
"   2";" 102";" 1.96";"  -18.916";"autoeficacia";" 1.366010e-05"
"  22";" 264";" 8.33";"  -18.904";"mano";" 1.374665e-05"
" 202";"1413";"14.30";"  -18.850";"comprender";" 1.414194e-05"
"   6";" 138";" 4.35";"  -18.846";"instantáneo";" 1.417200e-05"
"   9";" 163";" 5.52";"  -18.789";"carga";" 1.460178e-05"
"  11";" 179";" 6.15";"  -18.739";"funcionalidad";" 1.498964e-05"
" 465";"2958";"15.72";"  -18.704";"dar";" 1.526514e-05"
"   1";"  91";" 1.10";"  -18.649";"quizá";" 1.571157e-05"
"   5";" 128";" 3.91";"  -18.565";"tamaño";" 1.641978e-05"
"  12";" 186";" 6.45";"  -18.539";"ganar";" 1.664411e-05"
"  15";" 209";" 7.18";"  -18.455";"microsoft";" 1.739963e-05"
"  90";" 718";"12.53";"  -18.445";"representar";" 1.749182e-05"
"  13";" 193";" 6.74";"  -18.361";"terminar";" 1.827696e-05"
"   3";" 109";" 2.75";"  -18.356";"bing";" 1.832269e-05"
"   5";" 127";" 3.94";"  -18.344";"test";" 1.844346e-05"
"  12";" 185";" 6.49";"  -18.335";"comprar";" 1.852720e-05"
"  10";" 169";" 5.92";"  -18.335";"auténtico";" 1.852724e-05"
"   0";"  79";" 0.00";"  -18.264";"io";" 1.922894e-05"
"  15";" 208";" 7.21";"  -18.257";"erar|ser";" 1.930306e-05"
"   6";" 135";" 4.44";"  -18.189";"luckin";" 2.000236e-05"
"   1";"  89";" 1.12";"  -18.188";"mecánico";" 2.001530e-05"
"   1";"  89";" 1.12";"  -18.188";"convencional";" 2.001530e-05"
"  18";" 230";" 7.83";"  -18.102";"estadístico";" 2.093659e-05"
"  21";" 252";" 8.33";"  -18.042";"consistir";" 2.161137e-05"
" 174";"1235";"14.09";"  -17.992";"punto";" 2.218533e-05"
"   3";" 107";" 2.80";"  -17.903";"horario";" 2.324266e-05"
" 142";"1038";"13.68";"  -17.836";"relevante";" 2.407860e-05"
"  60";" 519";"11.56";"  -17.782";"único";" 2.477392e-05"
"   1";"  87";" 1.15";"  -17.727";"aprendi";" 2.550346e-05"
"  10";" 166";" 6.02";"  -17.710";"resumir";" 2.572477e-05"
"   0";"  76";" 0.00";"  -17.570";"novelar";" 2.769395e-05"
"  20";" 242";" 8.26";"  -17.553";"hacerlo";" 2.794075e-05"
"   2";"  96";" 2.08";"  -17.543";"consignar";" 2.808678e-05"
"   6";" 132";" 4.55";"  -17.534";"entregar";" 2.822030e-05"
"  46";" 424";"10.85";"  -17.517";"completo";" 2.846922e-05"
"   1";"  86";" 1.16";"  -17.496";"racional";" 2.879086e-05"
"   1";"  86";" 1.16";"  -17.496";"complemento";" 2.879086e-05"
"   3";" 105";" 2.86";"  -17.451";"químico";" 2.948527e-05"
"   4";" 114";" 3.51";"  -17.428";"rúbrica";" 2.984142e-05"
"  28";" 299";" 9.36";"  -17.393";"gracia";" 3.038706e-05"
" 173";"1223";"14.15";"  -17.386";"llevar";" 3.050570e-05"
"  97";" 754";"12.86";"  -17.380";"continuo";" 3.060490e-05"
"  13";" 188";" 6.91";"  -17.355";"profundidad";" 3.100539e-05"
"   2";"  95";" 2.11";"  -17.315";"videojuego";" 3.167601e-05"
"  10";" 164";" 6.10";"  -17.295";"observación";" 3.200152e-05"
"   1";"  85";" 1.18";"  -17.265";"artista";" 3.250389e-05"
"   1";"  85";" 1.18";"  -17.265";"vocabulario";" 3.250389e-05"
"   1";"  85";" 1.18";"  -17.265";"rúbricas";" 3.250389e-05"
"   1";"  85";" 1.18";"  -17.265";"alimento";" 3.250389e-05"
"  22";" 255";" 8.63";"  -17.242";"comparar";" 3.290908e-05"
"  58";" 502";"11.55";"  -17.228";"crear|creer";" 3.314470e-05"
"   0";"  74";" 0.00";"  -17.107";"oración";" 3.533083e-05"
"  27";" 290";" 9.31";"  -17.063";"conseguir";" 3.616016e-05"
"   7";" 138";" 5.07";"  -16.999";"ingresar";" 3.740832e-05"
" 102";" 782";"13.04";"  -16.956";"transformar";" 3.826586e-05"
" 210";"1441";"14.57";"  -16.916";"seguir";" 3.907055e-05"
"  27";" 289";" 9.34";"  -16.888";"interesante";" 3.964733e-05"
"   0";"  73";" 0.00";"  -16.876";"versatilidad";" 3.991034e-05"
"  34";" 338";"10.06";"  -16.872";"ritmo";" 3.999280e-05"
"   2";"  93";" 2.15";"  -16.858";"refuerzo";" 4.029362e-05"
"   1";"  83";" 1.20";"  -16.804";"perro";" 4.143578e-05"
"   1";"  83";" 1.20";"  -16.804";"zaje";" 4.143578e-05"
"   5";" 120";" 4.17";"  -16.798";"experimento";" 4.157493e-05"
"   5";" 120";" 4.17";"  -16.798";"correctamente";" 4.157493e-05"
"   5";" 120";" 4.17";"  -16.798";"imposible";" 4.157493e-05"
"   7";" 137";" 5.11";"  -16.784";"acabar";" 4.188535e-05"
"  46";" 419";"10.98";"  -16.748";"learning";" 4.269111e-05"
"   8";" 145";" 5.52";"  -16.721";"verificación";" 4.330817e-05"
"  15";" 200";" 7.50";"  -16.687";"mero";" 4.408347e-05"
"  11";" 169";" 6.51";"  -16.685";"solicitud";" 4.413805e-05"
"  11";" 169";" 6.51";"  -16.685";"informáticos";" 4.413805e-05"
"   2";"  92";" 2.17";"  -16.629";"claude";" 4.544793e-05"
"   2";"  92";" 2.17";"  -16.629";"literario";" 4.544793e-05"
"   1";"  82";" 1.22";"  -16.574";"dólar";" 4.678818e-05"
"   1";"  82";" 1.22";"  -16.574";"razonar";" 4.678818e-05"
"   3";" 101";" 2.97";"  -16.547";"superficial";" 4.745831e-05"
" 105";" 797";"13.17";"  -16.502";"re";" 4.860231e-05"
"  10";" 160";" 6.25";"  -16.469";"previamente";" 4.946306e-05"
"   6";" 127";" 4.72";"  -16.447";"modelar";" 5.003600e-05"
"   0";"  71";" 0.00";"  -16.413";"fragmento";" 5.093858e-05"
" 378";"2422";"15.61";"  -16.352";"necesidad";" 5.261383e-05"
"  23";" 257";" 8.95";"  -16.291";"entrever";" 5.432162e-05"
" 329";"2136";"15.40";"  -16.284";"caso";" 5.453001e-05"
"   6";" 126";" 4.76";"  -16.230";"facial";" 5.609963e-05"
"  80";" 637";"12.56";"  -16.220";"positivo";" 5.640758e-05"
"  18";" 220";" 8.18";"  -16.205";"imaginar";" 5.685335e-05"
"   0";"  70";" 0.00";"  -16.181";"pegar";" 5.755440e-05"
"   4";" 108";" 3.70";"  -16.090";"hábito";" 6.040192e-05"
"  24";" 263";" 9.13";"  -16.080";"noticiar";" 6.073030e-05"
"   6";" 125";" 4.80";"  -16.013";"vehículo";" 6.289467e-05"
"  37";" 353";"10.48";"  -15.955";"identificación";" 6.487805e-05"
"   0";"  69";" 0.00";"  -15.950";"rutinarias";" 6.503475e-05"
"   0";"  69";" 0.00";"  -15.950";"repetitivas";" 6.503475e-05"
"   2";"  89";" 2.25";"  -15.944";"inventar";" 6.523064e-05"
"  36";" 346";"10.40";"  -15.929";"decidir";" 6.576965e-05"
"   5";" 116";" 4.31";"  -15.919";"generador";" 6.610615e-05"
"   1";"  79";" 1.27";"  -15.883";"conductor";" 6.738890e-05"
"   1";"  79";" 1.27";"  -15.883";"cuento";" 6.738890e-05"
"  11";" 165";" 6.67";"  -15.872";"optimización";" 6.777522e-05"
"   4";" 107";" 3.74";"  -15.868";"narrativa";" 6.793160e-05"
"  10";" 157";" 6.37";"  -15.852";"comprobar";" 6.848987e-05"
"  77";" 615";"12.52";"  -15.850";"escenario";" 6.857120e-05"
"  31";" 311";" 9.97";"  -15.846";"ocurrir";" 6.872284e-05"
"  28";" 290";" 9.66";"  -15.841";"diario";" 6.890742e-05"
"  14";" 188";" 7.45";"  -15.832";"capa";" 6.923425e-05"
"  34";" 331";"10.27";"  -15.723";"lista";" 7.333085e-05"
"   0";"  68";" 0.00";"  -15.719";"audios";" 7.349345e-05"
"  52";" 452";"11.50";"  -15.715";"software";" 7.364339e-05"
"  52";" 452";"11.50";"  -15.715";"obra";" 7.364339e-05"
"  20";" 232";" 8.62";"  -15.703";"directamente";" 7.411433e-05"
"   3";"  97";" 3.09";"  -15.645";"romero";" 7.640328e-05"
"   3";"  97";" 3.09";"  -15.645";"mientas";" 7.640328e-05"
" 161";"1133";"14.21";"  -15.640";"com";" 7.661339e-05"
"  22";" 246";" 8.94";"  -15.611";"venir";" 7.778065e-05"
"  47";" 418";"11.24";"  -15.587";"objeto";" 7.878652e-05"
"   2";"  87";" 2.30";"  -15.488";"predictivo";" 8.301692e-05"
"   4";" 105";" 3.81";"  -15.423";"gemini";" 8.592049e-05"
"   1";"  77";" 1.30";"  -15.422";"francés";" 8.597502e-05"
"  46";" 410";"11.22";"  -15.387";"pedagógicas";" 8.758718e-05"
"  36";" 342";"10.53";"  -15.289";"literatura";" 9.227004e-05"
"   0";"  66";" 0.00";"  -15.256";"watson";" 9.387885e-05"
"   0";"  66";" 0.00";"  -15.256";"árbol";" 9.387885e-05"
"  10";" 154";" 6.49";"  -15.239";"artístico";" 9.473865e-05"
"  16";" 200";" 8.00";"  -15.238";"enlace";" 9.477353e-05"
"   4";" 104";" 3.85";"  -15.201";"diagrama";" 9.662732e-05"
"   4";" 104";" 3.85";"  -15.201";"puerta";" 9.662732e-05"
"   1";"  76";" 1.32";"  -15.192";"conciso";" 9.712059e-05"
"  41";" 375";"10.93";"  -15.155";"inglés";" 9.905913e-05"
"   6";" 121";" 4.96";"  -15.150";"tutores";" 9.930714e-05"
"  11";" 161";" 6.83";"  -15.065";"quizás";" 1.038659e-04"
"  14";" 184";" 7.61";"  -15.054";"poderoso";" 1.044907e-04"
"   5";" 112";" 4.46";"  -15.044";"clínico";" 1.050511e-04"
"   5";" 112";" 4.46";"  -15.044";"entrega";" 1.050511e-04"
"   2";"  85";" 2.35";"  -15.033";"precio";" 1.056713e-04"
"   0";"  65";" 0.00";"  -15.025";"sabor";" 1.061172e-04"
"   4";" 103";" 3.88";"  -14.980";"metacognición";" 1.086667e-04"
"   3";"  94";" 3.19";"  -14.970";"audiencia";" 1.092126e-04"
"   1";"  75";" 1.33";"  -14.962";"clic";" 1.097193e-04"
"   5";" 111";" 4.50";"  -14.825";"esencia";" 1.179361e-04"
"  46";" 406";"11.33";"  -14.793";"intervención";" 1.199957e-04"
"   1";"  74";" 1.35";"  -14.731";"fórmula";" 1.239618e-04"
"   5";" 110";" 4.55";"  -14.607";"guerra";" 1.323961e-04"
"   2";"  83";" 2.41";"  -14.577";"instructor";" 1.345320e-04"
"   2";"  83";" 2.41";"  -14.577";"imaginación";" 1.345320e-04"
"   0";"  63";" 0.00";"  -14.562";"botón";" 1.356267e-04"
"   0";"  63";" 0.00";"  -14.562";"ajedrez";" 1.356267e-04"
"   3";"  92";" 3.26";"  -14.521";"especie";" 1.385932e-04"
"   3";"  92";" 3.26";"  -14.521";"clásico";" 1.385932e-04"
"   1";"  73";" 1.37";"  -14.501";"famoso";" 1.400641e-04"
" 170";"1175";"14.47";"  -14.441";"científico";" 1.445932e-04"
"   5";" 109";" 4.59";"  -14.390";"bard";" 1.486224e-04"
"  15";" 188";" 7.98";"  -14.378";"redactar";" 1.495289e-04"
"  61";" 501";"12.18";"  -14.355";"reconocimiento";" 1.513810e-04"
"   0";"  62";" 0.00";"  -14.331";"python";" 1.533518e-04"
"  12";" 165";" 7.27";"  -14.321";"paradigma";" 1.541221e-04"
"   4";" 100";" 4.00";"  -14.316";"lineal";" 1.545410e-04"
"   6";" 117";" 5.13";"  -14.291";"craig";" 1.566448e-04"
"   6";" 117";" 5.13";"  -14.291";"etiquetar";" 1.566448e-04"
" 153";"1071";"14.29";"  -14.285";"apoyo";" 1.571435e-04"
"  34";" 322";"10.56";"  -14.277";"directo";" 1.578136e-04"
"   1";"  72";" 1.39";"  -14.271";"tpack";" 1.582709e-04"
"   1";"  72";" 1.39";"  -14.271";"gramática";" 1.582709e-04"
"  11";" 157";" 7.01";"  -14.264";"autorregulación";" 1.588384e-04"
"  44";" 389";"11.31";"  -14.243";"fase";" 1.606918e-04"
"   7";" 125";" 5.60";"  -14.231";"desafiar";" 1.616968e-04"
"   5";" 108";" 4.63";"  -14.172";"musical";" 1.668298e-04"
"   6";" 116";" 5.17";"  -14.077";"facilidad";" 1.755202e-04"
"   3";"  90";" 3.33";"  -14.073";"abstracto";" 1.758872e-04"
"   3";"  90";" 3.33";"  -14.073";"prototipo";" 1.758872e-04"
" 119";" 862";"13.81";"  -14.058";"pequeño";" 1.772381e-04"
"   1";"  71";" 1.41";"  -14.041";"conversacionales";" 1.788593e-04"
"  36";" 334";"10.78";"  -14.029";"desear";" 1.799916e-04"
"  83";" 638";"13.01";"  -13.971";"niño";" 1.856502e-04"
"  63";" 511";"12.33";"  -13.970";"volver";" 1.857026e-04"
"   5";" 107";" 4.67";"  -13.955";"afirmación";" 1.872592e-04"
"   5";" 107";" 4.67";"  -13.955";"prometer";" 1.872592e-04"
"  19";" 215";" 8.84";"  -13.934";"registro";" 1.893264e-04"
"  48";" 413";"11.62";"  -13.889";"acceder";" 1.939348e-04"
"   0";"  60";" 0.00";"  -13.868";"tarjeta";" 1.961150e-04"
"  11";" 155";" 7.10";"  -13.867";"malo";" 1.962594e-04"
"   6";" 115";" 5.22";"  -13.863";"app";" 1.966560e-04"
"   6";" 115";" 5.22";"  -13.863";"evalúa";" 1.966560e-04"
"   3";"  89";" 3.37";"  -13.849";"débil";" 1.981476e-04"
"   1";"  70";" 1.43";"  -13.811";"pintar";" 2.021432e-04"
"   1";"  70";" 1.43";"  -13.811";"canción";" 2.021432e-04"
"   8";" 131";" 6.11";"  -13.788";"cuánto";" 2.045877e-04"
"  12";" 162";" 7.41";"  -13.732";"verdad";" 2.107762e-04"
"  17";" 199";" 8.54";"  -13.671";"lengua";" 2.177918e-04"
"   2";"  79";" 2.53";"  -13.668";"bot";" 2.181782e-04"
"   2";"  79";" 2.53";"  -13.668";"bots";" 2.181782e-04"
"  49";" 418";"11.72";"  -13.666";"depender";" 2.183524e-04"
"  27";" 270";"10.00";"  -13.649";"pre";" 2.203987e-04"
"  15";" 184";" 8.15";"  -13.622";"traducir";" 2.235044e-04"
" 130";" 925";"14.05";"  -13.620";"situación";" 2.237785e-04"
"  10";" 146";" 6.85";"  -13.620";"mirar";" 2.238134e-04"
"  19";" 213";" 8.92";"  -13.574";"suceder";" 2.293045e-04"
"   5";" 105";" 4.76";"  -13.521";"recurrir";" 2.358947e-04"
"   2";"  78";" 2.56";"  -13.441";"john";" 2.462419e-04"
"   2";"  78";" 2.56";"  -13.441";"tiktok";" 2.462419e-04"
"   2";"  78";" 2.56";"  -13.441";"aprendiz";" 2.462419e-04"
"   4";"  96";" 4.17";"  -13.434";"hijo";" 2.470923e-04"
"  10";" 145";" 6.90";"  -13.419";"puntuación";" 2.490538e-04"
"   0";"  58";" 0.00";"  -13.405";"receta";" 2.509122e-04"
"   0";"  58";" 0.00";"  -13.405";"interactividad";" 2.509122e-04"
"   0";"  58";" 0.00";"  -13.405";"residir";" 2.509122e-04"
"   3";"  87";" 3.45";"  -13.401";"ficción";" 2.514864e-04"
"  42";" 370";"11.35";"  -13.397";"categoría";" 2.519840e-04"
"   7";" 121";" 5.79";"  -13.390";"tutor";" 2.529758e-04"
"  35";" 323";"10.84";"  -13.371";"nota";" 2.556079e-04"
"   1";"  68";" 1.47";"  -13.351";"copia";" 2.582677e-04"
"   1";"  68";" 1.47";"  -13.351";"dinero";" 2.582677e-04"
"  67";" 531";"12.62";"  -13.246";"comportamiento";" 2.731519e-04"
"  67";" 531";"12.62";"  -13.246";"etc";" 2.731519e-04"
"   6";" 112";" 5.36";"  -13.223";"cerca";" 2.764736e-04"
"   7";" 120";" 5.83";"  -13.181";"peso";" 2.828581e-04"
"  22";" 232";" 9.48";"  -13.147";"gama";" 2.880561e-04"
" 116";" 835";"13.89";"  -13.139";"resultar";" 2.892850e-04"
"  15";" 181";" 8.29";"  -13.061";"motor";" 3.015735e-04"
"  10";" 143";" 6.99";"  -13.020";"practicar";" 3.082614e-04"
"   4";"  94";" 4.26";"  -12.995";"experimental";" 3.123997e-04"
"   4";"  94";" 4.26";"  -12.995";"aproximadamente";" 3.123997e-04"
"   4";"  94";" 4.26";"  -12.995";"diferenciar";" 3.123997e-04"
"   7";" 119";" 5.88";"  -12.972";"cognición";" 3.162382e-04"
"  25";" 252";" 9.92";"  -12.967";"iae";" 3.169626e-04"
"   0";"  56";" 0.00";"  -12.943";"machado";" 3.211694e-04"
"   0";"  56";" 0.00";"  -12.943";"lluvia";" 3.211694e-04"
"   1";"  66";" 1.52";"  -12.891";"tividad";" 3.300980e-04"
"  49";" 412";"11.89";"  -12.824";"automatización";" 3.422904e-04"
"   6";" 110";" 5.45";"  -12.799";"analíticas";" 3.468277e-04"
"   4";"  93";" 4.30";"  -12.775";"visualización";" 3.512533e-04"
"   2";"  75";" 2.67";"  -12.760";"televisión";" 3.541210e-04"
"   0";"  55";" 0.00";"  -12.711";"siri";" 3.634295e-04"
" 130";" 916";"14.19";"  -12.706";"reflexión";" 3.644196e-04"
"  40";" 352";"11.36";"  -12.700";"vivir";" 3.656139e-04"
"  11";" 149";" 7.38";"  -12.684";"satisfacer";" 3.688724e-04"
"   1";"  65";" 1.54";"  -12.662";"masculino";" 3.732441e-04"
"   1";"  65";" 1.54";"  -12.662";"petición";" 3.732441e-04"
"   1";"  65";" 1.54";"  -12.662";"impresión";" 3.732441e-04"
"   5";" 101";" 4.95";"  -12.657";"proyec";" 3.741056e-04"
"  64";" 507";"12.62";"  -12.620";"concreto";" 3.815788e-04"
"   0";"  54";" 0.00";"  -12.480";"cocina";" 4.113029e-04"
"   0";"  54";" 0.00";"  -12.480";"rango";" 4.113029e-04"
"   0";"  54";" 0.00";"  -12.480";"sustituto";" 4.113029e-04"
"   1";"  64";" 1.56";"  -12.432";"sensación";" 4.220726e-04"
"   4";"  91";" 4.40";"  -12.337";"contextual";" 4.440234e-04"
"   4";"  91";" 4.40";"  -12.337";"sintetizar";" 4.440234e-04"
"  26";" 255";"10.20";"  -12.317";"velocidad";" 4.487607e-04"
"   2";"  73";" 2.74";"  -12.307";"escena";" 4.512991e-04"
"   3";"  82";" 3.66";"  -12.286";"adaptativas";" 4.564810e-04"
"   0";"  53";" 0.00";"  -12.249";"visualmente";" 4.655442e-04"
"  50";" 414";"12.08";"  -12.205";"online";" 4.767171e-04"
"  23";" 233";" 9.87";"  -12.121";"asignar";" 4.986000e-04"
"  40";" 348";"11.49";"  -12.116";"administrativo";" 4.999706e-04"
"   0";"  52";" 0.00";"  -12.018";"alexa";" 5.270110e-04"
"   0";"  52";" 0.00";"  -12.018";"alan";" 5.270110e-04"
"   0";"  52";" 0.00";"  -12.018";"rostro";" 5.270110e-04"
"   0";"  52";" 0.00";"  -12.018";"dania";" 5.270110e-04"
"   1";"  62";" 1.61";"  -11.973";"arroyo";" 5.399004e-04"
"   7";" 114";" 6.14";"  -11.933";"repetir";" 5.514946e-04"
"  72";" 552";"13.04";"  -11.931";"conclusión";" 5.520932e-04"
" 177";"1189";"14.89";"  -11.906";"conjunto";" 5.593920e-04"
"  16";" 182";" 8.79";"  -11.900";"añadir";" 5.614361e-04"
"   3";"  80";" 3.75";"  -11.841";"navegación";" 5.794571e-04"
"   0";"  51";" 0.00";"  -11.786";"haz";" 5.966783e-04"
"   0";"  51";" 0.00";"  -11.786";"plato";" 5.966783e-04"
"   0";"  51";" 0.00";"  -11.786";"grabación";" 5.966783e-04"
"   0";"  51";" 0.00";"  -11.786";"similitud";" 5.966783e-04"
"   8";" 121";" 6.61";"  -11.739";"desconocer";" 6.121383e-04"
"  17";" 188";" 9.04";"  -11.681";"complementar";" 6.314160e-04"
"  10";" 136";" 7.35";"  -11.635";"isbn";" 6.471308e-04"
"   2";"  70";" 2.86";"  -11.628";"tierra";" 6.495665e-04"
"   5";"  96";" 5.21";"  -11.585";"preferir";" 6.648993e-04"
"  80";" 599";"13.36";"  -11.579";"anterior";" 6.668486e-04"
"   0";"  50";" 0.00";"  -11.555";"comida";" 6.756546e-04"
"   0";"  50";" 0.00";"  -11.555";"vender";" 6.756546e-04"
"  13";" 158";" 8.23";"  -11.527";"lógico";" 6.858788e-04"
"   7";" 112";" 6.25";"  -11.520";"visitar";" 6.883363e-04"
"  11";" 143";" 7.69";"  -11.518";"tasa";" 6.891751e-04"
"   1";"  60";" 1.67";"  -11.513";"diante";" 6.909298e-04"
"  84";" 623";"13.48";"  -11.486";"allá";" 7.013950e-04"
"   4";"  87";" 4.60";"  -11.465";"diferencial";" 7.092882e-04"
"  10";" 135";" 7.41";"  -11.440";"transmitir";" 7.189757e-04"
" 274";"1751";"15.65";"  -11.407";"diseño";" 7.317887e-04"
"   2";"  69";" 2.90";"  -11.402";"biología";" 7.334935e-04"
"   2";"  69";" 2.90";"  -11.402";"rama";" 7.334935e-04"
"   2";"  69";" 2.90";"  -11.402";"alma";" 7.334935e-04"
"   3";"  78";" 3.85";"  -11.397";"ojo";" 7.355943e-04"
" 250";"1611";"15.52";"  -11.367";"presentar";" 7.477988e-04"
"   0";"  49";" 0.00";"  -11.324";"midjourney";" 7.652013e-04"
"   1";"  59";" 1.69";"  -11.284";"especificidad";" 7.817549e-04"
"   1";"  59";" 1.69";"  -11.284";"perfecto";" 7.817549e-04"
"  28";" 262";"10.69";"  -11.247";"tes";" 7.973435e-04"
"   4";"  86";" 4.65";"  -11.247";"moda";" 7.973352e-04"
"  12";" 149";" 8.05";"  -11.232";"formativa";" 8.041772e-04"
"  37";" 322";"11.49";"  -11.218";"duda";" 8.102479e-04"
"  39";" 335";"11.64";"  -11.192";"valorar";" 8.213163e-04"
"   2";"  68";" 2.94";"  -11.177";"destino";" 8.283167e-04"
"   3";"  77";" 3.90";"  -11.176";"pagar";" 8.288069e-04"
"   3";"  77";" 3.90";"  -11.176";"sorprendente";" 8.288069e-04"
"   6";" 102";" 5.88";"  -11.116";"medicina";" 8.558562e-04"
" 326";"2047";"15.93";"  -11.109";"además";" 8.590227e-04"
"   0";"  48";" 0.00";"  -11.093";"transformer";" 8.667535e-04"
"   0";"  48";" 0.00";"  -11.093";"noche";" 8.667535e-04"
"   0";"  48";" 0.00";"  -11.093";"conversar";" 8.667535e-04"
"   1";"  58";" 1.72";"  -11.055";"verbal";" 8.846279e-04"
"   1";"  58";" 1.72";"  -11.055";"ilustración";" 8.846279e-04"
"   1";"  58";" 1.72";"  -11.055";"subjetivo";" 8.846279e-04"
"   4";"  85";" 4.71";"  -11.030";"planteamiento";" 8.962792e-04"
"  13";" 155";" 8.39";"  -10.968";"posteriormente";" 9.267482e-04"
"  18";" 191";" 9.42";"  -10.954";"contrario";" 9.338179e-04"
"  22";" 219";"10.05";"  -10.948";"mapa";" 9.371091e-04"
"   8";" 117";" 6.84";"  -10.932";"comentar";" 9.453559e-04"
"  14";" 162";" 8.64";"  -10.909";"resto";" 9.572387e-04"
"   6";" 101";" 5.94";"  -10.908";"originalidad";" 9.577269e-04"
"   6";" 101";" 5.94";"  -10.908";"continuamente";" 9.577269e-04"
"  15";" 169";" 8.88";"  -10.861";"tender";" 9.819949e-04"
"   0";"  47";" 0.00";"  -10.861";"nlp";" 9.819448e-04"
"   0";"  47";" 0.00";"  -10.861";"pintura";" 9.819448e-04"
"   0";"  47";" 0.00";"  -10.861";"intuición";" 9.819448e-04"
"   0";"  47";" 0.00";"  -10.861";"codificar";" 9.819448e-04"
"   0";"  47";" 0.00";"  -10.861";"sonar";" 9.819448e-04"
"   0";"  47";" 0.00";"  -10.861";"pizarra";" 9.819448e-04"
"  22";" 218";"10.09";"  -10.783";"clasificación";" 1.024470e-03"
"  18";" 190";" 9.47";"  -10.781";"probable";" 1.025232e-03"
"  27";" 252";"10.71";"  -10.744";"conceptual";" 1.046336e-03"
"   3";"  75";" 4.00";"  -10.733";"pln";" 1.052193e-03"
"   2";"  66";" 3.03";"  -10.726";"3d";" 1.056529e-03"
"   2";"  66";" 3.03";"  -10.726";"autenticidad";" 1.056529e-03"
"   2";"  66";" 3.03";"  -10.726";"pronto";" 1.056529e-03"
"   7";" 108";" 6.48";"  -10.701";"formativo";" 1.070667e-03"
"  44";" 364";"12.09";"  -10.689";"enfocar";" 1.077595e-03"
"  25";" 238";"10.50";"  -10.682";"variar";" 1.082111e-03"
"  12";" 146";" 8.22";"  -10.667";"ejecutar";" 1.090374e-03"
"  23";" 224";"10.27";"  -10.635";"movimiento";" 1.109736e-03"
"   0";"  46";" 0.00";"  -10.630";"nse";" 1.112636e-03"
"   0";"  46";" 0.00";"  -10.630";"wolfram";" 1.112636e-03"
"   0";"  46";" 0.00";"  -10.630";"transferir";" 1.112636e-03"
"  45";" 370";"12.16";"  -10.626";"investigar";" 1.115151e-03"
"  13";" 153";" 8.50";"  -10.599";"demasiado";" 1.131466e-03"
"   1";"  56";" 1.79";"  -10.596";"polímatas";" 1.133203e-03"
"   8";" 115";" 6.96";"  -10.531";"cognitiva";" 1.173728e-03"
"   5";"  91";" 5.49";"  -10.522";"incorrecto";" 1.179652e-03"
"   3";"  74";" 4.05";"  -10.513";"cargar";" 1.185555e-03"
"   7";" 107";" 6.54";"  -10.498";"plano";" 1.195282e-03"
"   7";" 107";" 6.54";"  -10.498";"usarse";" 1.195282e-03"
"  45";" 369";"12.20";"  -10.491";"determinado";" 1.199287e-03"
"  13";" 152";" 8.55";"  -10.415";"módulo";" 1.249791e-03"
"  13";" 152";" 8.55";"  -10.415";"contacto";" 1.249791e-03"
"   0";"  45";" 0.00";"  -10.399";"subtítulos";" 1.260946e-03"
"   0";"  45";" 0.00";"  -10.399";"utili";" 1.260946e-03"
"   4";"  82";" 4.88";"  -10.382";"agua";" 1.272761e-03"
"   1";"  55";" 1.82";"  -10.367";"exactamente";" 1.282829e-03"
"   7";" 106";" 6.60";"  -10.295";"sacar";" 1.334209e-03"
"   3";"  73";" 4.11";"  -10.292";"comer";" 1.335830e-03"
"   3";"  73";" 4.11";"  -10.292";"puente";" 1.335830e-03"
"   3";"  73";" 4.11";"  -10.292";"copiar";" 1.335830e-03"
"   6";"  98";" 6.12";"  -10.285";"separar";" 1.341130e-03"
"  64";" 488";"13.11";"  -10.277";"mayoría";" 1.346748e-03"
"   2";"  64";" 3.12";"  -10.276";"refinar";" 1.347982e-03"
"   9";" 121";" 7.44";"  -10.196";"inteligencias";" 1.407404e-03"
"   9";" 121";" 7.44";"  -10.196";"sentimiento";" 1.407404e-03"
"  14";" 158";" 8.86";"  -10.184";"feedback";" 1.416999e-03"
"   0";"  44";" 0.00";"  -10.168";"podcast";" 1.429290e-03"
"   0";"  44";" 0.00";"  -10.168";"perceptrón";" 1.429290e-03"
"   0";"  44";" 0.00";"  -10.168";"sueño";" 1.429290e-03"
"   0";"  44";" 0.00";"  -10.168";"ambigüedad";" 1.429290e-03"
"   0";"  44";" 0.00";"  -10.168";"retrovista";" 1.429290e-03"
"   4";"  81";" 4.94";"  -10.166";"agrupar";" 1.430465e-03"
"   1";"  54";" 1.85";"  -10.138";"trasformando";" 1.452415e-03"
"  12";" 143";" 8.39";"  -10.109";"ocasión";" 1.475586e-03"
"  17";" 179";" 9.50";"  -10.104";"ningún";" 1.479198e-03"
"  19";" 193";" 9.84";"  -10.095";"arquitectura";" 1.486790e-03"
"   7";" 105";" 6.67";"  -10.092";"estimar";" 1.489062e-03"
"  32";" 281";"11.39";"  -10.062";"cuestionar";" 1.513278e-03"
"   2";"  63";" 3.17";"  -10.051";"epistemología";" 1.522759e-03"
"   2";"  63";" 3.17";"  -10.051";"tutorías";" 1.522759e-03"
"  54";" 423";"12.77";"  -10.034";"disciplina";" 1.536749e-03"
"   4";"  80";" 5.00";"   -9.951";"ej";" 1.607634e-03"
"   0";"  43";" 0.00";"   -9.936";"canva";" 1.620423e-03"
"   0";"  43";" 0.00";"   -9.936";"literal";" 1.620423e-03"
"   0";"  43";" 0.00";"   -9.936";"interactúa";" 1.620423e-03"
"   0";"  43";" 0.00";"   -9.936";"grabar";" 1.620423e-03"
"   8";" 112";" 7.14";"   -9.935";"contrastar";" 1.621756e-03"
"   1";"  53";" 1.89";"   -9.909";"dibujar";" 1.644659e-03"
"   1";"  53";" 1.89";"   -9.909";"varón";" 1.644659e-03"
"   7";" 104";" 6.73";"   -9.890";"diego";" 1.661635e-03"
"   5";"  88";" 5.68";"   -9.889";"rigor";" 1.662356e-03"
" 184";"1206";"15.26";"   -9.880";"último";" 1.671216e-03"
"  28";" 253";"11.07";"   -9.861";"gratuito";" 1.688032e-03"
"   2";"  62";" 3.23";"   -9.826";"ítem";" 1.720321e-03"
"   2";"  62";" 3.23";"   -9.826";"corpus";" 1.720321e-03"
"   9";" 119";" 7.56";"   -9.807";"finalizar";" 1.738403e-03"
"  20";" 198";"10.10";"   -9.770";"breve";" 1.773849e-03"
"  19";" 191";" 9.95";"   -9.760";"llamada";" 1.783121e-03"
"  12";" 141";" 8.51";"   -9.740";"parámetro";" 1.803303e-03"
"   4";"  79";" 5.06";"   -9.736";"minería";" 1.806656e-03"
"   0";"  42";" 0.00";"   -9.705";"tren";" 1.837486e-03"
"   0";"  42";" 0.00";"   -9.705";"altura";" 1.837486e-03"
"   0";"  42";" 0.00";"   -9.705";"signo";" 1.837486e-03"
"   0";"  42";" 0.00";"   -9.705";"peligroso";" 1.837486e-03"
"   7";" 103";" 6.80";"   -9.689";"informal";" 1.853918e-03"
"  13";" 148";" 8.78";"   -9.687";"empatía";" 1.856170e-03"
"  23";" 218";"10.55";"   -9.672";"hallazgo";" 1.871008e-03"
"  14";" 155";" 9.03";"   -9.647";"moderno";" 1.896930e-03"
"  11";" 133";" 8.27";"   -9.621";"auto";" 1.923441e-03"
"  31";" 271";"11.44";"   -9.569";"reflexivo";" 1.979287e-03"
"  12";" 140";" 8.57";"   -9.556";"preocupar";" 1.992821e-03"
"   4";"  78";" 5.13";"   -9.522";"captura";" 2.030212e-03"
"   7";" 102";" 6.86";"   -9.488";"transmisión";" 2.068118e-03"
"   0";"  41";" 0.00";"   -9.474";"mccarthy";" 2.084064e-03"
"   0";"  41";" 0.00";"   -9.474";"avatar";" 2.084064e-03"
"   0";"  41";" 0.00";"   -9.474";"derecha";" 2.084064e-03"
"   0";"  41";" 0.00";"   -9.474";"versátil";" 2.084064e-03"
"   5";"  86";" 5.81";"   -9.470";"acompañamiento";" 2.088505e-03"
"   6";"  94";" 6.38";"   -9.462";"proporción";" 2.097474e-03"
"   1";"  51";" 1.96";"   -9.451";"sonoro";" 2.109818e-03"
"   1";"  51";" 1.96";"   -9.451";"comando";" 2.109818e-03"
"   1";"  51";" 1.96";"   -9.451";"entusiasmo";" 2.109818e-03"
"   4";"  77";" 5.19";"   -9.308";"lleno";" 2.281305e-03"
"   4";"  77";" 5.19";"   -9.308";"antiguo";" 2.281305e-03"
"  14";" 153";" 9.15";"   -9.292";"ex";" 2.301247e-03"
"  25";" 229";"10.92";"   -9.274";"modalidad";" 2.323681e-03"
"   5";"  85";" 5.88";"   -9.261";"excelente";" 2.340593e-03"
"  16";" 167";" 9.58";"   -9.256";"dividir";" 2.347226e-03"
"   0";"  40";" 0.00";"   -9.243";"einstein";" 2.364251e-03"
"   0";"  40";" 0.00";"   -9.243";"izquierda";" 2.364251e-03"
"   0";"  40";" 0.00";"   -9.243";"diffusion";" 2.364251e-03"
"   0";"  40";" 0.00";"   -9.243";"recuerdo";" 2.364251e-03"
"   0";"  40";" 0.00";"   -9.243";"aristóteles";" 2.364251e-03"
"   0";"  40";" 0.00";"   -9.243";"ficticio";" 2.364251e-03"
"   1";"  50";" 2.00";"   -9.223";"barrio";" 2.390199e-03"
"   1";"  50";" 2.00";"   -9.223";"recompensa";" 2.390199e-03"
"   1";"  50";" 2.00";"   -9.223";"viajar";" 2.390199e-03"
"  32";" 275";"11.64";"   -9.194";"as";" 2.427693e-03"
"   2";"  59";" 3.39";"   -9.154";"respectivamente";" 2.481650e-03"
"   2";"  59";" 3.39";"   -9.154";"espacial";" 2.481650e-03"
"   2";"  59";" 3.39";"   -9.154";"alum";" 2.481650e-03"
"  59";" 447";"13.20";"   -9.130";"adaptación";" 2.515065e-03"
"  18";" 180";"10.00";"   -9.088";"estructurar";" 2.572980e-03"
"  50";" 390";"12.82";"   -9.080";"determinar";" 2.584846e-03"
"   5";"  84";" 5.95";"   -9.053";"agilizar";" 2.622831e-03"
"   0";"  39";" 0.00";"   -9.012";"fn";" 2.682726e-03"
"   0";"  39";" 0.00";"   -9.012";"multimodal";" 2.682726e-03"
"   0";"  39";" 0.00";"   -9.012";"símbolo";" 2.682726e-03"
"   0";"  39";" 0.00";"   -9.012";"engañar";" 2.682726e-03"
"   0";"  39";" 0.00";"   -9.012";"antidisciplinario";" 2.682726e-03"
"   0";"  39";" 0.00";"   -9.012";"optimiza";" 2.682726e-03"
"   0";"  39";" 0.00";"   -9.012";"binario";" 2.682726e-03"
"   1";"  49";" 2.04";"   -8.994";"whatsapp";" 2.708296e-03"
"   1";"  49";" 2.04";"   -8.994";"tura";" 2.708296e-03"
"   1";"  49";" 2.04";"   -8.994";"darle";" 2.708296e-03"
"   1";"  49";" 2.04";"   -8.994";"curioso";" 2.708296e-03"
"   1";"  49";" 2.04";"   -8.994";"alternativo";" 2.708296e-03"
"   3";"  67";" 4.48";"   -8.977";"mañana";" 2.733863e-03"
"  20";" 193";"10.36";"   -8.956";"dónde";" 2.765841e-03"
"  10";" 122";" 8.20";"   -8.949";"deep";" 2.776230e-03"
"  10";" 122";" 8.20";"   -8.949";"colaborativa";" 2.776230e-03"
"  18";" 179";"10.06";"   -8.922";"cuándo";" 2.816841e-03"
"  17";" 172";" 9.88";"   -8.915";"recopilar";" 2.828210e-03"
"   6";"  91";" 6.59";"   -8.851";"óptimo";" 2.929154e-03"
"   6";"  91";" 6.59";"   -8.851";"oportuno";" 2.929154e-03"
"  40";" 324";"12.35";"   -8.789";"menudo";" 3.030503e-03"
"   0";"  38";" 0.00";"   -8.780";"stable";" 3.044833e-03"
"   0";"  38";" 0.00";"   -8.780";"telégrafo";" 3.044833e-03"
"   0";"  38";" 0.00";"   -8.780";"super";" 3.044833e-03"
"   0";"  38";" 0.00";"   -8.780";"montón";" 3.044833e-03"
"   0";"  38";" 0.00";"   -8.780";"instante";" 3.044833e-03"
"   0";"  38";" 0.00";"   -8.780";"facilitadores";" 3.044833e-03"
"   0";"  38";" 0.00";"   -8.780";"aventura";" 3.044833e-03"
"   1";"  48";" 2.08";"   -8.766";"turnitin";" 3.069264e-03"
"   1";"  48";" 2.08";"   -8.766";"nido";" 3.069264e-03"
"   1";"  48";" 2.08";"   -8.766";"permitiéndoles";" 3.069264e-03"
"   8";" 106";" 7.55";"   -8.759";"cámara";" 3.080892e-03"
"   3";"  66";" 4.55";"   -8.759";"exactitud";" 3.080479e-03"
" 237";"1499";"15.81";"   -8.743";"embargo";" 3.108557e-03"
"   2";"  57";" 3.51";"   -8.707";"xx";" 3.169560e-03"
"   2";"  57";" 3.51";"   -8.707";"pistar";" 3.169560e-03"
"   2";"  57";" 3.51";"   -8.707";"fluidez";" 3.169560e-03"
"  35";" 291";"12.03";"   -8.692";"nes";" 3.195554e-03"
"   7";"  98";" 7.14";"   -8.691";"imitar";" 3.197204e-03"
"   4";"  74";" 5.41";"   -8.670";"ventana";" 3.235593e-03"
"   9";" 113";" 7.96";"   -8.656";"cercano";" 3.259884e-03"
"  15";" 156";" 9.62";"   -8.580";"repensar";" 3.398551e-03"
"  16";" 163";" 9.82";"   -8.577";"canal";" 3.404266e-03"
"   0";"  37";" 0.00";"   -8.549";"diagnóstica";" 3.456689e-03"
"   0";"  37";" 0.00";"   -8.549";"intuitiva";" 3.456689e-03"
"   3";"  65";" 4.62";"   -8.542";"columna";" 3.471037e-03"
"   3";"  65";" 4.62";"   -8.542";"escritor";" 3.471037e-03"
"   1";"  47";" 2.13";"   -8.538";"correlación";" 3.478976e-03"
"   1";"  47";" 2.13";"   -8.538";"increíble";" 3.478976e-03"
"   1";"  47";" 2.13";"   -8.538";"estímulo";" 3.478976e-03"
"  11";" 127";" 8.66";"   -8.515";"correspondiente";" 3.522612e-03"
"   2";"  56";" 3.57";"   -8.484";"numérico";" 3.582465e-03"
"   2";"  56";" 3.57";"   -8.484";"sintético";" 3.582465e-03"
"   2";"  56";" 3.57";"   -8.484";"localización";" 3.582465e-03"
"  24";" 217";"11.06";"   -8.470";"aceptar";" 3.610762e-03"
"   9";" 112";" 8.04";"   -8.467";"habitual";" 3.617212e-03"
"   6";"  89";" 6.74";"   -8.447";"paciente";" 3.656882e-03"
"   6";"  89";" 6.74";"   -8.447";"ítems";" 3.656882e-03"
"   6";"  89";" 6.74";"   -8.447";"cuantitativo";" 3.656882e-03"
"  13";" 141";" 9.22";"   -8.439";"estimular";" 3.673352e-03"
"  17";" 169";"10.06";"   -8.416";"flexible";" 3.718389e-03"
"   8";" 104";" 7.69";"   -8.372";"tra";" 3.809535e-03"
"   3";"  64";" 4.69";"   -8.325";"calle";" 3.911104e-03"
"  24";" 216";"11.11";"   -8.319";"estudiantil";" 3.923250e-03"
"  20";" 189";"10.58";"   -8.318";"creencia";" 3.926005e-03"
"   0";"  36";" 0.00";"   -8.318";"grammarly";" 3.925295e-03"
"   0";"  36";" 0.00";"   -8.318";"longitud";" 3.925295e-03"
"   0";"  36";" 0.00";"   -8.318";"personaliza";" 3.925295e-03"
"   0";"  36";" 0.00";"   -8.318";"azar";" 3.925295e-03"
"   1";"  46";" 2.17";"   -8.309";"apple";" 3.944126e-03"
"   1";"  46";" 2.17";"   -8.309";"synthesia";" 3.944126e-03"
"   1";"  46";" 2.17";"   -8.309";"dislexia";" 3.944126e-03"
"   1";"  46";" 2.17";"   -8.309";"alpha";" 3.944126e-03"
"   1";"  46";" 2.17";"   -8.309";"mienta";" 3.944126e-03"
"   1";"  46";" 2.17";"   -8.309";"argumentación";" 3.944126e-03"
"  61";" 452";"13.50";"   -8.274";"revisar";" 4.020713e-03"
"  13";" 140";" 9.29";"   -8.263";"cognitivo";" 4.045236e-03"
"   2";"  55";" 3.64";"   -8.261";"mezcla";" 4.049504e-03"
"   6";"  88";" 6.82";"   -8.246";"editar";" 4.084979e-03"
"   6";"  88";" 6.82";"   -8.246";"valer";" 4.084979e-03"
"   4";"  72";" 5.56";"   -8.246";"tocar";" 4.083100e-03"
"   4";"  72";" 5.56";"   -8.246";"transcripción";" 4.083100e-03"
"   5";"  80";" 6.25";"   -8.225";"personalidad";" 4.130960e-03"
"  25";" 222";"11.26";"   -8.218";"mental";" 4.146695e-03"
"  18";" 174";"10.34";"   -8.106";"lógica";" 4.410759e-03"
"   0";"  35";" 0.00";"   -8.087";"telegram";" 4.458668e-03"
"   0";"  35";" 0.00";"   -8.087";"ganador";" 4.458668e-03"
"   0";"  35";" 0.00";"   -8.087";"expe";" 4.458668e-03"
"   0";"  35";" 0.00";"   -8.087";"memorización";" 4.458668e-03"
"   1";"  45";" 2.22";"   -8.081";"variante";" 4.472349e-03"
"   1";"  45";" 2.22";"   -8.081";"trastorno";" 4.472349e-03"
"   1";"  45";" 2.22";"   -8.081";"je";" 4.472349e-03"
"   1";"  45";" 2.22";"   -8.081";"madre";" 4.472349e-03"
"   1";"  45";" 2.22";"   -8.081";"generativo";" 4.472349e-03"
"   1";"  45";" 2.22";"   -8.081";"cómodo";" 4.472349e-03"
"   1";"  45";" 2.22";"   -8.081";"conveniente";" 4.472349e-03"
"   1";"  45";" 2.22";"   -8.081";"conectarse";" 4.472349e-03"
"  39";" 312";"12.50";"   -8.060";"cotidiano";" 4.525505e-03"
"   6";"  87";" 6.90";"   -8.045";"párrafo";" 4.562419e-03"
"   2";"  54";" 3.70";"   -8.039";"historial";" 4.577828e-03"
"   2";"  54";" 3.70";"   -8.039";"adaptándose";" 4.577828e-03"
"   5";"  79";" 6.33";"   -8.020";"facilitador";" 4.626328e-03"
"  33";" 273";"12.09";"   -8.007";"aumento";" 4.659689e-03"
"   8";" 102";" 7.84";"   -7.989";"radical";" 4.706339e-03"
"  12";" 131";" 9.16";"   -7.937";"radicar";" 4.842801e-03"
"   3";"  62";" 4.84";"   -7.892";"masa";" 4.965621e-03"
"   0";"  34";" 0.00";"   -7.856";"auditivas";" 5.065999e-03"
"   0";"  34";" 0.00";"   -7.856";"recto";" 5.065999e-03"
"   0";"  34";" 0.00";"   -7.856";"café";" 5.065999e-03"
"   0";"  34";" 0.00";"   -7.856";"experiencial";" 5.065999e-03"
"   0";"  34";" 0.00";"   -7.856";"suelo";" 5.065999e-03"
"   0";"  34";" 0.00";"   -7.856";"inmersivas";" 5.065999e-03"
"   0";"  34";" 0.00";"   -7.856";"apariencia";" 5.065999e-03"
"   0";"  34";" 0.00";"   -7.856";"tividades";" 5.065999e-03"
"   0";"  34";" 0.00";"   -7.856";"propor";" 5.065999e-03"
"   0";"  34";" 0.00";"   -7.856";"dife";" 5.065999e-03"
"   1";"  44";" 2.27";"   -7.853";"prompting";" 5.072359e-03"
"   1";"  44";" 2.27";"   -7.853";"feliz";" 5.072359e-03"
"   1";"  44";" 2.27";"   -7.853";"signi";" 5.072359e-03"
"   1";"  44";" 2.27";"   -7.853";"escoger";" 5.072359e-03"
"   1";"  44";" 2.27";"   -7.853";"tablero";" 5.072359e-03"
"   1";"  44";" 2.27";"   -7.853";"espectro";" 5.072359e-03"
"   6";"  86";" 6.98";"   -7.845";"promesa";" 5.094766e-03"
"   2";"  53";" 3.77";"   -7.817";"nodo";" 5.175542e-03"
"   2";"  53";" 3.77";"   -7.817";"confusión";" 5.175542e-03"
"  48";" 367";"13.08";"   -7.814";"década";" 5.183542e-03"
"   9";" 108";" 8.33";"   -7.717";"ibm";" 5.470219e-03"
"   7";"  93";" 7.53";"   -7.711";"empírico";" 5.487952e-03"
"   3";"  61";" 4.92";"   -7.676";"nas";" 5.595077e-03"
"   3";"  61";" 4.92";"   -7.676";"extracción";" 5.595077e-03"
"   3";"  61";" 4.92";"   -7.676";"demostración";" 5.595077e-03"
"   6";"  85";" 7.06";"   -7.647";"concebir";" 5.688193e-03"
"   1";"  43";" 2.33";"   -7.626";"diapositiva";" 5.754098e-03"
"   1";"  43";" 2.33";"   -7.626";"ruido";" 5.754098e-03"
"   1";"  43";" 2.33";"   -7.626";"paisaje";" 5.754098e-03"
"   1";"  43";" 2.33";"   -7.626";"homogéneo";" 5.754098e-03"
"   1";"  43";" 2.33";"   -7.626";"gusto";" 5.754098e-03"
"   1";"  43";" 2.33";"   -7.626";"correlaciones";" 5.754098e-03"
"   0";"  33";" 0.00";"   -7.625";"wikipedia";" 5.757833e-03"
"   0";"  33";" 0.00";"   -7.625";"rueda";" 5.757833e-03"
"   0";"  33";" 0.00";"   -7.625";"piel";" 5.757833e-03"
"   0";"  33";" 0.00";"   -7.625";"turista";" 5.757833e-03"
"   0";"  33";" 0.00";"   -7.625";"tutorial";" 5.757833e-03"
"   0";"  33";" 0.00";"   -7.625";"pareja";" 5.757833e-03"
"   0";"  33";" 0.00";"   -7.625";"cabeza";" 5.757833e-03"
"   0";"  33";" 0.00";"   -7.625";"teatro";" 5.757833e-03"
"   0";"  33";" 0.00";"   -7.625";"silencio";" 5.757833e-03"
"   0";"  33";" 0.00";"   -7.625";"tutoriales";" 5.757833e-03"
"   0";"  33";" 0.00";"   -7.625";"predefinir";" 5.757833e-03"
"   0";"  33";" 0.00";"   -7.625";"pintor";" 5.757833e-03"
"   0";"  33";" 0.00";"   -7.625";"italiano";" 5.757833e-03"
"   0";"  33";" 0.00";"   -7.625";"pedagógicamente";" 5.757833e-03"
"   0";"  33";" 0.00";"   -7.625";"ligeramente";" 5.757833e-03"
"   0";"  33";" 0.00";"   -7.625";"frustración";" 5.757833e-03"
"   0";"  33";" 0.00";"   -7.625";"contextualizada";" 5.757833e-03"
"   4";"  69";" 5.80";"   -7.616";"salinas";" 5.784892e-03"
"   4";"  69";" 5.80";"   -7.616";"normalmente";" 5.784892e-03"
"   5";"  77";" 6.49";"   -7.611";"generativos";" 5.800021e-03"
"   2";"  52";" 3.85";"   -7.595";"coeficiente";" 5.851831e-03"
"   2";"  52";" 3.85";"   -7.595";"anuncio";" 5.851831e-03"
"   2";"  52";" 3.85";"   -7.595";"uti";" 5.851831e-03"
"   2";"  52";" 3.85";"   -7.595";"infinito";" 5.851831e-03"
"   2";"  52";" 3.85";"   -7.595";"filtro";" 5.851831e-03"
"   2";"  52";" 3.85";"   -7.595";"equivocar";" 5.851831e-03"
"  14";" 143";" 9.79";"   -7.566";"manifestar";" 5.948103e-03"
"  45";" 346";"13.01";"   -7.556";"pedagogía";" 5.980772e-03"
"   9";" 107";" 8.41";"   -7.532";"época";" 6.062253e-03"
" 146";" 953";"15.32";"   -7.503";"equipo";" 6.160783e-03"
"   3";"  60";" 5.00";"   -7.461";"dios";" 6.304261e-03"
"   3";"  60";" 5.00";"   -7.461";"adaptativos";" 6.304261e-03"
" 123";" 817";"15.06";"   -7.447";"espacio";" 6.355737e-03"
"  17";" 163";"10.43";"   -7.441";"componer";" 6.375636e-03"
"   4";"  68";" 5.88";"   -7.407";"suerte";" 6.496155e-03"
"   1";"  42";" 2.38";"   -7.398";"khan";" 6.528925e-03"
"   1";"  42";" 2.38";"   -7.398";"iterativo";" 6.528925e-03"
"   0";"  32";" 0.00";"   -7.393";"assistant";" 6.546275e-03"
"   0";"  32";" 0.00";"   -7.393";"habitación";" 6.546275e-03"
"   0";"  32";" 0.00";"   -7.393";"elicit";" 6.546275e-03"
"   0";"  32";" 0.00";"   -7.393";"avión";" 6.546275e-03"
"   0";"  32";" 0.00";"   -7.393";"generalización";" 6.546275e-03"
"   0";"  32";" 0.00";"   -7.393";"procesador";" 6.546275e-03"
"   0";"  32";" 0.00";"   -7.393";"semántico";" 6.546275e-03"
"   0";"  32";" 0.00";"   -7.393";"poema";" 6.546275e-03"
"   0";"  32";" 0.00";"   -7.393";"incompleto";" 6.546275e-03"
"   0";"  32";" 0.00";"   -7.393";"tgs";" 6.546275e-03"
"   0";"  32";" 0.00";"   -7.393";"semanal";" 6.546275e-03"
"   2";"  51";" 3.92";"   -7.374";"amor";" 6.617109e-03"
"   2";"  51";" 3.92";"   -7.374";"interactuamos";" 6.617109e-03"
"   2";"  51";" 3.92";"   -7.374";"colaborativas";" 6.617109e-03"
" 887";"5117";"17.33";"   -7.349";"docente";" 6.711019e-03"
"   9";" 106";" 8.49";"   -7.347";"use";" 6.716548e-03"
"  18";" 169";"10.65";"   -7.311";"basarse";" 6.854058e-03"
"  43";" 331";"12.99";"   -7.264";"soler";" 7.033648e-03"
"  11";" 120";" 9.17";"   -7.260";"cuadro";" 7.050636e-03"
"   3";"  59";" 5.08";"   -7.247";"inferior";" 7.103249e-03"
"   3";"  59";" 5.08";"   -7.247";"especí";" 7.103249e-03"
"  23";" 202";"11.39";"   -7.229";"supuesto";" 7.173016e-03"
"  38";" 299";"12.71";"   -7.216";"razón";" 7.226805e-03"
"  25";" 215";"11.63";"   -7.199";"navegar";" 7.292552e-03"
"   4";"  67";" 5.97";"   -7.199";"veracidad";" 7.294190e-03"
" 351";"2124";"16.53";"   -7.175";"mundo";" 7.392458e-03"
"  55";" 405";"13.58";"   -7.173";"reflexionar";" 7.401175e-03"
"   1";"  41";" 2.44";"   -7.171";"you";" 7.409820e-03"
"   1";"  41";" 2.44";"   -7.171";"felicidad";" 7.409820e-03"
"   1";"  41";" 2.44";"   -7.171";"verde";" 7.409820e-03"
"   1";"  41";" 2.44";"   -7.171";"interconectar";" 7.409820e-03"
"   1";"  41";" 2.44";"   -7.171";"ahorro";" 7.409820e-03"
"   0";"  31";" 0.00";"   -7.162";"eliza";" 7.445241e-03"
"   0";"  31";" 0.00";"   -7.162";"ferrocarril";" 7.445241e-03"
"   0";"  31";" 0.00";"   -7.162";"extra";" 7.445241e-03"
"   0";"  31";" 0.00";"   -7.162";"trama";" 7.445241e-03"
"   0";"  31";" 0.00";"   -7.162";"dua";" 7.445241e-03"
"   0";"  31";" 0.00";"   -7.162";"lápiz";" 7.445241e-03"
"   0";"  31";" 0.00";"   -7.162";"redefine";" 7.445241e-03"
"   0";"  31";" 0.00";"   -7.162";"ir|ser";" 7.445241e-03"
"   0";"  31";" 0.00";"   -7.162";"gramaticales";" 7.445241e-03"
"   0";"  31";" 0.00";"   -7.162";"fiel";" 7.445241e-03"
"   0";"  31";" 0.00";"   -7.162";"enriquecedoras";" 7.445241e-03"
"   0";"  31";" 0.00";"   -7.162";"conteni";" 7.445241e-03"
"   2";"  50";" 4.00";"   -7.153";"vygotsky";" 7.483180e-03"
"   2";"  50";" 4.00";"   -7.153";"discernir";" 7.483180e-03"
"  10";" 112";" 8.93";"   -7.116";"cognitivos";" 7.641124e-03"
"  11";" 119";" 9.24";"   -7.084";"matriz";" 7.776258e-03"
"  11";" 119";" 9.24";"   -7.084";"codificación";" 7.776258e-03"
"   6";"  82";" 7.32";"   -7.054";"cómputo";" 7.907168e-03"
"   6";"  82";" 7.32";"   -7.054";"constructivo";" 7.907168e-03"
"   3";"  58";" 5.17";"   -7.033";"abandonar";" 8.003379e-03"
"   3";"  58";" 5.17";"   -7.033";"despertar";" 8.003379e-03"
"   5";"  74";" 6.76";"   -7.004";"partido";" 8.132717e-03"
"   4";"  66";" 6.06";"   -6.992";"trampa";" 8.189455e-03"
"  28";" 233";"12.02";"   -6.976";"verificar";" 8.262562e-03"
"   1";"  40";" 2.50";"   -6.944";"piscitelli";" 8.411624e-03"
"   1";"  40";" 2.50";"   -6.944";"simulador";" 8.411624e-03"
"   1";"  40";" 2.50";"   -6.944";"demografía";" 8.411624e-03"
"   1";"  40";" 2.50";"   -6.944";"dialógica";" 8.411624e-03"
"   1";"  40";" 2.50";"   -6.944";"cono";" 8.411624e-03"
"   1";"  40";" 2.50";"   -6.944";"etarios";" 8.411624e-03"
"   1";"  40";" 2.50";"   -6.944";"automóvil";" 8.411624e-03"
"   2";"  49";" 4.08";"   -6.933";"llms";" 8.463434e-03"
"   2";"  49";" 4.08";"   -6.933";"perfectamente";" 8.463434e-03"
"   0";"  30";" 0.00";"   -6.931";"image";" 8.470736e-03"
"   0";"  30";" 0.00";"   -6.931";"celda";" 8.470736e-03"
"   0";"  30";" 0.00";"   -6.931";"romeo";" 8.470736e-03"
"   0";"  30";" 0.00";"   -6.931";"neae";" 8.470736e-03"
"   0";"  30";" 0.00";"   -6.931";"cerebral";" 8.470736e-03"
"   0";"  30";" 0.00";"   -6.931";"tardar";" 8.470736e-03"
"   0";"  30";" 0.00";"   -6.931";"singularidad";" 8.470736e-03"
"   0";"  30";" 0.00";"   -6.931";"revolucionado";" 8.470736e-03"
"   0";"  30";" 0.00";"   -6.931";"oír";" 8.470736e-03"
"   0";"  30";" 0.00";"   -6.931";"metacognitivas";" 8.470736e-03"
"   0";"  30";" 0.00";"   -6.931";"memorizar";" 8.470736e-03"
"  14";" 139";"10.07";"   -6.899";"torre";" 8.622975e-03"
"  14";" 139";"10.07";"   -6.899";"zona";" 8.622975e-03"
"  14";" 139";"10.07";"   -6.899";"calificar";" 8.622975e-03"
"   6";"  81";" 7.41";"   -6.859";"variación";" 8.821141e-03"
"   3";"  57";" 5.26";"   -6.819";"tráfico";" 9.017415e-03"
"   9";" 103";" 8.74";"   -6.799";"validez";" 9.118967e-03"
"   4";"  65";" 6.15";"   -6.785";"imprimir";" 9.193645e-03"
" 399";"2387";"16.72";"   -6.776";"contexto";" 9.241534e-03"
"  34";" 270";"12.59";"   -6.766";"medir";" 9.289517e-03"
"  11";" 117";" 9.40";"   -6.736";"mixto";" 9.450239e-03"
"  14";" 138";"10.14";"   -6.735";"formativas";" 9.453982e-03"
"   1";"  39";" 2.56";"   -6.717";"leonardo";" 9.551315e-03"
"   1";"  39";" 2.56";"   -6.717";"prototipado";" 9.551315e-03"
"   1";"  39";" 2.56";"   -6.717";"conte";" 9.551315e-03"
"   1";"  39";" 2.56";"   -6.717";"viejo";" 9.551315e-03"
"   1";"  39";" 2.56";"   -6.717";"individualizada";" 9.551315e-03"
"   1";"  39";" 2.56";"   -6.717";"básicamente";" 9.551315e-03"
"  67";" 474";"14.14";"   -6.700";"servir";" 9.642378e-03"
"   0";"  29";" 0.00";"   -6.700";"learningml";" 9.641197e-03"
"   0";"  29";" 0.00";"   -6.700";"carril";" 9.641197e-03"
"   0";"  29";" 0.00";"   -6.700";"teachable";" 9.641197e-03"
"   0";"  29";" 0.00";"   -6.700";"julieta";" 9.641197e-03"
"   0";"  29";" 0.00";"   -6.700";"echar";" 9.641197e-03"
"   0";"  29";" 0.00";"   -6.700";"tg";" 9.641197e-03"
"   0";"  29";" 0.00";"   -6.700";"retrato";" 9.641197e-03"
"   0";"  29";" 0.00";"   -6.700";"gpu";" 9.641197e-03"
"   0";"  29";" 0.00";"   -6.700";"estrella";" 9.641197e-03"
"   0";"  29";" 0.00";"   -6.700";"narración";" 9.641197e-03"
"   0";"  29";" 0.00";"   -6.700";"dg";" 9.641197e-03"
"   0";"  29";" 0.00";"   -6.700";"tiki";" 9.641197e-03"
"   0";"  29";" 0.00";"   -6.700";"taka";" 9.641197e-03"
"   0";"  29";" 0.00";"   -6.700";"lejano";" 9.641197e-03"
"   0";"  29";" 0.00";"   -6.700";"guaje";" 9.641197e-03"
"   0";"  29";" 0.00";"   -6.700";"extraño";" 9.641197e-03"
"   0";"  29";" 0.00";"   -6.700";"estilística";" 9.641197e-03"
"   0";"  29";" 0.00";"   -6.700";"matizar";" 9.641197e-03"
"   0";"  29";" 0.00";"   -6.700";"fabricar";" 9.641197e-03"
"   0";"  29";" 0.00";"   -6.700";"experien";" 9.641197e-03"
"   0";"  29";" 0.00";"   -6.700";"carac";" 9.641197e-03"
"  47";" 351";"13.39";"   -6.676";"potenciar";" 9.773405e-03"
" 127";" 831";"15.28";"   -6.673";"construir";" 9.786316e-03"
"   8";"  95";" 8.42";"   -6.673";"car";" 9.787152e-03"
"   6";"  80";" 7.50";"   -6.664";"nadie";" 9.838610e-03"
"  25";" 211";"11.85";"   -6.635";"intención";" 9.998056e-03"
"   3";"  56";" 5.36";"   -6.607";"realismo";" 1.015972e-02"
"  22";" 191";"11.52";"   -6.592";"fecha";" 1.024581e-02"
"   4";"  64";" 6.25";"   -6.579";"rechazar";" 1.031983e-02"
"   4";"  64";" 6.25";"   -6.579";"sofisticación";" 1.031983e-02"
"   4";"  64";" 6.25";"   -6.579";"subir";" 1.031983e-02"
"  13";" 130";"10.00";"   -6.559";"ilustrar";" 1.043514e-02"
" 199";"1247";"15.96";"   -6.540";"internet";" 1.054779e-02"
"   2";"  47";" 4.26";"   -6.493";"comúnmente";" 1.082926e-02"
"   1";"  38";" 2.63";"   -6.490";"room";" 1.084833e-02"
"   1";"  38";" 2.63";"   -6.490";"alejandro";" 1.084833e-02"
"   1";"  38";" 2.63";"   -6.490";"secreto";" 1.084833e-02"
"   1";"  38";" 2.63";"   -6.490";"veinte";" 1.084833e-02"
"   1";"  38";" 2.63";"   -6.490";"idear";" 1.084833e-02"
"   1";"  38";" 2.63";"   -6.490";"activi";" 1.084833e-02"
"   1";"  38";" 2.63";"   -6.490";"impresionante";" 1.084833e-02"
"   1";"  38";" 2.63";"   -6.490";"explorado";" 1.084833e-02"
"   8";"  94";" 8.51";"   -6.489";"deseo";" 1.085450e-02"
"  20";" 177";"11.30";"   -6.482";"claridad";" 1.089703e-02"
"   0";"  28";" 0.00";"   -6.469";"drive";" 1.097788e-02"
"   0";"  28";" 0.00";"   -6.469";"laberinto";" 1.097788e-02"
"   0";"  28";" 0.00";"   -6.469";"magia";" 1.097788e-02"
"   0";"  28";" 0.00";"   -6.469";"barra";" 1.097788e-02"
"   0";"  28";" 0.00";"   -6.469";"seguidor";" 1.097788e-02"
"   0";"  28";" 0.00";"   -6.469";"imitación";" 1.097788e-02"
"   0";"  28";" 0.00";"   -6.469";"hilo";" 1.097788e-02"
"   0";"  28";" 0.00";"   -6.469";"descartar";" 1.097788e-02"
"  59";" 423";"13.95";"   -6.468";"agente";" 1.098586e-02"
"  16";" 150";"10.67";"   -6.462";"hogar";" 1.102055e-02"
"  43";" 324";"13.27";"   -6.435";"expresar";" 1.118781e-02"
"  14";" 136";"10.29";"   -6.409";"inspirar";" 1.135207e-02"
"   5";"  71";" 7.04";"   -6.404";"premisa";" 1.138652e-02"
"   5";"  71";" 7.04";"   -6.404";"discapacidades";" 1.138652e-02"
"   5";"  71";" 7.04";"   -6.404";"obtención";" 1.138652e-02"
"  31";" 248";"12.50";"   -6.401";"controlar";" 1.140548e-02"
"  91";" 615";"14.80";"   -6.396";"producción";" 1.143587e-02"
"   3";"  55";" 5.45";"   -6.395";"composición";" 1.144645e-02"
"   3";"  55";" 5.45";"   -6.395";"listado";" 1.144645e-02"
"   3";"  55";" 5.45";"   -6.395";"siquiera";" 1.144645e-02"
"   4";"  63";" 6.35";"   -6.374";"femenino";" 1.158263e-02"
"   4";"  63";" 6.35";"   -6.374";"artefacto";" 1.158263e-02"
"   4";"  63";" 6.35";"   -6.374";"simbólico";" 1.158263e-02"
"  99";" 662";"14.95";"   -6.352";"lado";" 1.172752e-02"
" 624";"3633";"17.18";"   -6.304";"nuevo";" 1.204573e-02"
"  40";" 304";"13.16";"   -6.289";"detección";" 1.214896e-02"
"  79";" 542";"14.58";"   -6.277";"dispositivo";" 1.223127e-02"
"   6";"  78";" 7.69";"   -6.277";"periodo";" 1.223073e-02"
"   2";"  46";" 4.35";"   -6.274";"oscuro";" 1.225158e-02"
"   2";"  46";" 4.35";"   -6.274";"psicólogo";" 1.225158e-02"
"   2";"  46";" 4.35";"   -6.274";"obvio";" 1.225158e-02"
"   1";"  37";" 2.70";"   -6.264";"excel";" 1.232494e-02"
"   1";"  37";" 2.70";"   -6.264";"alemania";" 1.232494e-02"
"   1";"  37";" 2.70";"   -6.264";"tercio";" 1.232494e-02"
"   1";"  37";" 2.70";"   -6.264";"repetición";" 1.232494e-02"
"   1";"  37";" 2.70";"   -6.264";"ortografía";" 1.232494e-02"
"   1";"  37";" 2.70";"   -6.264";"identi";" 1.232494e-02"
"   1";"  37";" 2.70";"   -6.264";"enriquecedora";" 1.232494e-02"
"   0";"  27";" 0.00";"   -6.238";"deepmind";" 1.250533e-02"
"   0";"  27";" 0.00";"   -6.238";"runway";" 1.250533e-02"
"   0";"  27";" 0.00";"   -6.238";"sol";" 1.250533e-02"
"   0";"  27";" 0.00";"   -6.238";"vir";" 1.250533e-02"
"   0";"  27";" 0.00";"   -6.238";"secuencial";" 1.250533e-02"
"   0";"  27";" 0.00";"   -6.238";"reali";" 1.250533e-02"
"   0";"  27";" 0.00";"   -6.238";"gesto";" 1.250533e-02"
"   0";"  27";" 0.00";"   -6.238";"explicativos";" 1.250533e-02"
"  13";" 128";"10.16";"   -6.230";"totalmente";" 1.256256e-02"
"  13";" 128";"10.16";"   -6.230";"diseñador";" 1.256256e-02"
"   3";"  54";" 5.56";"   -6.183";"github";" 1.289579e-02"
"   3";"  54";" 5.56";"   -6.183";"ficha";" 1.289579e-02"
"   3";"  54";" 5.56";"   -6.183";"muestra";" 1.289579e-02"
"   3";"  54";" 5.56";"   -6.183";"extremadamente";" 1.289579e-02"
"   3";"  54";" 5.56";"   -6.183";"cualidad";" 1.289579e-02"
"   3";"  54";" 5.56";"   -6.183";"constatar";" 1.289579e-02"
"   3";"  54";" 5.56";"   -6.183";"circular";" 1.289579e-02"
"   6";"  77";" 7.79";"   -6.085";"proyección";" 1.363183e-02"
"   6";"  77";" 7.79";"   -6.085";"salir";" 1.363183e-02"
"   6";"  77";" 7.79";"   -6.085";"capturar";" 1.363183e-02"
"   2";"  45";" 4.44";"   -6.056";"relato";" 1.386220e-02"
"   2";"  45";" 4.44";"   -6.056";"rastrear";" 1.386220e-02"
"   2";"  45";" 4.44";"   -6.056";"equivalente";" 1.386220e-02"
"   2";"  45";" 4.44";"   -6.056";"sorprender";" 1.386220e-02"
"   1";"  36";" 2.78";"   -6.037";"moodle";" 1.400668e-02"
"   1";"  36";" 2.78";"   -6.037";"scratch";" 1.400668e-02"
"   1";"  36";" 2.78";"   -6.037";"hoc";" 1.400668e-02"
"   1";"  36";" 2.78";"   -6.037";"portátil";" 1.400668e-02"
"   1";"  36";" 2.78";"   -6.037";"dictar";" 1.400668e-02"
" 137";" 881";"15.55";"   -6.032";"proponer";" 1.404873e-02"
"   0";"  26";" 0.00";"   -6.007";"dt";" 1.425192e-02"
"   0";"  26";" 0.00";"   -6.007";"verónica";" 1.425192e-02"
"   0";"  26";" 0.00";"   -6.007";"psicopedagogía";" 1.425192e-02"
"   0";"  26";" 0.00";"   -6.007";"blue";" 1.425192e-02"
"   0";"  26";" 0.00";"   -6.007";"restaurante";" 1.425192e-02"
"   0";"  26";" 0.00";"   -6.007";"invierno";" 1.425192e-02"
"   0";"  26";" 0.00";"   -6.007";"gamma";" 1.425192e-02"
"   0";"  26";" 0.00";"   -6.007";"calculadora";" 1.425192e-02"
"   0";"  26";" 0.00";"   -6.007";"griego";" 1.425192e-02"
"   0";"  26";" 0.00";"   -6.007";"gastronomía";" 1.425192e-02"
"   0";"  26";" 0.00";"   -6.007";"chatpdf";" 1.425192e-02"
"   0";"  26";" 0.00";"   -6.007";"volar";" 1.425192e-02"
"   0";"  26";" 0.00";"   -6.007";"pregun";" 1.425192e-02"
"   0";"  26";" 0.00";"   -6.007";"estructuración";" 1.425192e-02"
"   0";"  26";" 0.00";"   -6.007";"caminar";" 1.425192e-02"
"   0";"  26";" 0.00";"   -6.007";"billones";" 1.425192e-02"
"   0";"  26";" 0.00";"   -6.007";"auditivo";" 1.425192e-02"
"   0";"  26";" 0.00";"   -6.007";"rondar";" 1.425192e-02"
"   0";"  26";" 0.00";"   -6.007";"repasar";" 1.425192e-02"
"   0";"  26";" 0.00";"   -6.007";"interrogar";" 1.425192e-02"
"   0";"  26";" 0.00";"   -6.007";"inmersivos";" 1.425192e-02"
"   0";"  26";" 0.00";"   -6.007";"gps";" 1.425192e-02"
"   0";"  26";" 0.00";"   -6.007";"gigante";" 1.425192e-02"
"   0";"  26";" 0.00";"   -6.007";"evaluamos";" 1.425192e-02"
"   0";"  26";" 0.00";"   -6.007";"escritorio";" 1.425192e-02"
"   3";"  53";" 5.66";"   -5.973";"oculto";" 1.452817e-02"
"   3";"  53";" 5.66";"   -5.973";"convencer";" 1.452817e-02"
"  49";" 357";"13.73";"   -5.969";"regla";" 1.455642e-02"
"   4";"  61";" 6.56";"   -5.966";"citación";" 1.458518e-02"
"   4";"  61";" 6.56";"   -5.966";"perfeccionar";" 1.458518e-02"
" 152";" 967";"15.72";"   -5.952";"profesorado";" 1.469740e-02"
" 199";"1237";"16.09";"   -5.903";"trabajar";" 1.511244e-02"
"  10";" 105";" 9.52";"   -5.887";"miedo";" 1.525124e-02"
"  59";" 417";"14.15";"   -5.855";"alcance";" 1.553452e-02"
"  87";" 585";"14.87";"   -5.854";"estructura";" 1.554411e-02"
"  16";" 146";"10.96";"   -5.843";"tas";" 1.563536e-02"
"   2";"  44";" 4.55";"   -5.838";"classroom";" 1.568626e-02"
"   2";"  44";" 4.55";"   -5.838";"negar";" 1.568626e-02"
"   2";"  44";" 4.55";"   -5.838";"gradual";" 1.568626e-02"
"   7";"  83";" 8.43";"   -5.815";"tudiantes";" 1.588954e-02"
"   5";"  68";" 7.35";"   -5.812";"métrico";" 1.591486e-02"
"   1";"  35";" 2.86";"   -5.811";"regresión";" 1.592284e-02"
"   1";"  35";" 2.86";"   -5.811";"inmersión";" 1.592284e-02"
"   1";"  35";" 2.86";"   -5.811";"suministrar";" 1.592284e-02"
"   1";"  35";" 2.86";"   -5.811";"insistir";" 1.592284e-02"
"   1";"  35";" 2.86";"   -5.811";"indagar";" 1.592284e-02"
"   1";"  35";" 2.86";"   -5.811";"acostumbrar";" 1.592284e-02"
"  15";" 139";"10.79";"   -5.804";"flexibilidad";" 1.598812e-02"
" 200";"1241";"16.12";"   -5.796";"línea";" 1.606118e-02"
"   0";"  25";" 0.00";"   -5.776";"word";" 1.625051e-02"
"   0";"  25";" 0.00";"   -5.776";"vecino";" 1.625051e-02"
"   0";"  25";" 0.00";"   -5.776";"balón";" 1.625051e-02"
"   0";"  25";" 0.00";"   -5.776";"adn";" 1.625051e-02"
"   0";"  25";" 0.00";"   -5.776";"referenciación";" 1.625051e-02"
"   0";"  25";" 0.00";"   -5.776";"recreación";" 1.625051e-02"
"   0";"  25";" 0.00";"   -5.776";"equivaler";" 1.625051e-02"
"   0";"  25";" 0.00";"   -5.776";"carretera";" 1.625051e-02"
"   0";"  25";" 0.00";"   -5.776";"transcribir";" 1.625051e-02"
"   0";"  25";" 0.00";"   -5.776";"chefs";" 1.625051e-02"
"   0";"  25";" 0.00";"   -5.776";"terísticas";" 1.625051e-02"
"  14";" 132";"10.61";"   -5.771";"carecer";" 1.629632e-02"
"   4";"  60";" 6.67";"   -5.763";"revolucionar";" 1.636349e-02"
"   3";"  52";" 5.77";"   -5.763";"tac";" 1.636659e-02"
"   3";"  52";" 5.77";"   -5.763";"incierto";" 1.636659e-02"
" 178";"1114";"15.98";"   -5.748";"solución";" 1.650598e-02"
"  12";" 118";"10.17";"   -5.725";"dominar";" 1.672925e-02"
"  12";" 118";"10.17";"   -5.725";"extenso";" 1.672925e-02"
"  10";" 104";" 9.62";"   -5.716";"carta";" 1.681072e-02"
"   6";"  75";" 8.00";"   -5.705";"captar";" 1.692083e-02"
" 109";" 713";"15.29";"   -5.701";"artículo";" 1.695530e-02"
"  19";" 165";"11.52";"   -5.697";"sentar|sentir";" 1.699073e-02"
"  23";" 191";"12.04";"   -5.673";"ma";" 1.722636e-02"
"  23";" 191";"12.04";"   -5.673";"distinguir";" 1.722636e-02"
"  75";" 511";"14.68";"   -5.632";"discusión";" 1.763328e-02"
"   7";"  82";" 8.54";"   -5.631";"contraste";" 1.764491e-02"
"   2";"  43";" 4.65";"   -5.620";"adobe";" 1.775232e-02"
"   2";"  43";" 4.65";"   -5.620";"realisto";" 1.775232e-02"
"   2";"  43";" 4.65";"   -5.620";"familiarizar";" 1.775232e-02"
"   5";"  67";" 7.46";"   -5.617";"exacto";" 1.778649e-02"
"   5";"  67";" 7.46";"   -5.617";"fundamentalmente";" 1.778649e-02"
"  14";" 131";"10.69";"   -5.614";"sustituir";" 1.782079e-02"
"  17";" 151";"11.26";"   -5.589";"detrás";" 1.807300e-02"
"   1";"  34";" 2.94";"   -5.586";"academy";" 1.810707e-02"
"   1";"  34";" 2.94";"   -5.586";"tfg";" 1.810707e-02"
"   1";"  34";" 2.94";"   -5.586";"necesi";" 1.810707e-02"
"   1";"  34";" 2.94";"   -5.586";"infografías";" 1.810707e-02"
"   1";"  34";" 2.94";"   -5.586";"excepcional";" 1.810707e-02"
"   1";"  34";" 2.94";"   -5.586";"estático";" 1.810707e-02"
"   1";"  34";" 2.94";"   -5.586";"acadé";" 1.810707e-02"
"   8";"  89";" 8.99";"   -5.584";"extranjero";" 1.812851e-02"
"  12";" 117";"10.26";"   -5.562";"apuntar";" 1.835747e-02"
"  10";" 103";" 9.71";"   -5.546";"estadística";" 1.852279e-02"
"  10";" 103";" 9.71";"   -5.546";"precisamente";" 1.852279e-02"
"   0";"  24";" 0.00";"   -5.544";"netflix";" 1.853922e-02"
"   0";"  24";" 0.00";"   -5.544";"spam";" 1.853922e-02"
"   0";"  24";" 0.00";"   -5.544";"bloom";" 1.853922e-02"
"   0";"  24";" 0.00";"   -5.544";"oro";" 1.853922e-02"
"   0";"  24";" 0.00";"   -5.544";"ada";" 1.853922e-02"
"   0";"  24";" 0.00";"   -5.544";"temperatura";" 1.853922e-02"
"   0";"  24";" 0.00";"   -5.544";"jasper";" 1.853922e-02"
"   0";"  24";" 0.00";"   -5.544";"acierto";" 1.853922e-02"
"   0";"  24";" 0.00";"   -5.544";"ruso";" 1.853922e-02"
"   0";"  24";" 0.00";"   -5.544";"rastro";" 1.853922e-02"
"   0";"  24";" 0.00";"   -5.544";"arduino";" 1.853922e-02"
"   0";"  24";" 0.00";"   -5.544";"proporcio";" 1.853922e-02"
"   0";"  24";" 0.00";"   -5.544";"ponderar";" 1.853922e-02"
"   0";"  24";" 0.00";"   -5.544";"intervalo";" 1.853922e-02"
"   0";"  24";" 0.00";"   -5.544";"gamificada";" 1.853922e-02"
"   0";"  24";" 0.00";"   -5.544";"cualitativas";" 1.853922e-02"
"   0";"  24";" 0.00";"   -5.544";"sumativa";" 1.853922e-02"
"   0";"  24";" 0.00";"   -5.544";"signifca";" 1.853922e-02"
"   0";"  24";" 0.00";"   -5.544";"motivador";" 1.853922e-02"
"   0";"  24";" 0.00";"   -5.544";"encantar";" 1.853922e-02"
"   0";"  24";" 0.00";"   -5.544";"duro";" 1.853922e-02"
"   0";"  24";" 0.00";"   -5.544";"automatizando";" 1.853922e-02"
"   0";"  24";" 0.00";"   -5.544";"aprendidos";" 1.853922e-02"
"   0";"  24";" 0.00";"   -5.544";"4o";" 1.853922e-02"
"   6";"  74";" 8.11";"   -5.516";"absoluto";" 1.884423e-02"
"  15";" 137";"10.95";"   -5.497";"os";" 1.905345e-02"
"  14";" 130";"10.77";"   -5.458";"ingeniero";" 1.948008e-02"
"   7";"  81";" 8.64";"   -5.448";"descriptivo";" 1.958799e-02"
"  27";" 215";"12.56";"   -5.444";"médico";" 1.963284e-02"
"   5";"  66";" 7.58";"   -5.423";"pue";" 1.987369e-02"
"   5";"  66";" 7.58";"   -5.423";"positivamente";" 1.987369e-02"
"   2";"  42";" 4.76";"   -5.404";"rv";" 2.009279e-02"
"   2";"  42";" 4.76";"   -5.404";"ron";" 2.009279e-02"
"   1";"  33";" 3.03";"   -5.360";"euro";" 2.059802e-02"
"   1";"  33";" 3.03";"   -5.360";"confundir";" 2.059802e-02"
"   1";"  33";" 3.03";"   -5.360";"mensajería";" 2.059802e-02"
"   1";"  33";" 3.03";"   -5.360";"contextualizadas";" 2.059802e-02"
"   3";"  50";" 6.00";"   -5.346";"estructurados";" 2.076808e-02"
"   3";"  50";" 6.00";"   -5.346";"grupal";" 2.076808e-02"
" 143";" 906";"15.78";"   -5.337";"tratar";" 2.087870e-02"
"   0";"  23";" 0.00";"   -5.313";"vp";" 2.116234e-02"
"   0";"  23";" 0.00";"   -5.313";"smartphone";" 2.116234e-02"
"   0";"  23";" 0.00";"   -5.313";"queso";" 2.116234e-02"
"   0";"  23";" 0.00";"   -5.313";"pájaro";" 2.116234e-02"
"   0";"  23";" 0.00";"   -5.313";"scispace";" 2.116234e-02"
"   0";"  23";" 0.00";"   -5.313";"lisis";" 2.116234e-02"
"   0";"  23";" 0.00";"   -5.313";"inferencial";" 2.116234e-02"
"   0";"  23";" 0.00";"   -5.313";"leyenda";" 2.116234e-02"
"   0";"  23";" 0.00";"   -5.313";"autorregulado";" 2.116234e-02"
"   0";"  23";" 0.00";"   -5.313";"animación";" 2.116234e-02"
"   0";"  23";" 0.00";"   -5.313";"symbolab";" 2.116234e-02"
"   0";"  23";" 0.00";"   -5.313";"oído";" 2.116234e-02"
"   0";"  23";" 0.00";"   -5.313";"genes";" 2.116234e-02"
"   0";"  23";" 0.00";"   -5.313";"espectador";" 2.116234e-02"
"   0";"  23";" 0.00";"   -5.313";"decena";" 2.116234e-02"
"   0";"  23";" 0.00";"   -5.313";"comparable";" 2.116234e-02"
"   0";"  23";" 0.00";"   -5.313";"vencer";" 2.116234e-02"
"   0";"  23";" 0.00";"   -5.313";"variabilidad";" 2.116234e-02"
"   0";"  23";" 0.00";"   -5.313";"utilizarlo";" 2.116234e-02"
"   0";"  23";" 0.00";"   -5.313";"retroali";" 2.116234e-02"
"   0";"  23";" 0.00";"   -5.313";"reserva";" 2.116234e-02"
"   0";"  23";" 0.00";"   -5.313";"refinamiento";" 2.116234e-02"
"   0";"  23";" 0.00";"   -5.313";"modelización";" 2.116234e-02"
"   0";"  23";" 0.00";"   -5.313";"inductivo";" 2.116234e-02"
"   0";"  23";" 0.00";"   -5.313";"compuesto";" 2.116234e-02"
"   0";"  23";" 0.00";"   -5.313";"aparente";" 2.116234e-02"
"   0";"  23";" 0.00";"   -5.313";"aleatoria";" 2.116234e-02"
"  14";" 129";"10.85";"   -5.303";"tampoco";" 2.128519e-02"
"  12";" 115";"10.43";"   -5.240";"cara";" 2.207830e-02"
"  12";" 115";"10.43";"   -5.240";"aclarar";" 2.207830e-02"
"   8";"  87";" 9.20";"   -5.230";"confiar";" 2.220449e-02"
"   5";"  65";" 7.69";"   -5.230";"conoci";" 2.220051e-02"
"   5";"  65";" 7.69";"   -5.230";"adaptable";" 2.220051e-02"
" 249";"1510";"16.49";"   -5.219";"requerir";" 2.234545e-02"
"   4";"  57";" 7.02";"   -5.162";"ansiedad";" 2.308710e-02"
"  17";" 148";"11.49";"   -5.150";"flujo";" 2.325103e-02"
"  14";" 128";"10.94";"   -5.150";"ahí";" 2.324788e-02"
"   6";"  72";" 8.33";"   -5.142";"cometer";" 2.335142e-02"
"   3";"  49";" 6.12";"   -5.139";"salto";" 2.339281e-02"
"   3";"  49";" 6.12";"   -5.139";"círculo";" 2.339281e-02"
"   1";"  32";" 3.12";"   -5.136";"sombra";" 2.344017e-02"
"   1";"  32";" 3.12";"   -5.136";"vuelta";" 2.344017e-02"
"   1";"  32";" 3.12";"   -5.136";"podcasts";" 2.344017e-02"
"   1";"  32";" 3.12";"   -5.136";"optimizando";" 2.344017e-02"
"   1";"  32";" 3.12";"   -5.136";"exploren";" 2.344017e-02"
"  54";" 379";"14.25";"   -5.092";"introducir";" 2.403766e-02"
"   0";"  22";" 0.00";"   -5.082";"metal";" 2.417144e-02"
"   0";"  22";" 0.00";"   -5.082";"charlar";" 2.417144e-02"
"   0";"  22";" 0.00";"   -5.082";"aná";" 2.417144e-02"
"   0";"  22";" 0.00";"   -5.082";"biografía";" 2.417144e-02"
"   0";"  22";" 0.00";"   -5.082";"anomalía";" 2.417144e-02"
"   0";"  22";" 0.00";"   -5.082";"reportaje";" 2.417144e-02"
"   0";"  22";" 0.00";"   -5.082";"bebé";" 2.417144e-02"
"   0";"  22";" 0.00";"   -5.082";"alimentación";" 2.417144e-02"
"   0";"  22";" 0.00";"   -5.082";"tienda";" 2.417144e-02"
"   0";"  22";" 0.00";"   -5.082";"opuesto";" 2.417144e-02"
"   0";"  22";" 0.00";"   -5.082";"dormir";" 2.417144e-02"
"   0";"  22";" 0.00";"   -5.082";"clasi";" 2.417144e-02"
"   0";"  22";" 0.00";"   -5.082";"recur";" 2.417144e-02"
"   0";"  22";" 0.00";"   -5.082";"periencia";" 2.417144e-02"
"   0";"  22";" 0.00";"   -5.082";"misterioso";" 2.417144e-02"
"   0";"  22";" 0.00";"   -5.082";"misterio";" 2.417144e-02"
"   0";"  22";" 0.00";"   -5.082";"mensual";" 2.417144e-02"
"   0";"  22";" 0.00";"   -5.082";"japonés";" 2.417144e-02"
"   0";"  22";" 0.00";"   -5.082";"ilimitado";" 2.417144e-02"
"   0";"  22";" 0.00";"   -5.082";"gramatical";" 2.417144e-02"
"   0";"  22";" 0.00";"   -5.082";"fracción";" 2.417144e-02"
"   0";"  22";" 0.00";"   -5.082";"estandarizadas";" 2.417144e-02"
"   0";"  22";" 0.00";"   -5.082";"diariamente";" 2.417144e-02"
"   0";"  22";" 0.00";"   -5.082";"cesos";" 2.417144e-02"
"   0";"  22";" 0.00";"   -5.082";"caos";" 2.417144e-02"
"   0";"  22";" 0.00";"   -5.082";"azul";" 2.417144e-02"
"  20";" 167";"11.98";"   -5.056";"aparición";" 2.453616e-02"
"   8";"  86";" 9.30";"   -5.055";"arrojar";" 2.456076e-02"
"  10";" 100";"10.00";"   -5.043";"familiar";" 2.472031e-02"
"   9";"  93";" 9.68";"   -5.042";"ideal";" 2.474576e-02"
"  89";" 587";"15.16";"   -5.031";"innovador";" 2.490375e-02"
"   2";"  40";" 5.00";"   -4.973";"corazón";" 2.574910e-02"
"   2";"  40";" 5.00";"   -4.973";"bibliográfica";" 2.574910e-02"
"   2";"  40";" 5.00";"   -4.973";"invaluable";" 2.574910e-02"
"   2";"  40";" 5.00";"   -4.973";"verano";" 2.574910e-02"
"   2";"  40";" 5.00";"   -4.973";"len";" 2.574910e-02"
"   2";"  40";" 5.00";"   -4.973";"nar";" 2.574910e-02"
"   4";"  56";" 7.14";"   -4.964";"fijo";" 2.588534e-02"
"   6";"  71";" 8.45";"   -4.957";"metodológico";" 2.598249e-02"
"   3";"  48";" 6.25";"   -4.933";"saber|ser";" 2.634771e-02"
"   3";"  48";" 6.25";"   -4.933";"iteración";" 2.634771e-02"
"   3";"  48";" 6.25";"   -4.933";"restar";" 2.634771e-02"
"   3";"  48";" 6.25";"   -4.933";"habitualmente";" 2.634771e-02"
"   3";"  48";" 6.25";"   -4.933";"escriba";" 2.634771e-02"
"   1";"  31";" 3.23";"   -4.911";"large";" 2.668477e-02"
"   1";"  31";" 3.23";"   -4.911";"muestreo";" 2.668477e-02"
"   1";"  31";" 3.23";"   -4.911";"interac";" 2.668477e-02"
"   1";"  31";" 3.23";"   -4.911";"terminología";" 2.668477e-02"
"   1";"  31";" 3.23";"   -4.911";"fila";" 2.668477e-02"
"   1";"  31";" 3.23";"   -4.911";"ocultar";" 2.668477e-02"
"   1";"  31";" 3.23";"   -4.911";"streaming";" 2.668477e-02"
"   7";"  78";" 8.97";"   -4.907";"recurrente";" 2.674385e-02"
"  36";" 267";"13.48";"   -4.898";"supervisar";" 2.688013e-02"
"  23";" 185";"12.43";"   -4.874";"temprano";" 2.725826e-02"
"   9";"  92";" 9.78";"   -4.872";"pago";" 2.728825e-02"
"  29";" 223";"13.00";"   -4.864";"labor";" 2.742278e-02"
"   0";"  21";" 0.00";"   -4.851";"play";" 2.762675e-02"
"   0";"  21";" 0.00";"   -4.851";"clústeres";" 2.762675e-02"
"   0";"  21";" 0.00";"   -4.851";"piaget";" 2.762675e-02"
"   0";"  21";" 0.00";"   -4.851";"searle";" 2.762675e-02"
"   0";"  21";" 0.00";"   -4.851";"pintrich";" 2.762675e-02"
"   0";"  21";" 0.00";"   -4.851";"fnal";" 2.762675e-02"
"   0";"  21";" 0.00";"   -4.851";"enfermo";" 2.762675e-02"
"   0";"  21";" 0.00";"   -4.851";"creator";" 2.762675e-02"
"   0";"  21";" 0.00";"   -4.851";"pista";" 2.762675e-02"
"   0";"  21";" 0.00";"   -4.851";"humata";" 2.762675e-02"
"   0";"  21";" 0.00";"   -4.851";"compor";" 2.762675e-02"
"   0";"  21";" 0.00";"   -4.851";"esconder";" 2.762675e-02"
"   0";"  21";" 0.00";"   -4.851";"duolingo";" 2.762675e-02"
"   0";"  21";" 0.00";"   -4.851";"detectores";" 2.762675e-02"
"   0";"  21";" 0.00";"   -4.851";"aws";" 2.762675e-02"
"   0";"  21";" 0.00";"   -4.851";"pronunciación";" 2.762675e-02"
"   0";"  21";" 0.00";"   -4.851";"estación";" 2.762675e-02"
"   0";"  21";" 0.00";"   -4.851";"diversión";" 2.762675e-02"
"   0";"  21";" 0.00";"   -4.851";"depuración";" 2.762675e-02"
"   0";"  21";" 0.00";"   -4.851";"costumbre";" 2.762675e-02"
"   0";"  21";" 0.00";"   -4.851";"activida";" 2.762675e-02"
"   0";"  21";" 0.00";"   -4.851";"vuelo";" 2.762675e-02"
"   0";"  21";" 0.00";"   -4.851";"tuales";" 2.762675e-02"
"   0";"  21";" 0.00";"   -4.851";"simplicidad";" 2.762675e-02"
"   0";"  21";" 0.00";"   -4.851";"pinterest";" 2.762675e-02"
"   0";"  21";" 0.00";"   -4.851";"lúdicos";" 2.762675e-02"
"   0";"  21";" 0.00";"   -4.851";"juez";" 2.762675e-02"
"   0";"  21";" 0.00";"   -4.851";"interconexión";" 2.762675e-02"
"   0";"  21";" 0.00";"   -4.851";"hábil";" 2.762675e-02"
"   0";"  21";" 0.00";"   -4.851";"estadísticamente";" 2.762675e-02"
"   0";"  21";" 0.00";"   -4.851";"complementen";" 2.762675e-02"
"   0";"  21";" 0.00";"   -4.851";"comente";" 2.762675e-02"
"   0";"  21";" 0.00";"   -4.851";"cable";" 2.762675e-02"
"   0";"  21";" 0.00";"   -4.851";"bueno|óptimo";" 2.762675e-02"
"   0";"  21";" 0.00";"   -4.851";"barato";" 2.762675e-02"
"   5";"  63";" 7.94";"   -4.848";"semestre";" 2.768214e-02"
" 157";" 979";"16.04";"   -4.833";"propuesta";" 2.791858e-02"
"  56";" 388";"14.43";"   -4.795";"conectar";" 2.854380e-02"
"  25";" 197";"12.69";"   -4.777";"unidad";" 2.884391e-02"
"   6";"  70";" 8.57";"   -4.774";"publicidad";" 2.890064e-02"
"   4";"  55";" 7.27";"   -4.767";"testimonio";" 2.901731e-02"
"   2";"  39";" 5.13";"   -4.758";"escape";" 2.915418e-02"
"   2";"  39";" 5.13";"   -4.758";"nin";" 2.915418e-02"
"   2";"  39";" 5.13";"   -4.758";"salvo";" 2.915418e-02"
"   2";"  39";" 5.13";"   -4.758";"traductor";" 2.915418e-02"
"   2";"  39";" 5.13";"   -4.758";"cuantitativa";" 2.915418e-02"
"   2";"  39";" 5.13";"   -4.758";"guión";" 2.915418e-02"
"   2";"  39";" 5.13";"   -4.758";"inesperado";" 2.915418e-02"
"  15";" 132";"11.36";"   -4.748";"probablemente";" 2.932681e-02"
"   7";"  77";" 9.09";"   -4.730";"realista";" 2.964772e-02"
"   3";"  47";" 6.38";"   -4.728";"analytics";" 2.967387e-02"
"   3";"  47";" 6.38";"   -4.728";"eléctrico";" 2.967387e-02"
"   3";"  47";" 6.38";"   -4.728";"extraordinario";" 2.967387e-02"
"   3";"  47";" 6.38";"   -4.728";"ñanza";" 2.967387e-02"
"   3";"  47";" 6.38";"   -4.728";"nece";" 2.967387e-02"
"  50";" 351";"14.25";"   -4.720";"ventaja";" 2.981009e-02"
"  10";"  98";"10.20";"   -4.715";"posibilitar";" 2.990389e-02"
"   1";"  30";" 3.33";"   -4.687";"juana";" 3.039088e-02"
"   1";"  30";" 3.33";"   -4.687";"scholar";" 3.039088e-02"
"   1";"  30";" 3.33";"   -4.687";"metainteligencia";" 3.039088e-02"
"   1";"  30";" 3.33";"   -4.687";"deepfakes";" 3.039088e-02"
"   1";"  30";" 3.33";"   -4.687";"curva";" 3.039088e-02"
"   1";"  30";" 3.33";"   -4.687";"entrelazada";" 3.039088e-02"
"   1";"  30";" 3.33";"   -4.687";"ponerse";" 3.039088e-02"
"   1";"  30";" 3.33";"   -4.687";"devolver";" 3.039088e-02"
"   1";"  30";" 3.33";"   -4.687";"codiseño";" 3.039088e-02"
"  31";" 234";"13.25";"   -4.682";"plagiar";" 3.047652e-02"
"  16";" 138";"11.59";"   -4.660";"validar";" 3.087443e-02"
"   5";"  62";" 8.06";"   -4.659";"fluir";" 3.089876e-02"
"   5";"  62";" 8.06";"   -4.659";"complicado";" 3.089876e-02"
"   0";"  20";" 0.00";"   -4.620";"facer";" 3.159872e-02"
"   0";"  20";" 0.00";"   -4.620";"trained";" 3.159872e-02"
"   0";"  20";" 0.00";"   -4.620";"minsky";" 3.159872e-02"
"   0";"  20";" 0.00";"   -4.620";"perillo";" 3.159872e-02"
"   0";"  20";" 0.00";"   -4.620";"enigma";" 3.159872e-02"
"   0";"  20";" 0.00";"   -4.620";"sensor";" 3.159872e-02"
"   0";"  20";" 0.00";"   -4.620";"sensei";" 3.159872e-02"
"   0";"  20";" 0.00";"   -4.620";"gpts";" 3.159872e-02"
"   0";"  20";" 0.00";"   -4.620";"william";" 3.159872e-02"
"   0";"  20";" 0.00";"   -4.620";"gastar";" 3.159872e-02"
"   0";"  20";" 0.00";"   -4.620";"cotejar";" 3.159872e-02"
"   0";"  20";" 0.00";"   -4.620";"ayer";" 3.159872e-02"
"   0";"  20";" 0.00";"   -4.620";"reescritura";" 3.159872e-02"
"   0";"  20";" 0.00";"   -4.620";"fantasía";" 3.159872e-02"
"   0";"  20";" 0.00";"   -4.620";"dedo";" 3.159872e-02"
"   0";"  20";" 0.00";"   -4.620";"bosque";" 3.159872e-02"
"   0";"  20";" 0.00";"   -4.620";"álgebra";" 3.159872e-02"
"   0";"  20";" 0.00";"   -4.620";"volverse";" 3.159872e-02"
"   0";"  20";" 0.00";"   -4.620";"plo";" 3.159872e-02"
"   0";"  20";" 0.00";"   -4.620";"pedirles";" 3.159872e-02"
"   0";"  20";" 0.00";"   -4.620";"navegador";" 3.159872e-02"
"   0";"  20";" 0.00";"   -4.620";"mite";" 3.159872e-02"
"   0";"  20";" 0.00";"   -4.620";"mentira";" 3.159872e-02"
"   0";"  20";" 0.00";"   -4.620";"lobanovski";" 3.159872e-02"
"   0";"  20";" 0.00";"   -4.620";"favorito";" 3.159872e-02"
"   0";"  20";" 0.00";"   -4.620";"estandarizados";" 3.159872e-02"
"   0";"  20";" 0.00";"   -4.620";"episodio";" 3.159872e-02"
"   0";"  20";" 0.00";"   -4.620";"distintivo";" 3.159872e-02"
"   0";"  20";" 0.00";"   -4.620";"centren";" 3.159872e-02"
"   0";"  20";" 0.00";"   -4.620";"borde";" 3.159872e-02"
"   0";"  20";" 0.00";"   -4.620";"asis";" 3.159872e-02"
"   0";"  20";" 0.00";"   -4.620";"aprendizaja";" 3.159872e-02"
"  12";" 111";"10.81";"   -4.611";"potente";" 3.177400e-02"
"  54";" 374";"14.44";"   -4.609";"teórico";" 3.179976e-02"
"   6";"  69";" 8.70";"   -4.591";"biológico";" 3.213568e-02"
"   6";"  69";" 8.70";"   -4.591";"cifra";" 3.213568e-02"
"  11";" 104";"10.58";"   -4.577";"implementa";" 3.239732e-02"
"  11";" 104";"10.58";"   -4.577";"noción";" 3.239732e-02"
"   4";"  54";" 7.41";"   -4.571";"radio";" 3.252177e-02"
"   4";"  54";" 7.41";"   -4.571";"apps";" 3.252177e-02"
"  96";" 622";"15.43";"   -4.557";"grado";" 3.278638e-02"
"  45";" 319";"14.11";"   -4.555";"próximo";" 3.282491e-02"
"   7";"  76";" 9.21";"   -4.553";"tarde";" 3.285441e-02"
"   2";"  38";" 5.26";"   -4.545";"formulario";" 3.301356e-02"
"   2";"  38";" 5.26";"   -4.545";"táctica";" 3.301356e-02"
"   2";"  38";" 5.26";"   -4.545";"singular";" 3.301356e-02"
"   2";"  38";" 5.26";"   -4.545";"vector";" 3.301356e-02"
"   2";"  38";" 5.26";"   -4.545";"lms";" 3.301356e-02"
"   2";"  38";" 5.26";"   -4.545";"entrenador";" 3.301356e-02"
"   2";"  38";" 5.26";"   -4.545";"cooperativo";" 3.301356e-02"
"   2";"  38";" 5.26";"   -4.545";"condicionar";" 3.301356e-02"
"   2";"  38";" 5.26";"   -4.545";"tabletas";" 3.301356e-02"
"   2";"  38";" 5.26";"   -4.545";"desafiantes";" 3.301356e-02"
" 101";" 651";"15.51";"   -4.543";"esperar";" 3.305048e-02"
"   9";"  90";"10.00";"   -4.538";"híbrido";" 3.314220e-02"
"   9";"  90";"10.00";"   -4.538";"segmento";" 3.314220e-02"
"   3";"  46";" 6.52";"   -4.524";"faceta";" 3.341746e-02"
"   3";"  46";" 6.52";"   -4.524";"indagación";" 3.341746e-02"
"   3";"  46";" 6.52";"   -4.524";"inteligen";" 3.341746e-02"
"   3";"  46";" 6.52";"   -4.524";"idoneidad";" 3.341746e-02"
"   3";"  46";" 6.52";"   -4.524";"duplicar";" 3.341746e-02"
"  18";" 150";"12.00";"   -4.509";"especificar";" 3.372556e-02"
"  29";" 220";"13.18";"   -4.507";"conducir";" 3.375029e-02"
"  13";" 117";"11.11";"   -4.500";"llegada";" 3.389371e-02"
"  34";" 251";"13.55";"   -4.495";"temática";" 3.398873e-02"
"  43";" 306";"14.05";"   -4.471";"actitud";" 3.447494e-02"
"   5";"  61";" 8.20";"   -4.471";"computador";" 3.447914e-02"
"   1";"  29";" 3.45";"   -4.463";"don";" 3.462669e-02"
"   1";"  29";" 3.45";"   -4.463";"turno";" 3.462669e-02"
"   1";"  29";" 3.45";"   -4.463";"fp";" 3.462669e-02"
"   1";"  29";" 3.45";"   -4.463";"síntoma";" 3.462669e-02"
"   1";"  29";" 3.45";"   -4.463";"simplificación";" 3.462669e-02"
"   1";"  29";" 3.45";"   -4.463";"farmacología";" 3.462669e-02"
"   1";"  29";" 3.45";"   -4.463";"envío";" 3.462669e-02"
"   1";"  29";" 3.45";"   -4.463";"biotecnología";" 3.462669e-02"
"   1";"  29";" 3.45";"   -4.463";"amplitud";" 3.462669e-02"
"   1";"  29";" 3.45";"   -4.463";"habitante";" 3.462669e-02"
"   1";"  29";" 3.45";"   -4.463";"faltar";" 3.462669e-02"
"   1";"  29";" 3.45";"   -4.463";"emular";" 3.462669e-02"
"   1";"  29";" 3.45";"   -4.463";"asombroso";" 3.462669e-02"
"   1";"  29";" 3.45";"   -4.463";"acoger";" 3.462669e-02"
"  27";" 207";"13.04";"   -4.453";"miento";" 3.483831e-02"
"  52";" 360";"14.44";"   -4.424";"ampliar";" 3.544336e-02"
"  11";" 103";"10.68";"   -4.420";"post";" 3.551519e-02"
"   6";"  68";" 8.82";"   -4.410";"urbano";" 3.572023e-02"
"   0";"  19";" 0.00";"   -4.389";"ferrante";" 3.617003e-02"
"   0";"  19";" 0.00";"   -4.389";"mlaas";" 3.617003e-02"
"   0";"  19";" 0.00";"   -4.389";"zoom";" 3.617003e-02"
"   0";"  19";" 0.00";"   -4.389";"alphago";" 3.617003e-02"
"   0";"  19";" 0.00";"   -4.389";"vertical";" 3.617003e-02"
"   0";"  19";" 0.00";"   -4.389";"softwares";" 3.617003e-02"
"   0";"  19";" 0.00";"   -4.389";"slidesai";" 3.617003e-02"
"   0";"  19";" 0.00";"   -4.389";"recursosdigitales";" 3.617003e-02"
"   0";"  19";" 0.00";"   -4.389";"moneda";" 3.617003e-02"
"   0";"  19";" 0.00";"   -4.389";"milisegundo";" 3.617003e-02"
"   0";"  19";" 0.00";"   -4.389";"metacontextual";" 3.617003e-02"
"   0";"  19";" 0.00";"   -4.389";"powerpoint";" 3.617003e-02"
"   0";"  19";" 0.00";"   -4.389";"imprenta";" 3.617003e-02"
"   0";"  19";" 0.00";"   -4.389";"derrotar";" 3.617003e-02"
"   0";"  19";" 0.00";"   -4.389";"boom";" 3.617003e-02"
"   0";"  19";" 0.00";"   -4.389";"batalla";" 3.617003e-02"
"   0";"  19";" 0.00";"   -4.389";"tormenta";" 3.617003e-02"
"   0";"  19";" 0.00";"   -4.389";"novelista";" 3.617003e-02"
"   0";"  19";" 0.00";"   -4.389";"liga";" 3.617003e-02"
"   0";"  19";" 0.00";"   -4.389";"liberadora";" 3.617003e-02"
"   0";"  19";" 0.00";"   -4.389";"destruir";" 3.617003e-02"
"   0";"  19";" 0.00";"   -4.389";"riencia";" 3.617003e-02"
"   0";"  19";" 0.00";"   -4.389";"principiantes";" 3.617003e-02"
"   0";"  19";" 0.00";"   -4.389";"obsoletos";" 3.617003e-02"
"   0";"  19";" 0.00";"   -4.389";"lúdicas";" 3.617003e-02"
"   0";"  19";" 0.00";"   -4.389";"limpiar";" 3.617003e-02"
"   0";"  19";" 0.00";"   -4.389";"jerárquico";" 3.617003e-02"
"   0";"  19";" 0.00";"   -4.389";"haberse";" 3.617003e-02"
"   0";"  19";" 0.00";"   -4.389";"expediente";" 3.617003e-02"
"   0";"  19";" 0.00";"   -4.389";"estimulante";" 3.617003e-02"
"   0";"  19";" 0.00";"   -4.389";"divertido";" 3.617003e-02"
"   0";"  19";" 0.00";"   -4.389";"delincuencia";" 3.617003e-02"
"   0";"  19";" 0.00";"   -4.389";"deaprendizaje";" 3.617003e-02"
"   0";"  19";" 0.00";"   -4.389";"coger";" 3.617003e-02"
"   0";"  19";" 0.00";"   -4.389";"autodirigido";" 3.617003e-02"
"   4";"  53";" 7.55";"   -4.376";"rutina";" 3.644176e-02"
"   4";"  53";" 7.55";"   -4.376";"contestar";" 3.644176e-02"
"   4";"  53";" 7.55";"   -4.376";"bastar";" 3.644176e-02"
"   9";"  89";"10.11";"   -4.374";"tesis";" 3.650064e-02"
"   9";"  89";"10.11";"   -4.374";"mitad";" 3.650064e-02"
"  62";" 419";"14.80";"   -4.345";"continuación";" 3.711154e-02"
"   2";"  37";" 5.41";"   -4.333";"metodológicos";" 3.738845e-02"
"   2";"  37";" 5.41";"   -4.333";"sti";" 3.738845e-02"
"   2";"  37";" 5.41";"   -4.333";"distracción";" 3.738845e-02"
"   2";"  37";" 5.41";"   -4.333";"tado";" 3.738845e-02"
"   2";"  37";" 5.41";"   -4.333";"exhibir";" 3.738845e-02"
"   2";"  37";" 5.41";"   -4.333";"contextualizar";" 3.738845e-02"
"   3";"  45";" 6.67";"   -4.322";"debajo";" 3.763019e-02"
"  15";" 129";"11.63";"   -4.315";"nube";" 3.778616e-02"
"  19";" 155";"12.26";"   -4.310";"específicamente";" 3.788218e-02"
"  17";" 142";"11.97";"   -4.303";"lejos";" 3.803906e-02"
"   5";"  60";" 8.33";"   -4.284";"cero";" 3.846265e-02"
"   5";"  60";" 8.33";"   -4.284";"esperanza";" 3.846265e-02"
"  20";" 161";"12.42";"   -4.254";"recorrer";" 3.915456e-02"
"  26";" 199";"13.07";"   -4.248";"barrera";" 3.929965e-02"
"   1";"  28";" 3.57";"   -4.240";"ocurrencia";" 3.947100e-02"
"   1";"  28";" 3.57";"   -4.240";"xix";" 3.947100e-02"
"   1";"  28";" 3.57";"   -4.240";"instruccional";" 3.947100e-02"
"   1";"  28";" 3.57";"   -4.240";"aprendiza";" 3.947100e-02"
"   1";"  28";" 3.57";"   -4.240";"teligencia";" 3.947100e-02"
"   1";"  28";" 3.57";"   -4.240";"visualizaciones";" 3.947100e-02"
"   1";"  28";" 3.57";"   -4.240";"rentes";" 3.947100e-02"
"   1";"  28";" 3.57";"   -4.240";"marcador";" 3.947100e-02"
"   1";"  28";" 3.57";"   -4.240";"manualmente";" 3.947100e-02"
"   1";"  28";" 3.57";"   -4.240";"guntas";" 3.947100e-02"
"   1";"  28";" 3.57";"   -4.240";"evaluador";" 3.947100e-02"
"   6";"  67";" 8.96";"   -4.231";"epistémica";" 3.969002e-02"
"   7";"  74";" 9.46";"   -4.205";"alucinación";" 4.029748e-02"
"   8";"  81";" 9.88";"   -4.200";"vivo";" 4.042437e-02"
"   8";"  81";" 9.88";"   -4.200";"pertinencia";" 4.042437e-02"
"   8";"  81";" 9.88";"   -4.200";"interactúan";" 4.042437e-02"
"   4";"  52";" 7.69";"   -4.183";"reemplazo";" 4.082504e-02"
" 150";" 928";"16.16";"   -4.161";"compartir";" 4.135976e-02"
"   0";"  18";" 0.00";"   -4.158";"dialogflow";" 4.143806e-02"
"   0";"  18";" 0.00";"   -4.158";"seo";" 4.143806e-02"
"   0";"  18";" 0.00";"   -4.158";"trimestre";" 4.143806e-02"
"   0";"  18";" 0.00";"   -4.158";"significantes";" 4.143806e-02"
"   0";"  18";" 0.00";"   -4.158";"shannon";" 4.143806e-02"
"   0";"  18";" 0.00";"   -4.158";"indi";" 4.143806e-02"
"   0";"  18";" 0.00";"   -4.158";"divino";" 4.143806e-02"
"   0";"  18";" 0.00";"   -4.158";"célula";" 4.143806e-02"
"   0";"  18";" 0.00";"   -4.158";"robar";" 4.143806e-02"
"   0";"  18";" 0.00";"   -4.158";"enciclopedia";" 4.143806e-02"
"   0";"  18";" 0.00";"   -4.158";"scite";" 4.143806e-02"
"   0";"  18";" 0.00";"   -4.158";"reloj";" 4.143806e-02"
"   0";"  18";" 0.00";"   -4.158";"odisea";" 4.143806e-02"
"   0";"  18";" 0.00";"   -4.158";"distin";" 4.143806e-02"
"   0";"  18";" 0.00";"   -4.158";"borrar";" 4.143806e-02"
"   0";"  18";" 0.00";"   -4.158";"tridimensional";" 4.143806e-02"
"   0";"  18";" 0.00";"   -4.158";"teclado";" 4.143806e-02"
"   0";"  18";" 0.00";"   -4.158";"patio";" 4.143806e-02"
"   0";"  18";" 0.00";"   -4.158";"morir";" 4.143806e-02"
"   0";"  18";" 0.00";"   -4.158";"bearlyai";" 4.143806e-02"
"   0";"  18";" 0.00";"   -4.158";"vendar|vender";" 4.143806e-02"
"   0";"  18";" 0.00";"   -4.158";"ttfee";" 4.143806e-02"
"   0";"  18";" 0.00";"   -4.158";"tranquilo";" 4.143806e-02"
"   0";"  18";" 0.00";"   -4.158";"rendi";" 4.143806e-02"
"   0";"  18";" 0.00";"   -4.158";"posibilitan";" 4.143806e-02"
"   0";"  18";" 0.00";"   -4.158";"muro";" 4.143806e-02"
"   0";"  18";" 0.00";"   -4.158";"inferencias";" 4.143806e-02"
"   0";"  18";" 0.00";"   -4.158";"espectacular";" 4.143806e-02"
"   0";"  18";" 0.00";"   -4.158";"cuantificar";" 4.143806e-02"
"   0";"  18";" 0.00";"   -4.158";"conocimien";" 4.143806e-02"
"   0";"  18";" 0.00";"   -4.158";"combinen";" 4.143806e-02"
"  20";" 160";"12.50";"   -4.125";"kids";" 4.226039e-02"
"   2";"  36";" 5.56";"   -4.121";"electricidad";" 4.234839e-02"
"   2";"  36";" 5.56";"   -4.121";"rramientas";" 4.234839e-02"
"   2";"  36";" 5.56";"   -4.121";"reaccionar";" 4.234839e-02"
"   2";"  36";" 5.56";"   -4.121";"rechazo";" 4.234839e-02"
"   2";"  36";" 5.56";"   -4.121";"instruir";" 4.234839e-02"
"   2";"  36";" 5.56";"   -4.121";"desviación";" 4.234839e-02"
"   2";"  36";" 5.56";"   -4.121";"afectivo";" 4.234839e-02"
"   3";"  44";" 6.82";"   -4.120";"notar";" 4.237007e-02"
"  14";" 121";"11.57";"   -4.112";"dades";" 4.257273e-02"
"   5";"  59";" 8.47";"   -4.100";"cerrado";" 4.289263e-02"
"  16";" 134";"11.94";"   -4.098";"ejecución";" 4.292899e-02"
"  16";" 134";"11.94";"   -4.098";"concepción";" 4.292899e-02"
" 134";" 834";"16.07";"   -4.018";"activo";" 4.501818e-02"
"   1";"  27";" 3.70";"   -4.018";"models";" 4.501505e-02"
"   1";"  27";" 3.70";"   -4.018";"logotipo";" 4.501505e-02"
"   1";"  27";" 3.70";"   -4.018";"api";" 4.501505e-02"
"   1";"  27";" 3.70";"   -4.018";"gan";" 4.501505e-02"
"   1";"  27";" 3.70";"   -4.018";"corporal";" 4.501505e-02"
"   1";"  27";" 3.70";"   -4.018";"anécdota";" 4.501505e-02"
"   1";"  27";" 3.70";"   -4.018";"neurociencia";" 4.501505e-02"
"   1";"  27";" 3.70";"   -4.018";"receptor";" 4.501505e-02"
"   1";"  27";" 3.70";"   -4.018";"presen";" 4.501505e-02"
"   1";"  27";" 3.70";"   -4.018";"invento";" 4.501505e-02"
"   1";"  27";" 3.70";"   -4.018";"doméstico";" 4.501505e-02"
"   1";"  27";" 3.70";"   -4.018";"abstracción";" 4.501505e-02"
"   1";"  27";" 3.70";"   -4.018";"transmisor";" 4.501505e-02"
"   1";"  27";" 3.70";"   -4.018";"sobrecarga";" 4.501505e-02"
"   1";"  27";" 3.70";"   -4.018";"inferencia";" 4.501505e-02"
"   1";"  27";" 3.70";"   -4.018";"estructuradas";" 4.501505e-02"
"   1";"  27";" 3.70";"   -4.018";"admitir";" 4.501505e-02"
"  12";" 107";"11.21";"   -4.004";"apreciar";" 4.539430e-02"
"  20";" 159";"12.58";"   -3.997";"significado";" 4.559138e-02"
"   4";"  51";" 7.84";"   -3.992";"meter";" 4.572456e-02"
"   4";"  51";" 7.84";"   -3.992";"mate";" 4.572456e-02"
"   4";"  51";" 7.84";"   -3.992";"bién";" 4.572456e-02"
"  44";" 307";"14.33";"   -3.968";"consulta";" 4.636777e-02"
"  69";" 456";"15.13";"   -3.967";"ar";" 4.640676e-02"
"  47";" 325";"14.46";"   -3.960";"dedicar";" 4.658950e-02"
"  50";" 343";"14.58";"   -3.959";"iagen";" 4.663449e-02"
"  11";" 100";"11.00";"   -3.958";"automatizadas";" 4.665409e-02"
"   0";"  17";" 0.00";"   -3.927";"its";" 4.751787e-02"
"   0";"  17";" 0.00";"   -3.927";"cherbavaz";" 4.751787e-02"
"   0";"  17";" 0.00";"   -3.927";"boulay";" 4.751787e-02"
"   0";"  17";" 0.00";"   -3.927";"semantic";" 4.751787e-02"
"   0";"  17";" 0.00";"   -3.927";"ht";" 4.751787e-02"
"   0";"  17";" 0.00";"   -3.927";"harari";" 4.751787e-02"
"   0";"  17";" 0.00";"   -3.927";"svd";" 4.751787e-02"
"   0";"  17";" 0.00";"   -3.927";"rytr";" 4.751787e-02"
"   0";"  17";" 0.00";"   -3.927";"nsw";" 4.751787e-02"
"   0";"  17";" 0.00";"   -3.927";"cuadrado";" 4.751787e-02"
"   0";"  17";" 0.00";"   -3.927";"gitmind";" 4.751787e-02"
"   0";"  17";" 0.00";"   -3.927";"divertir";" 4.751787e-02"
"   0";"  17";" 0.00";"   -3.927";"caloría";" 4.751787e-02"
"   0";"  17";" 0.00";"   -3.927";"basura";" 4.751787e-02"
"   0";"  17";" 0.00";"   -3.927";"vergüenza";" 4.751787e-02"
"   0";"  17";" 0.00";"   -3.927";"ua";" 4.751787e-02"
"   0";"  17";" 0.00";"   -3.927";"dreamstudio";" 4.751787e-02"
"   0";"  17";" 0.00";"   -3.927";"suizo";" 4.751787e-02"
"   0";"  17";" 0.00";"   -3.927";"repre";" 4.751787e-02"
"   0";"  17";" 0.00";"   -3.927";"hermano";" 4.751787e-02"
"   0";"  17";" 0.00";"   -3.927";"descanso";" 4.751787e-02"
"   0";"  17";" 0.00";"   -3.927";"bulli";" 4.751787e-02"
"   0";"  17";" 0.00";"   -3.927";"arma";" 4.751787e-02"
"   0";"  17";" 0.00";"   -3.927";"alegria";" 4.751787e-02"
"   0";"  17";" 0.00";"   -3.927";"terrestre";" 4.751787e-02"
"   0";"  17";" 0.00";"   -3.927";"sensorial";" 4.751787e-02"
"   0";"  17";" 0.00";"   -3.927";"rayo";" 4.751787e-02"
"   0";"  17";" 0.00";"   -3.927";"p2p";" 4.751787e-02"
"   0";"  17";" 0.00";"   -3.927";"latex";" 4.751787e-02"
"   0";"  17";" 0.00";"   -3.927";"inconsciente";" 4.751787e-02"
"   0";"  17";" 0.00";"   -3.927";"hemingway";" 4.751787e-02"
"   0";"  17";" 0.00";"   -3.927";"enemigo";" 4.751787e-02"
"   0";"  17";" 0.00";"   -3.927";"belleza";" 4.751787e-02"
"   0";"  17";" 0.00";"   -3.927";"vago";" 4.751787e-02"
"   0";"  17";" 0.00";"   -3.927";"supermercado";" 4.751787e-02"
"   0";"  17";" 0.00";"   -3.927";"rencias";" 4.751787e-02"
"   0";"  17";" 0.00";"   -3.927";"predisposición";" 4.751787e-02"
"   0";"  17";" 0.00";"   -3.927";"pnj";" 4.751787e-02"
"   0";"  17";" 0.00";"   -3.927";"ortográfico";" 4.751787e-02"
"   0";"  17";" 0.00";"   -3.927";"interconectadas";" 4.751787e-02"
"   0";"  17";" 0.00";"   -3.927";"imá";" 4.751787e-02"
"   0";"  17";" 0.00";"   -3.927";"fraudulento";" 4.751787e-02"
"   0";"  17";" 0.00";"   -3.927";"extrañar";" 4.751787e-02"
"   0";"  17";" 0.00";"   -3.927";"empatizar";" 4.751787e-02"
"   0";"  17";" 0.00";"   -3.927";"descomponer";" 4.751787e-02"
"   0";"  17";" 0.00";"   -3.927";"costar";" 4.751787e-02"
"   0";"  17";" 0.00";"   -3.927";"bicicleta";" 4.751787e-02"
"   0";"  17";" 0.00";"   -3.927";"análi";" 4.751787e-02"
"   0";"  17";" 0.00";"   -3.927";"amable";" 4.751787e-02"
"   0";"  17";" 0.00";"   -3.927";"agiliza";" 4.751787e-02"
"   3";"  43";" 6.98";"   -3.920";"pared";" 4.770203e-02"
"   3";"  43";" 6.98";"   -3.920";"inconveniente";" 4.770203e-02"
"   3";"  43";" 6.98";"   -3.920";"programadores";" 4.770203e-02"
"   3";"  43";" 6.98";"   -3.920";"mágico";" 4.770203e-02"
"  10";"  93";"10.75";"   -3.919";"concentrar";" 4.775171e-02"
"   5";"  58";" 8.62";"   -3.916";"eva";" 4.781668e-02"
"   5";"  58";" 8.62";"   -3.916";"instalar";" 4.781668e-02"
"   5";"  58";" 8.62";"   -3.916";"pie";" 4.781668e-02"
" 135";" 838";"16.11";"   -3.911";"ai";" 4.798029e-02"
"  13";" 113";"11.50";"   -3.911";"eficazmente";" 4.798243e-02"
"   2";"  35";" 5.71";"   -3.911";"genai";" 4.797235e-02"
"   2";"  35";" 5.71";"   -3.911";"exploratorio";" 4.797235e-02"
"   2";"  35";" 5.71";"   -3.911";"sobresalir";" 4.797235e-02"
"   2";"  35";" 5.71";"   -3.911";"descargar";" 4.797235e-02"
"   2";"  35";" 5.71";"   -3.911";"coincidencia";" 4.797235e-02"
"   2";"  35";" 5.71";"   -3.911";"acti";" 4.797235e-02"
" 162";" 992";"16.33";"   -3.899";"educador";" 4.832735e-02"
"   9";"  86";"10.47";"   -3.888";"caer";" 4.862411e-02"
"  61";" 407";"14.99";"   -3.824";"suponer";" 5.051887e-02"
"  95";" 606";"15.68";"   -3.815";"elaboración";" 5.078499e-02"
" 140";" 865";"16.18";"   -3.812";"interés";" 5.087360e-02"
"   1";"  26";" 3.85";"   -3.796";"men";" 5.136460e-02"
"   1";"  26";" 3.85";"   -3.796";"likert";" 5.136460e-02"
"   1";"  26";" 3.85";"   -3.796";"cuántico";" 5.136460e-02"
"   1";"  26";" 3.85";"   -3.796";"muerte";" 5.136460e-02"
"   1";"  26";" 3.85";"   -3.796";"inconsistencias";" 5.136460e-02"
"   1";"  26";" 3.85";"   -3.796";"hackers";" 5.136460e-02"
"   1";"  26";" 3.85";"   -3.796";"verosimilitud";" 5.136460e-02"
"   1";"  26";" 3.85";"   -3.796";"reformular";" 5.136460e-02"
"   1";"  26";" 3.85";"   -3.796";"recordatorios";" 5.136460e-02"
"   1";"  26";" 3.85";"   -3.796";"metáfora";" 5.136460e-02"
"   1";"  26";" 3.85";"   -3.796";"inmediatez";" 5.136460e-02"
"   1";"  26";" 3.85";"   -3.796";"huma";" 5.136460e-02"
"   1";"  26";" 3.85";"   -3.796";"retirar";" 5.136460e-02"
"   1";"  26";" 3.85";"   -3.796";"repartir";" 5.136460e-02"
"   1";"  26";" 3.85";"   -3.796";"produc";" 5.136460e-02"
"   1";"  26";" 3.85";"   -3.796";"aliviar";" 5.136460e-02"
"   1";"  26";" 3.85";"   -3.796";"ajustarse";" 5.136460e-02"
"  19";" 151";"12.58";"   -3.790";"notable";" 5.155917e-02"
"  51";" 347";"14.70";"   -3.778";"accesible";" 5.192392e-02"
" 102";" 646";"15.79";"   -3.777";"limitar";" 5.196183e-02"
"  10";"  92";"10.87";"   -3.764";"importar";" 5.236103e-02"
"   5";"  57";" 8.77";"   -3.735";"abandono";" 5.328706e-02"
"   5";"  57";" 8.77";"   -3.735";"tam";" 5.328706e-02"
"   9";"  85";"10.59";"   -3.730";"intento";" 5.344968e-02"
" 103";" 651";"15.82";"   -3.724";"aún";" 5.363233e-02"
"   3";"  42";" 7.14";"   -3.722";"idc";" 5.369878e-02"
"   3";"  42";" 7.14";"   -3.722";"acercamiento";" 5.369878e-02"
"  67";" 441";"15.19";"   -3.707";"planificación";" 5.417401e-02"
"   8";"  78";"10.26";"   -3.706";"ge";" 5.422234e-02"
"   2";"  34";" 5.88";"   -3.702";"freire";" 5.435008e-02"
"   2";"  34";" 5.88";"   -3.702";"taxonomía";" 5.435008e-02"
"   2";"  34";" 5.88";"   -3.702";"portafolio";" 5.435008e-02"
"   2";"  34";" 5.88";"   -3.702";"edificio";" 5.435008e-02"
"   2";"  34";" 5.88";"   -3.702";"desconocimiento";" 5.435008e-02"
"   2";"  34";" 5.88";"   -3.702";"cultivo";" 5.435008e-02"
"   2";"  34";" 5.88";"   -3.702";"umbral";" 5.435008e-02"
"   2";"  34";" 5.88";"   -3.702";"acudir";" 5.435008e-02"
"   2";"  34";" 5.88";"   -3.702";"exponencialmente";" 5.435008e-02"
"   2";"  34";" 5.88";"   -3.702";"consumir";" 5.435008e-02"
"   0";"  16";" 0.00";"   -3.696";"engagement";" 5.454606e-02"
"   0";"  16";" 0.00";"   -3.696";"set";" 5.454606e-02"
"   0";"  16";" 0.00";"   -3.696";"recuento";" 5.454606e-02"
"   0";"  16";" 0.00";"   -3.696";"plus";" 5.454606e-02"
"   0";"  16";" 0.00";"   -3.696";"goodfellow";" 5.454606e-02"
"   0";"  16";" 0.00";"   -3.696";"kahneman";" 5.454606e-02"
"   0";"  16";" 0.00";"   -3.696";"labs";" 5.454606e-02"
"   0";"  16";" 0.00";"   -3.696";"instructivos";" 5.454606e-02"
"   0";"  16";" 0.00";"   -3.696";"frank";" 5.454606e-02"
"   0";"  16";" 0.00";"   -3.696";"equals";" 5.454606e-02"
"   0";"  16";" 0.00";"   -3.696";"craiyon";" 5.454606e-02"
"   0";"  16";" 0.00";"   -3.696";"vn";" 5.454606e-02"
"   0";"  16";" 0.00";"   -3.696";"moocs";" 5.454606e-02"
"   0";"  16";" 0.00";"   -3.696";"geometría";" 5.454606e-02"
"   0";"  16";" 0.00";"   -3.696";"lienzo";" 5.454606e-02"
"   0";"  16";" 0.00";"   -3.696";"hilma";" 5.454606e-02"
"   0";"  16";" 0.00";"   -3.696";"flosofía";" 5.454606e-02"
"   0";"  16";" 0.00";"   -3.696";"rabbit";" 5.454606e-02"
"   0";"  16";" 0.00";"   -3.696";"paciencia";" 5.454606e-02"
"   0";"  16";" 0.00";"   -3.696";"p5";" 5.454606e-02"
"   0";"  16";" 0.00";"   -3.696";"canvas";" 5.454606e-02"
"   0";"  16";" 0.00";"   -3.696";"camión";" 5.454606e-02"
"   0";"  16";" 0.00";"   -3.696";"barlow";" 5.454606e-02"
"   0";"  16";" 0.00";"   -3.696";"vino";" 5.454606e-02"
"   0";"  16";" 0.00";"   -3.696";"spotify";" 5.454606e-02"
"   0";"  16";" 0.00";"   -3.696";"oreja";" 5.454606e-02"
"   0";"  16";" 0.00";"   -3.696";"especulativo";" 5.454606e-02"
"   0";"  16";" 0.00";"   -3.696";"elabo";" 5.454606e-02"
"   0";"  16";" 0.00";"   -3.696";"copy";" 5.454606e-02"
"   0";"  16";" 0.00";"   -3.696";"íntimo";" 5.454606e-02"
"   0";"  16";" 0.00";"   -3.696";"vés";" 5.454606e-02"
"   0";"  16";" 0.00";"   -3.696";"unidireccional";" 5.454606e-02"
"   0";"  16";" 0.00";"   -3.696";"ubicuo";" 5.454606e-02"
"   0";"  16";" 0.00";"   -3.696";"técnicamente";" 5.454606e-02"
"   0";"  16";" 0.00";"   -3.696";"transportar";" 5.454606e-02"
"   0";"  16";" 0.00";"   -3.696";"telefonía";" 5.454606e-02"
"   0";"  16";" 0.00";"   -3.696";"socrático";" 5.454606e-02"
"   0";"  16";" 0.00";"   -3.696";"sado";" 5.454606e-02"
"   0";"  16";" 0.00";"   -3.696";"rramienta";" 5.454606e-02"
"   0";"  16";" 0.00";"   -3.696";"retroalimen";" 5.454606e-02"
"   0";"  16";" 0.00";"   -3.696";"rescatar";" 5.454606e-02"
"   0";"  16";" 0.00";"   -3.696";"reconstruir";" 5.454606e-02"
"   0";"  16";" 0.00";"   -3.696";"pronosticar";" 5.454606e-02"
"   0";"  16";" 0.00";"   -3.696";"procedencia";" 5.454606e-02"
"   0";"  16";" 0.00";"   -3.696";"multiplicación";" 5.454606e-02"
"   0";"  16";" 0.00";"   -3.696";"motivadoras";" 5.454606e-02"
"   0";"  16";" 0.00";"   -3.696";"legibilidad";" 5.454606e-02"
"   0";"  16";" 0.00";"   -3.696";"javascript";" 5.454606e-02"
"   0";"  16";" 0.00";"   -3.696";"iterativos";" 5.454606e-02"
"   0";"  16";" 0.00";"   -3.696";"imáge";" 5.454606e-02"
"   0";"  16";" 0.00";"   -3.696";"guion";" 5.454606e-02"
"   0";"  16";" 0.00";"   -3.696";"gratis";" 5.454606e-02"
"   0";"  16";" 0.00";"   -3.696";"foque";" 5.454606e-02"
"   0";"  16";" 0.00";"   -3.696";"estimulantes";" 5.454606e-02"
"   0";"  16";" 0.00";"   -3.696";"enriquecidas";" 5.454606e-02"
"   0";"  16";" 0.00";"   -3.696";"diferenciadas";" 5.454606e-02"
"   0";"  16";" 0.00";"   -3.696";"culminantes";" 5.454606e-02"
"   0";"  16";" 0.00";"   -3.696";"corrector";" 5.454606e-02"
"   0";"  16";" 0.00";"   -3.696";"combustible";" 5.454606e-02"
"   0";"  16";" 0.00";"   -3.696";"brindándoles";" 5.454606e-02"
"   0";"  16";" 0.00";"   -3.696";"blackboard";" 5.454606e-02"
"   0";"  16";" 0.00";"   -3.696";"autoconocimiento";" 5.454606e-02"
"   0";"  16";" 0.00";"   -3.696";"armonioso";" 5.454606e-02"
"   0";"  16";" 0.00";"   -3.696";"aproximado";" 5.454606e-02"
"   0";"  16";" 0.00";"   -3.696";"afecto";" 5.454606e-02"
"  22";" 169";"13.02";"   -3.666";"elección";" 5.551667e-02"
"  22";" 169";"13.02";"   -3.666";"adelante";" 5.551667e-02"
"  19";" 150";"12.67";"   -3.663";"exposición";" 5.562228e-02"
"  15";" 124";"12.10";"   -3.620";"extensión";" 5.709318e-02"
"   4";"  49";" 8.16";"   -3.613";"sexo";" 5.731312e-02"
"   4";"  49";" 8.16";"   -3.613";"zar";" 5.731312e-02"
"  24";" 181";"13.26";"   -3.604";"fundamento";" 5.765406e-02"
"  24";" 181";"13.26";"   -3.604";"evidente";" 5.765406e-02"
"  98";" 620";"15.81";"   -3.582";"producto";" 5.839442e-02"
"   1";"  25";" 4.00";"   -3.575";"notebooklm";" 5.864245e-02"
"   1";"  25";" 4.00";"   -3.575";"ros";" 5.864245e-02"
"   1";"  25";" 4.00";"   -3.575";"publicitario";" 5.864245e-02"
"   1";"  25";" 4.00";"   -3.575";"verbo";" 5.864245e-02"
"   1";"  25";" 4.00";"   -3.575";"sorpresa";" 5.864245e-02"
"   1";"  25";" 4.00";"   -3.575";"personali";" 5.864245e-02"
"   1";"  25";" 4.00";"   -3.575";"inventor";" 5.864245e-02"
"   1";"  25";" 4.00";"   -3.575";"invención";" 5.864245e-02"
"   1";"  25";" 4.00";"   -3.575";"dueño";" 5.864245e-02"
"   1";"  25";" 4.00";"   -3.575";"amistad";" 5.864245e-02"
"   1";"  25";" 4.00";"   -3.575";"agrícola";" 5.864245e-02"
"   1";"  25";" 4.00";"   -3.575";"obsoletas";" 5.864245e-02"
"   1";"  25";" 4.00";"   -3.575";"individualizar";" 5.864245e-02"
"  60";" 398";"15.08";"   -3.567";"camino";" 5.892323e-02"
"   5";"  56";" 8.93";"   -3.555";"multiplicar";" 5.936100e-02"
"   5";"  56";" 8.93";"   -3.555";"elevado";" 5.936100e-02"
"   6";"  63";" 9.52";"   -3.530";"colocar";" 6.025652e-02"
"   3";"  41";" 7.32";"   -3.525";"progresar";" 6.044162e-02"
"   2";"  33";" 6.06";"   -3.494";"scopus";" 6.158352e-02"
"   2";"  33";" 6.06";"   -3.494";"fa";" 6.158352e-02"
"   2";"  33";" 6.06";"   -3.494";"espiral";" 6.158352e-02"
"   2";"  33";" 6.06";"   -3.494";"conversión";" 6.158352e-02"
"   2";"  33";" 6.06";"   -3.494";"idóneo";" 6.158352e-02"
"   2";"  33";" 6.06";"   -3.494";"ejem";" 6.158352e-02"
"   2";"  33";" 6.06";"   -3.494";"apreciación";" 6.158352e-02"
"  15";" 123";"12.20";"   -3.485";"aliar";" 6.191069e-02"
"   0";"  15";" 0.00";"   -3.465";"peer";" 6.268554e-02"
"   0";"  15";" 0.00";"   -3.465";"durall";" 6.268554e-02"
"   0";"  15";" 0.00";"   -3.465";"múltiplo";" 6.268554e-02"
"   0";"  15";" 0.00";"   -3.465";"gmail";" 6.268554e-02"
"   0";"  15";" 0.00";"   -3.465";"isaac";" 6.268554e-02"
"   0";"  15";" 0.00";"   -3.465";"solar";" 6.268554e-02"
"   0";"  15";" 0.00";"   -3.465";"insecto";" 6.268554e-02"
"   0";"  15";" 0.00";"   -3.465";"gram";" 6.268554e-02"
"   0";"  15";" 0.00";"   -3.465";"factual";" 6.268554e-02"
"   0";"  15";" 0.00";"   -3.465";"barroco";" 6.268554e-02"
"   0";"  15";" 0.00";"   -3.465";"reelaboración";" 6.268554e-02"
"   0";"  15";" 0.00";"   -3.465";"posts";" 6.268554e-02"
"   0";"  15";" 0.00";"   -3.465";"lavar";" 6.268554e-02"
"   0";"  15";" 0.00";"   -3.465";"cv";" 6.268554e-02"
"   0";"  15";" 0.00";"   -3.465";"crm";" 6.268554e-02"
"   0";"  15";" 0.00";"   -3.465";"scholarcy";" 6.268554e-02"
"   0";"  15";" 0.00";"   -3.465";"pitts";" 6.268554e-02"
"   0";"  15";" 0.00";"   -3.465";"numerar";" 6.268554e-02"
"   0";"  15";" 0.00";"   -3.465";"modernidad";" 6.268554e-02"
"   0";"  15";" 0.00";"   -3.465";"mcculloch";" 6.268554e-02"
"   0";"  15";" 0.00";"   -3.465";"diagnósticas";" 6.268554e-02"
"   0";"  15";" 0.00";"   -3.465";"coalition";" 6.268554e-02"
"   0";"  15";" 0.00";"   -3.465";"wordai";" 6.268554e-02"
"   0";"  15";" 0.00";"   -3.465";"transformers";" 6.268554e-02"
"   0";"  15";" 0.00";"   -3.465";"socrative";" 6.268554e-02"
"   0";"  15";" 0.00";"   -3.465";"sintaxis";" 6.268554e-02"
"   0";"  15";" 0.00";"   -3.465";"repaso";" 6.268554e-02"
"   0";"  15";" 0.00";"   -3.465";"p2";" 6.268554e-02"
"   0";"  15";" 0.00";"   -3.465";"menú";" 6.268554e-02"
"   0";"  15";" 0.00";"   -3.465";"hashtags";" 6.268554e-02"
"   0";"  15";" 0.00";"   -3.465";"fotogramas";" 6.268554e-02"
"   0";"  15";" 0.00";"   -3.465";"antagónicas";" 6.268554e-02"
"   0";"  15";" 0.00";"   -3.465";"zan";" 6.268554e-02"
"   0";"  15";" 0.00";"   -3.465";"usabilidad";" 6.268554e-02"
"   0";"  15";" 0.00";"   -3.465";"textura";" 6.268554e-02"
"   0";"  15";" 0.00";"   -3.465";"poético";" 6.268554e-02"
"   0";"  15";" 0.00";"   -3.465";"inexistente";" 6.268554e-02"
"   0";"  15";" 0.00";"   -3.465";"conveniencia";" 6.268554e-02"
"   0";"  15";" 0.00";"   -3.465";"bolígrafos";" 6.268554e-02"
"   0";"  15";" 0.00";"   -3.465";"belamy";" 6.268554e-02"
"   0";"  15";" 0.00";"   -3.465";"barco";" 6.268554e-02"
"   0";"  15";" 0.00";"   -3.465";"viceversa";" 6.268554e-02"
"   0";"  15";" 0.00";"   -3.465";"vapor";" 6.268554e-02"
"   0";"  15";" 0.00";"   -3.465";"subcampo";" 6.268554e-02"
"   0";"  15";" 0.00";"   -3.465";"satélite";" 6.268554e-02"
"   0";"  15";" 0.00";"   -3.465";"salar";" 6.268554e-02"
"   0";"  15";" 0.00";"   -3.465";"robóticos";" 6.268554e-02"
"   0";"  15";" 0.00";"   -3.465";"recíproco";" 6.268554e-02"
"   0";"  15";" 0.00";"   -3.465";"recorrido";" 6.268554e-02"
"   0";"  15";" 0.00";"   -3.465";"presenciar";" 6.268554e-02"
"   0";"  15";" 0.00";"   -3.465";"predictivas";" 6.268554e-02"
"   0";"  15";" 0.00";"   -3.465";"predefinidos";" 6.268554e-02"
"   0";"  15";" 0.00";"   -3.465";"peda";" 6.268554e-02"
"   0";"  15";" 0.00";"   -3.465";"paradigmático";" 6.268554e-02"
"   0";"  15";" 0.00";"   -3.465";"padecer";" 6.268554e-02"
"   0";"  15";" 0.00";"   -3.465";"optimizado";" 6.268554e-02"
"   0";"  15";" 0.00";"   -3.465";"montaña";" 6.268554e-02"
"   0";"  15";" 0.00";"   -3.465";"mezclar";" 6.268554e-02"
"   0";"  15";" 0.00";"   -3.465";"meticuloso";" 6.268554e-02"
"   0";"  15";" 0.00";"   -3.465";"leve";" 6.268554e-02"
"   0";"  15";" 0.00";"   -3.465";"idealmente";" 6.268554e-02"
"   0";"  15";" 0.00";"   -3.465";"encender";" 6.268554e-02"
"   0";"  15";" 0.00";"   -3.465";"emplearse";" 6.268554e-02"
"   0";"  15";" 0.00";"   -3.465";"ejercitar";" 6.268554e-02"
"   0";"  15";" 0.00";"   -3.465";"drones";" 6.268554e-02"
"   0";"  15";" 0.00";"   -3.465";"desmitificar";" 6.268554e-02"
"   0";"  15";" 0.00";"   -3.465";"colgar";" 6.268554e-02"
"   0";"  15";" 0.00";"   -3.465";"chatear";" 6.268554e-02"
"   0";"  15";" 0.00";"   -3.465";"cepción";" 6.268554e-02"
"   0";"  15";" 0.00";"   -3.465";"ave";" 6.268554e-02"
"   0";"  15";" 0.00";"   -3.465";"avalancha";" 6.268554e-02"
"   0";"  15";" 0.00";"   -3.465";"asombro";" 6.268554e-02"
"   0";"  15";" 0.00";"   -3.465";"asesoría";" 6.268554e-02"
"   0";"  15";" 0.00";"   -3.465";"acústica";" 6.268554e-02"
"  18";" 142";"12.68";"   -3.457";"posterior";" 6.298826e-02"
"   4";"  48";" 8.33";"   -3.427";"ana";" 6.413864e-02"
"   4";"  48";" 8.33";"   -3.427";"ejemplificar";" 6.413864e-02"
"   4";"  48";" 8.33";"   -3.427";"filósofo";" 6.413864e-02"
"   9";"  83";"10.84";"   -3.418";"consistente";" 6.448444e-02"
"   8";"  76";"10.53";"   -3.385";"dificultar";" 6.578462e-02"
"   5";"  55";" 9.09";"   -3.377";"letra";" 6.610114e-02"
"   5";"  55";" 9.09";"   -3.377";"ob";" 6.610114e-02"
"   5";"  55";" 9.09";"   -3.377";"puntual";" 6.610114e-02"
"   5";"  55";" 9.09";"   -3.377";"herramien";" 6.610114e-02"
"   6";"  62";" 9.68";"   -3.360";"revelar|reveler";" 6.681249e-02"
"  54";" 360";"15.00";"   -3.358";"funcionamiento";" 6.686295e-02"
"   1";"  24";" 4.17";"   -3.355";"bello";" 6.699150e-02"
"   1";"  24";" 4.17";"   -3.355";"ponderación";" 6.699150e-02"
"   1";"  24";" 4.17";"   -3.355";"tdah";" 6.699150e-02"
"   1";"  24";" 4.17";"   -3.355";"postular";" 6.699150e-02"
"   1";"  24";" 4.17";"   -3.355";"frío";" 6.699150e-02"
"   1";"  24";" 4.17";"   -3.355";"falsificación";" 6.699150e-02"
"   1";"  24";" 4.17";"   -3.355";"tutorización";" 6.699150e-02"
"   1";"  24";" 4.17";"   -3.355";"desenvolver";" 6.699150e-02"
"   1";"  24";" 4.17";"   -3.355";"contradictorio";" 6.699150e-02"
"   1";"  24";" 4.17";"   -3.355";"amplifica";" 6.699150e-02"
"   1";"  24";" 4.17";"   -3.355";"activación";" 6.699150e-02"
"   1";"  24";" 4.17";"   -3.355";"abrumador";" 6.699150e-02"
"  33";" 234";"14.10";"   -3.343";"alternativa";" 6.748738e-02"
"  75";" 483";"15.53";"   -3.335";"quedar";" 6.780474e-02"
"   3";"  40";" 7.50";"   -3.330";"du";" 6.802139e-02"
"   3";"  40";" 7.50";"   -3.330";"civilización";" 6.802139e-02"
"   3";"  40";" 7.50";"   -3.330";"conducción";" 6.802139e-02"
"   3";"  40";" 7.50";"   -3.330";"convincente";" 6.802139e-02"
"   2";"  32";" 6.25";"   -3.288";"relleno";" 6.978848e-02"
"   2";"  32";" 6.25";"   -3.288";"metacognitiva";" 6.978848e-02"
"   2";"  32";" 6.25";"   -3.288";"luación";" 6.978848e-02"
"   2";"  32";" 6.25";"   -3.288";"genético";" 6.978848e-02"
"   2";"  32";" 6.25";"   -3.288";"estandarizar";" 6.978848e-02"
"   2";"  32";" 6.25";"   -3.288";"anotar";" 6.978848e-02"
"   2";"  32";" 6.25";"   -3.288";"sucesivo";" 6.978848e-02"
"   2";"  32";" 6.25";"   -3.288";"comprobación";" 6.978848e-02"
"   2";"  32";" 6.25";"   -3.288";"animaciones";" 6.978848e-02"
"   2";"  32";" 6.25";"   -3.288";"adap";" 6.978848e-02"
"  14";" 115";"12.17";"   -3.279";"experimentación";" 7.015124e-02"
"   9";"  82";"10.98";"   -3.265";"generalmente";" 7.077120e-02"
"   4";"  47";" 8.51";"   -3.242";"cruzar";" 7.175457e-02"
"   4";"  47";" 8.51";"   -3.242";"mediador";" 7.175457e-02"
"   4";"  47";" 8.51";"   -3.242";"desaparecer";" 7.175457e-02"
"   4";"  47";" 8.51";"   -3.242";"nadar";" 7.175457e-02"
"   4";"  47";" 8.51";"   -3.242";"mentación";" 7.175457e-02"
"   0";"  14";" 0.00";"   -3.234";"project";" 7.213171e-02"
"   0";"  14";" 0.00";"   -3.234";"teams";" 7.213171e-02"
"   0";"  14";" 0.00";"   -3.234";"chi";" 7.213171e-02"
"   0";"  14";" 0.00";"   -3.234";"ho";" 7.213171e-02"
"   0";"  14";" 0.00";"   -3.234";"harris";" 7.213171e-02"
"   0";"  14";" 0.00";"   -3.234";"zheng";" 7.213171e-02"
"   0";"  14";" 0.00";"   -3.234";"bruner";" 7.213171e-02"
"   0";"  14";" 0.00";"   -3.234";"radar";" 7.213171e-02"
"   0";"  14";" 0.00";"   -3.234";"fnales";" 7.213171e-02"
"   0";"  14";" 0.00";"   -3.234";"winkler";" 7.213171e-02"
"   0";"  14";" 0.00";"   -3.234";"tablets";" 7.213171e-02"
"   0";"  14";" 0.00";"   -3.234";"söllner";" 7.213171e-02"
"   0";"  14";" 0.00";"   -3.234";"rembrandt";" 7.213171e-02"
"   0";"  14";" 0.00";"   -3.234";"kahoot";" 7.213171e-02"
"   0";"  14";" 0.00";"   -3.234";"bell";" 7.213171e-02"
"   0";"  14";" 0.00";"   -3.234";"af";" 7.213171e-02"
"   0";"  14";" 0.00";"   -3.234";"uipath";" 7.213171e-02"
"   0";"  14";" 0.00";"   -3.234";"aleks";" 7.213171e-02"
"   0";"  14";" 0.00";"   -3.234";"valley";" 7.213171e-02"
"   0";"  14";" 0.00";"   -3.234";"trucos";" 7.213171e-02"
"   0";"  14";" 0.00";"   -3.234";"toe";" 7.213171e-02"
"   0";"  14";" 0.00";"   -3.234";"starryai";" 7.213171e-02"
"   0";"  14";" 0.00";"   -3.234";"pixlr";" 7.213171e-02"
"   0";"  14";" 0.00";"   -3.234";"pincel";" 7.213171e-02"
"   0";"  14";" 0.00";"   -3.234";"p7";" 7.213171e-02"
"   0";"  14";" 0.00";"   -3.234";"p6";" 7.213171e-02"
"   0";"  14";" 0.00";"   -3.234";"mitología";" 7.213171e-02"
"   0";"  14";" 0.00";"   -3.234";"latín";" 7.213171e-02"
"   0";"  14";" 0.00";"   -3.234";"kilómetro";" 7.213171e-02"
"   0";"  14";" 0.00";"   -3.234";"khanmigo";" 7.213171e-02"
"   0";"  14";" 0.00";"   -3.234";"hofstadter";" 7.213171e-02"
"   0";"  14";" 0.00";"   -3.234";"guardiola";" 7.213171e-02"
"   0";"  14";" 0.00";"   -3.234";"crediticio";" 7.213171e-02"
"   0";"  14";" 0.00";"   -3.234";"cinta";" 7.213171e-02"
"   0";"  14";" 0.00";"   -3.234";"akamai";" 7.213171e-02"
"   0";"  14";" 0.00";"   -3.234";"vertiginosa";" 7.213171e-02"
"   0";"  14";" 0.00";"   -3.234";"vención";" 7.213171e-02"
"   0";"  14";" 0.00";"   -3.234";"rival";" 7.213171e-02"
"   0";"  14";" 0.00";"   -3.234";"reescribir";" 7.213171e-02"
"   0";"  14";" 0.00";"   -3.234";"premium";" 7.213171e-02"
"   0";"  14";" 0.00";"   -3.234";"placa";" 7.213171e-02"
"   0";"  14";" 0.00";"   -3.234";"ocupacional";" 7.213171e-02"
"   0";"  14";" 0.00";"   -3.234";"músico";" 7.213171e-02"
"   0";"  14";" 0.00";"   -3.234";"multimodales";" 7.213171e-02"
"   0";"  14";" 0.00";"   -3.234";"litmaps";" 7.213171e-02"
"   0";"  14";" 0.00";"   -3.234";"lev";" 7.213171e-02"
"   0";"  14";" 0.00";"   -3.234";"lanacion";" 7.213171e-02"
"   0";"  14";" 0.00";"   -3.234";"idéntico";" 7.213171e-02"
"   0";"  14";" 0.00";"   -3.234";"heygen";" 7.213171e-02"
"   0";"  14";" 0.00";"   -3.234";"genially";" 7.213171e-02"
"   0";"  14";" 0.00";"   -3.234";"críti";" 7.213171e-02"
"   0";"  14";" 0.00";"   -3.234";"cronbach";" 7.213171e-02"
"   0";"  14";" 0.00";"   -3.234";"cortana";" 7.213171e-02"
"   0";"  14";" 0.00";"   -3.234";"chef";" 7.213171e-02"
"   0";"  14";" 0.00";"   -3.234";"almacenaje";" 7.213171e-02"
"   0";"  14";" 0.00";"   -3.234";"admiración";" 7.213171e-02"
"   0";"  14";" 0.00";"   -3.234";"visionado";" 7.213171e-02"
"   0";"  14";" 0.00";"   -3.234";"tudiante";" 7.213171e-02"
"   0";"  14";" 0.00";"   -3.234";"tijera";" 7.213171e-02"
"   0";"  14";" 0.00";"   -3.234";"tentes";" 7.213171e-02"
"   0";"  14";" 0.00";"   -3.234";"tarse";" 7.213171e-02"
"   0";"  14";" 0.00";"   -3.234";"silicon";" 7.213171e-02"
"   0";"  14";" 0.00";"   -3.234";"rompecabezas";" 7.213171e-02"
"   0";"  14";" 0.00";"   -3.234";"resonar";" 7.213171e-02"
"   0";"  14";" 0.00";"   -3.234";"proyector";" 7.213171e-02"
"   0";"  14";" 0.00";"   -3.234";"propensión";" 7.213171e-02"
"   0";"  14";" 0.00";"   -3.234";"portugués";" 7.213171e-02"
"   0";"  14";" 0.00";"   -3.234";"periencias";" 7.213171e-02"
"   0";"  14";" 0.00";"   -3.234";"perfección";" 7.213171e-02"
"   0";"  14";" 0.00";"   -3.234";"pasaje";" 7.213171e-02"
"   0";"  14";" 0.00";"   -3.234";"papelógrafo";" 7.213171e-02"
"   0";"  14";" 0.00";"   -3.234";"optimizan";" 7.213171e-02"
"   0";"  14";" 0.00";"   -3.234";"nalizar";" 7.213171e-02"
"   0";"  14";" 0.00";"   -3.234";"motivadora";" 7.213171e-02"
"   0";"  14";" 0.00";"   -3.234";"monumental";" 7.213171e-02"
"   0";"  14";" 0.00";"   -3.234";"infección";" 7.213171e-02"
"   0";"  14";" 0.00";"   -3.234";"individualizados";" 7.213171e-02"
"   0";"  14";" 0.00";"   -3.234";"incluimos";" 7.213171e-02"
"   0";"  14";" 0.00";"   -3.234";"improvisar";" 7.213171e-02"
"   0";"  14";" 0.00";"   -3.234";"heurística";" 7.213171e-02"
"   0";"  14";" 0.00";"   -3.234";"gra";" 7.213171e-02"
"   0";"  14";" 0.00";"   -3.234";"gafas";" 7.213171e-02"
"   0";"  14";" 0.00";"   -3.234";"exagerar";" 7.213171e-02"
"   0";"  14";" 0.00";"   -3.234";"evaluativo";" 7.213171e-02"
"   0";"  14";" 0.00";"   -3.234";"encon";" 7.213171e-02"
"   0";"  14";" 0.00";"   -3.234";"ela";" 7.213171e-02"
"   0";"  14";" 0.00";"   -3.234";"detrimento";" 7.213171e-02"
"   0";"  14";" 0.00";"   -3.234";"contento";" 7.213171e-02"
"   0";"  14";" 0.00";"   -3.234";"categorizar";" 7.213171e-02"
"   0";"  14";" 0.00";"   -3.234";"canti";" 7.213171e-02"
"   0";"  14";" 0.00";"   -3.234";"cansar";" 7.213171e-02"
"   0";"  14";" 0.00";"   -3.234";"apto";" 7.213171e-02"
"   0";"  14";" 0.00";"   -3.234";"afirmativo";" 7.213171e-02"
"  35";" 245";"14.29";"   -3.231";"invitar";" 7.225883e-02"
"  65";" 423";"15.37";"   -3.218";"relevancia";" 7.285424e-02"
"   7";"  68";"10.29";"   -3.202";"cimiento";" 7.356111e-02"
"   5";"  54";" 9.26";"   -3.201";"circuito";" 7.357588e-02"
"   5";"  54";" 9.26";"   -3.201";"premio";" 7.357588e-02"
"   5";"  54";" 9.26";"   -3.201";"ense";" 7.357588e-02"
"  22";" 165";"13.33";"   -3.197";"utilizarse";" 7.377400e-02"
"  12";" 101";"11.88";"   -3.141";"nacer";" 7.633313e-02"
"  12";" 101";"11.88";"   -3.141";"erróneo";" 7.633313e-02"
"   3";"  39";" 7.69";"   -3.137";"prác";" 7.653950e-02"
"   3";"  39";" 7.69";"   -3.137";"consumar|consumir";" 7.653950e-02"
"   1";"  23";" 4.35";"   -3.136";"pearson";" 7.657829e-02"
"   1";"  23";" 4.35";"   -3.136";"tep";" 7.657829e-02"
"   1";"  23";" 4.35";"   -3.136";"offline";" 7.657829e-02"
"   1";"  23";" 4.35";"   -3.136";"oponente";" 7.657829e-02"
"   1";"  23";" 4.35";"   -3.136";"infografía";" 7.657829e-02"
"   1";"  23";" 4.35";"   -3.136";"remontar";" 7.657829e-02"
"   1";"  23";" 4.35";"   -3.136";"profesoras";" 7.657829e-02"
"   1";"  23";" 4.35";"   -3.136";"petróleo";" 7.657829e-02"
"   1";"  23";" 4.35";"   -3.136";"narrativo";" 7.657829e-02"
"   1";"  23";" 4.35";"   -3.136";"viñetas";" 7.657829e-02"
"   1";"  23";" 4.35";"   -3.136";"validado";" 7.657829e-02"
"   1";"  23";" 4.35";"   -3.136";"suscripción";" 7.657829e-02"
"   1";"  23";" 4.35";"   -3.136";"recopila";" 7.657829e-02"
"   1";"  23";" 4.35";"   -3.136";"oe";" 7.657829e-02"
"   1";"  23";" 4.35";"   -3.136";"espontáneo";" 7.657829e-02"
"   1";"  23";" 4.35";"   -3.136";"enriquecidos";" 7.657829e-02"
"   1";"  23";" 4.35";"   -3.136";"correc";" 7.657829e-02"
"   1";"  23";" 4.35";"   -3.136";"brillante";" 7.657829e-02"
"   1";"  23";" 4.35";"   -3.136";"asig";" 7.657829e-02"
"  27";" 195";"13.85";"   -3.099";"ruta";" 7.832319e-02"
"  27";" 195";"13.85";"   -3.099";"lingüístico";" 7.832319e-02"
"   2";"  31";" 6.45";"   -3.083";"bi";" 7.909653e-02"
"   2";"  31";" 6.45";"   -3.083";"tecnopedagógico";" 7.909653e-02"
"   2";"  31";" 6.45";"   -3.083";"nacimiento";" 7.909653e-02"
"   2";"  31";" 6.45";"   -3.083";"vidad";" 7.909653e-02"
"   2";"  31";" 6.45";"   -3.083";"progresivamente";" 7.909653e-02"
"   2";"  31";" 6.45";"   -3.083";"lizar";" 7.909653e-02"
"   2";"  31";" 6.45";"   -3.083";"inmediatamente";" 7.909653e-02"
"  13";" 107";"12.15";"   -3.074";"marca";" 7.957145e-02"
"  13";" 107";"12.15";"   -3.074";"reproducir";" 7.957145e-02"
"  13";" 107";"12.15";"   -3.074";"aun";" 7.957145e-02"
"   4";"  46";" 8.70";"   -3.060";"satisfactorio";" 8.024794e-02"
"   4";"  46";" 8.70";"   -3.060";"fallar";" 8.024794e-02"
"   4";"  46";" 8.70";"   -3.060";"administrar";" 8.024794e-02"
"  70";" 450";"15.56";"   -3.053";"vista";" 8.057383e-02"
"   7";"  67";"10.45";"   -3.041";"blando";" 8.117864e-02"
"   5";"  53";" 9.43";"   -3.028";"consciencia";" 8.185978e-02"
"   5";"  53";" 9.43";"   -3.028";"apunte";" 8.185978e-02"
"   5";"  53";" 9.43";"   -3.028";"catálogo";" 8.185978e-02"
"   5";"  53";" 9.43";"   -3.028";"disminución";" 8.185978e-02"
"  10";"  87";"11.49";"   -3.018";"cultivar";" 8.233503e-02"
"   0";"  13";" 0.00";"   -3.003";"analysis";" 8.312057e-02"
"   0";"  13";" 0.00";"   -3.003";"molesto";" 8.312057e-02"
"   0";"  13";" 0.00";"   -3.003";"economist";" 8.312057e-02"
"   0";"  13";" 0.00";"   -3.003";"mail";" 8.312057e-02"
"   0";"  13";" 0.00";"   -3.003";"vincent";" 8.312057e-02"
"   0";"  13";" 0.00";"   -3.003";"pregúntame";" 8.312057e-02"
"   0";"  13";" 0.00";"   -3.003";"league";" 8.312057e-02"
"   0";"  13";" 0.00";"   -3.003";"xviii";" 8.312057e-02"
"   0";"  13";" 0.00";"   -3.003";"tips";" 8.312057e-02"
"   0";"  13";" 0.00";"   -3.003";"mansour";" 8.312057e-02"
"   0";"  13";" 0.00";"   -3.003";"lucas";" 8.312057e-02"
"   0";"  13";" 0.00";"   -3.003";"parábola";" 8.312057e-02"
"   0";"  13";" 0.00";"   -3.003";"montaje";" 8.312057e-02"
"   0";"  13";" 0.00";"   -3.003";"homo";" 8.312057e-02"
"   0";"  13";" 0.00";"   -3.003";"email";" 8.312057e-02"
"   0";"  13";" 0.00";"   -3.003";"negnevitsky";" 8.312057e-02"
"   0";"  13";" 0.00";"   -3.003";"manzana";" 8.312057e-02"
"   0";"  13";" 0.00";"   -3.003";"hospital";" 8.312057e-02"
"   0";"  13";" 0.00";"   -3.003";"fuego";" 8.312057e-02"
"   0";"  13";" 0.00";"   -3.003";"diffit";" 8.312057e-02"
"   0";"  13";" 0.00";"   -3.003";"tablet";" 8.312057e-02"
"   0";"  13";" 0.00";"   -3.003";"shakespeare";" 8.312057e-02"
"   0";"  13";" 0.00";"   -3.003";"reconstrucción";" 8.312057e-02"
"   0";"  13";" 0.00";"   -3.003";"oxman";" 8.312057e-02"
"   0";"  13";" 0.00";"   -3.003";"nave";" 8.312057e-02"
"   0";"  13";" 0.00";"   -3.003";"lumen5";" 8.312057e-02"
"   0";"  13";" 0.00";"   -3.003";"lewin";" 8.312057e-02"
"   0";"  13";" 0.00";"   -3.003";"detec";" 8.312057e-02"
"   0";"  13";" 0.00";"   -3.003";"vistazo";" 8.312057e-02"
"   0";"  13";" 0.00";"   -3.003";"smodin";" 8.312057e-02"
"   0";"  13";" 0.00";"   -3.003";"poesía";" 8.312057e-02"
"   0";"  13";" 0.00";"   -3.003";"p4";" 8.312057e-02"
"   0";"  13";" 0.00";"   -3.003";"neurogen";" 8.312057e-02"
"   0";"  13";" 0.00";"   -3.003";"devolución";" 8.312057e-02"
"   0";"  13";" 0.00";"   -3.003";"definitivamente";" 8.312057e-02"
"   0";"  13";" 0.00";"   -3.003";"bienvenido";" 8.312057e-02"
"   0";"  13";" 0.00";"   -3.003";"autorreflexión";" 8.312057e-02"
"   0";"  13";" 0.00";"   -3.003";"abuelo";" 8.312057e-02"
"   0";"  13";" 0.00";"   -3.003";"suelto";" 8.312057e-02"
"   0";"  13";" 0.00";"   -3.003";"salvaje";" 8.312057e-02"
"   0";"  13";" 0.00";"   -3.003";"regenerar";" 8.312057e-02"
"   0";"  13";" 0.00";"   -3.003";"puntajes";" 8.312057e-02"
"   0";"  13";" 0.00";"   -3.003";"prescindir";" 8.312057e-02"
"   0";"  13";" 0.00";"   -3.003";"pequen";" 8.312057e-02"
"   0";"  13";" 0.00";"   -3.003";"pata";" 8.312057e-02"
"   0";"  13";" 0.00";"   -3.003";"metacognitivos";" 8.312057e-02"
"   0";"  13";" 0.00";"   -3.003";"lar";" 8.312057e-02"
"   0";"  13";" 0.00";"   -3.003";"jos";" 8.312057e-02"
"   0";"  13";" 0.00";"   -3.003";"instinto";" 8.312057e-02"
"   0";"  13";" 0.00";"   -3.003";"computa";" 8.312057e-02"
"   0";"  13";" 0.00";"   -3.003";"baile";" 8.312057e-02"
"   0";"  13";" 0.00";"   -3.003";"aéreo";" 8.312057e-02"
"   0";"  13";" 0.00";"   -3.003";"adición";" 8.312057e-02"
"   0";"  13";" 0.00";"   -3.003";"vidades";" 8.312057e-02"
"   0";"  13";" 0.00";"   -3.003";"usé";" 8.312057e-02"
"   0";"  13";" 0.00";"   -3.003";"teriales";" 8.312057e-02"
"   0";"  13";" 0.00";"   -3.003";"taciones";" 8.312057e-02"
"   0";"  13";" 0.00";"   -3.003";"tableta";" 8.312057e-02"
"   0";"  13";" 0.00";"   -3.003";"suficiencia";" 8.312057e-02"
"   0";"  13";" 0.00";"   -3.003";"spss";" 8.312057e-02"
"   0";"  13";" 0.00";"   -3.003";"recortar";" 8.312057e-02"
"   0";"  13";" 0.00";"   -3.003";"personalizando";" 8.312057e-02"
"   0";"  13";" 0.00";"   -3.003";"parentales";" 8.312057e-02"
"   0";"  13";" 0.00";"   -3.003";"máticas";" 8.312057e-02"
"   0";"  13";" 0.00";"   -3.003";"matemá";" 8.312057e-02"
"   0";"  13";" 0.00";"   -3.003";"lúdica";" 8.312057e-02"
"   0";"  13";" 0.00";"   -3.003";"galería";" 8.312057e-02"
"   0";"  13";" 0.00";"   -3.003";"fidelidad";" 8.312057e-02"
"   0";"  13";" 0.00";"   -3.003";"estudianteh";" 8.312057e-02"
"   0";"  13";" 0.00";"   -3.003";"enterar";" 8.312057e-02"
"   0";"  13";" 0.00";"   -3.003";"desentrañar";" 8.312057e-02"
"   0";"  13";" 0.00";"   -3.003";"defnición";" 8.312057e-02"
"   0";"  13";" 0.00";"   -3.003";"cuestio";" 8.312057e-02"
"   0";"  13";" 0.00";"   -3.003";"cesidades";" 8.312057e-02"
"   0";"  13";" 0.00";"   -3.003";"casuística";" 8.312057e-02"
"   0";"  13";" 0.00";"   -3.003";"burocrático";" 8.312057e-02"
"   0";"  13";" 0.00";"   -3.003";"bola";" 8.312057e-02"
"   0";"  13";" 0.00";"   -3.003";"agradable";" 8.312057e-02"
"   0";"  13";" 0.00";"   -3.003";"adversario";" 8.312057e-02"
"   0";"  13";" 0.00";"   -3.003";"acuñó";" 8.312057e-02"
"   0";"  13";" 0.00";"   -3.003";"absorber";" 8.312057e-02"
"   0";"  13";" 0.00";"   -3.003";"4chatbots";" 8.312057e-02"
"   9";"  80";"11.25";"   -2.965";"cos";" 8.509688e-02"
"   9";"  80";"11.25";"   -2.965";"sufrir";" 8.509688e-02"
"  41";" 278";"14.75";"   -2.949";"obstante";" 8.593267e-02"
"   3";"  38";" 7.89";"   -2.946";"constructivista";" 8.610897e-02"
"   3";"  38";" 7.89";"   -2.946";"seguramente";" 8.610897e-02"
"   3";"  38";" 7.89";"   -2.946";"popularidad";" 8.610897e-02"
"   3";"  38";" 7.89";"   -2.946";"evalúan";" 8.610897e-02"
"  36";" 248";"14.52";"   -2.943";"distancia";" 8.627346e-02"
"   1";"  22";" 4.55";"   -2.918";"soviético";" 8.759741e-02"
"   1";"  22";" 4.55";"   -2.918";"tangible";" 8.759741e-02"
"   1";"  22";" 4.55";"   -2.918";"rrss";" 8.759741e-02"
"   1";"  22";" 4.55";"   -2.918";"ilusión";" 8.759741e-02"
"   1";"  22";" 4.55";"   -2.918";"andamiaje";" 8.759741e-02"
"   1";"  22";" 4.55";"   -2.918";"amigable";" 8.759741e-02"
"   1";"  22";" 4.55";"   -2.918";"sabiduría";" 8.759741e-02"
"   1";"  22";" 4.55";"   -2.918";"pasajero";" 8.759741e-02"
"   1";"  22";" 4.55";"   -2.918";"fresco";" 8.759741e-02"
"   1";"  22";" 4.55";"   -2.918";"evidentemente";" 8.759741e-02"
"   1";"  22";" 4.55";"   -2.918";"contextualmente";" 8.759741e-02"
"   1";"  22";" 4.55";"   -2.918";"cionar";" 8.759741e-02"
"   7";"  66";"10.61";"   -2.883";"serio";" 8.953469e-02"
"   2";"  30";" 6.67";"   -2.881";"harvard";" 8.965708e-02"
"   2";"  30";" 6.67";"   -2.881";"museo";" 8.965708e-02"
"   2";"  30";" 6.67";"   -2.881";"competición";" 8.965708e-02"
"   2";"  30";" 6.67";"   -2.881";"ecología";" 8.965708e-02"
"   2";"  30";" 6.67";"   -2.881";"bloquear";" 8.965708e-02"
"   2";"  30";" 6.67";"   -2.881";"prensión";" 8.965708e-02"
"   4";"  45";" 8.89";"   -2.879";"grupales";" 8.971443e-02"
"   6";"  59";"10.17";"   -2.860";"credibilidad";" 9.080840e-02"
"   6";"  59";"10.17";"   -2.860";"itinerario";" 9.080840e-02"
"   5";"  52";" 9.62";"   -2.856";"similitudes";" 9.103395e-02"
"   5";"  52";" 9.62";"   -2.856";"intrínseco";" 9.103395e-02"
"  15";" 118";"12.71";"   -2.838";"temporal";" 9.205857e-02"
"  11";"  92";"11.96";"   -2.799";"au";" 9.433959e-02"
"  11";"  92";"11.96";"   -2.799";"confirmar";" 9.433959e-02"
"   0";"  12";" 0.00";"   -2.772";"learn";" 9.593937e-02"
"   0";"  12";" 0.00";"   -2.772";"pipa";" 9.593937e-02"
"   0";"  12";" 0.00";"   -2.772";"lens";" 9.593937e-02"
"   0";"  12";" 0.00";"   -2.772";"wide";" 9.593937e-02"
"   0";"  12";" 0.00";"   -2.772";"puga";" 9.593937e-02"
"   0";"  12";" 0.00";"   -2.772";"cooper";" 9.593937e-02"
"   0";"  12";" 0.00";"   -2.772";"ts";" 9.593937e-02"
"   0";"  12";" 0.00";"   -2.772";"rodrigo";" 9.593937e-02"
"   0";"  12";" 0.00";"   -2.772";"lear";" 9.593937e-02"
"   0";"  12";" 0.00";"   -2.772";"deepfake";" 9.593937e-02"
"   0";"  12";" 0.00";"   -2.772";"pixel";" 9.593937e-02"
"   0";"  12";" 0.00";"   -2.772";"feed";" 9.593937e-02"
"   0";"  12";" 0.00";"   -2.772";"uber";" 9.593937e-02"
"   0";"  12";" 0.00";"   -2.772";"pez";" 9.593937e-02"
"   0";"  12";" 0.00";"   -2.772";"invertebrados";" 9.593937e-02"
"   0";"  12";" 0.00";"   -2.772";"tabnine";" 9.593937e-02"
"   0";"  12";" 0.00";"   -2.772";"mina";" 9.593937e-02"
"   0";"  12";" 0.00";"   -2.772";"fc";" 9.593937e-02"
"   0";"  12";" 0.00";"   -2.772";"copyscape";" 9.593937e-02"
"   0";"  12";" 0.00";"   -2.772";"zapato";" 9.593937e-02"
"   0";"  12";" 0.00";"   -2.772";"ratio";" 9.593937e-02"
"   0";"  12";" 0.00";"   -2.772";"quizzes";" 9.593937e-02"
"   0";"  12";" 0.00";"   -2.772";"piktochart";" 9.593937e-02"
"   0";"  12";" 0.00";"   -2.772";"kevin";" 9.593937e-02"
"   0";"  12";" 0.00";"   -2.772";"evaluativa";" 9.593937e-02"
"   0";"  12";" 0.00";"   -2.772";"edpuzzle";" 9.593937e-02"
"   0";"  12";" 0.00";"   -2.772";"android";" 9.593937e-02"
"   0";"  12";" 0.00";"   -2.772";"ucr";" 9.593937e-02"
"   0";"  12";" 0.00";"   -2.772";"runwayml";" 9.593937e-02"
"   0";"  12";" 0.00";"   -2.772";"planeo";" 9.593937e-02"
"   0";"  12";" 0.00";"   -2.772";"moti";" 9.593937e-02"
"   0";"  12";" 0.00";"   -2.772";"ml4k";" 9.593937e-02"
"   0";"  12";" 0.00";"   -2.772";"menta";" 9.593937e-02"
"   0";"  12";" 0.00";"   -2.772";"lola";" 9.593937e-02"
"   0";"  12";" 0.00";"   -2.772";"indefinido";" 9.593937e-02"
"   0";"  12";" 0.00";"   -2.772";"incorrectamente";" 9.593937e-02"
"   0";"  12";" 0.00";"   -2.772";"identifcar";" 9.593937e-02"
"   0";"  12";" 0.00";"   -2.772";"chocolate";" 9.593937e-02"
"   0";"  12";" 0.00";"   -2.772";"webs";" 9.593937e-02"
"   0";"  12";" 0.00";"   -2.772";"tridimensionales";" 9.593937e-02"
"   0";"  12";" 0.00";"   -2.772";"súper";" 9.593937e-02"
"   0";"  12";" 0.00";"   -2.772";"saltar";" 9.593937e-02"
"   0";"  12";" 0.00";"   -2.772";"salesforce";" 9.593937e-02"
"   0";"  12";" 0.00";"   -2.772";"pulso";" 9.593937e-02"
"   0";"  12";" 0.00";"   -2.772";"propaganda";" 9.593937e-02"
"   0";"  12";" 0.00";"   -2.772";"parásito";" 9.593937e-02"
"   0";"  12";" 0.00";"   -2.772";"mamá";" 9.593937e-02"
"   0";"  12";" 0.00";"   -2.772";"lo4";" 9.593937e-02"
"   0";"  12";" 0.00";"   -2.772";"hambre";" 9.593937e-02"
"   0";"  12";" 0.00";"   -2.772";"fotosíntesis";" 9.593937e-02"
"   0";"  12";" 0.00";"   -2.772";"fotográfico";" 9.593937e-02"
"   0";"  12";" 0.00";"   -2.772";"fitbit";" 9.593937e-02"
"   0";"  12";" 0.00";"   -2.772";"enri";" 9.593937e-02"
"   0";"  12";" 0.00";"   -2.772";"crónico";" 9.593937e-02"
"   0";"  12";" 0.00";"   -2.772";"converso";" 9.593937e-02"
"   0";"  12";" 0.00";"   -2.772";"consecutivo";" 9.593937e-02"
"   0";"  12";" 0.00";"   -2.772";"conmigo";" 9.593937e-02"
"   0";"  12";" 0.00";"   -2.772";"averiguar";" 9.593937e-02"
"   0";"  12";" 0.00";"   -2.772";"artesanal";" 9.593937e-02"
"   0";"  12";" 0.00";"   -2.772";"anunciantes";" 9.593937e-02"
"   0";"  12";" 0.00";"   -2.772";"antigüedad";" 9.593937e-02"
"   0";"  12";" 0.00";"   -2.772";"terminal";" 9.593937e-02"
"   0";"  12";" 0.00";"   -2.772";"síncrono";" 9.593937e-02"
"   0";"  12";" 0.00";"   -2.772";"superponer";" 9.593937e-02"
"   0";"  12";" 0.00";"   -2.772";"spearman";" 9.593937e-02"
"   0";"  12";" 0.00";"   -2.772";"solar|soler";" 9.593937e-02"
"   0";"  12";" 0.00";"   -2.772";"secuenciación";" 9.593937e-02"
"   0";"  12";" 0.00";"   -2.772";"salar|salir";" 9.593937e-02"
"   0";"  12";" 0.00";"   -2.772";"reutilizar";" 9.593937e-02"
"   0";"  12";" 0.00";"   -2.772";"researchrabbit";" 9.593937e-02"
"   0";"  12";" 0.00";"   -2.772";"rellenar";" 9.593937e-02"
"   0";"  12";" 0.00";"   -2.772";"probabilístico";" 9.593937e-02"
"   0";"  12";" 0.00";"   -2.772";"precoz";" 9.593937e-02"
"   0";"  12";" 0.00";"   -2.772";"permanentemente";" 9.593937e-02"
"   0";"  12";" 0.00";"   -2.772";"odontología";" 9.593937e-02"
"   0";"  12";" 0.00";"   -2.772";"nerar";" 9.593937e-02"
"   0";"  12";" 0.00";"   -2.772";"mímesis";" 9.593937e-02"
"   0";"  12";" 0.00";"   -2.772";"mático";" 9.593937e-02"
"   0";"  12";" 0.00";"   -2.772";"multicapa";" 9.593937e-02"
"   0";"  12";" 0.00";"   -2.772";"moderador";" 9.593937e-02"
"   0";"  12";" 0.00";"   -2.772";"melodía";" 9.593937e-02"
"   0";"  12";" 0.00";"   -2.772";"inapropiada";" 9.593937e-02"
"   0";"  12";" 0.00";"   -2.772";"granjero";" 9.593937e-02"
"   0";"  12";" 0.00";"   -2.772";"geogebra";" 9.593937e-02"
"   0";"  12";" 0.00";"   -2.772";"fisher";" 9.593937e-02"
"   0";"  12";" 0.00";"   -2.772";"ficar";" 9.593937e-02"
"   0";"  12";" 0.00";"   -2.772";"factura";" 9.593937e-02"
"   0";"  12";" 0.00";"   -2.772";"exponenciales";" 9.593937e-02"
"   0";"  12";" 0.00";"   -2.772";"exionar";" 9.593937e-02"
"   0";"  12";" 0.00";"   -2.772";"euler";" 9.593937e-02"
"   0";"  12";" 0.00";"   -2.772";"escri";" 9.593937e-02"
"   0";"  12";" 0.00";"   -2.772";"escanear";" 9.593937e-02"
"   0";"  12";" 0.00";"   -2.772";"erróneamente";" 9.593937e-02"
"   0";"  12";" 0.00";"   -2.772";"enfoquen";" 9.593937e-02"
"   0";"  12";" 0.00";"   -2.772";"dudar";" 9.593937e-02"
"   0";"  12";" 0.00";"   -2.772";"dimiento";" 9.593937e-02"
"   0";"  12";" 0.00";"   -2.772";"depresión";" 9.593937e-02"
"   0";"  12";" 0.00";"   -2.772";"cíclico";" 9.593937e-02"
"   0";"  12";" 0.00";"   -2.772";"célebre";" 9.593937e-02"
"   0";"  12";" 0.00";"   -2.772";"compresión";" 9.593937e-02"
"   0";"  12";" 0.00";"   -2.772";"chispa";" 9.593937e-02"
"   0";"  12";" 0.00";"   -2.772";"cg3";" 9.593937e-02"
"   0";"  12";" 0.00";"   -2.772";"cartografía";" 9.593937e-02"
"   0";"  12";" 0.00";"   -2.772";"ayudes";" 9.593937e-02"
"   0";"  12";" 0.00";"   -2.772";"asimov";" 9.593937e-02"
"   0";"  12";" 0.00";"   -2.772";"arrancar";" 9.593937e-02"
"   0";"  12";" 0.00";"   -2.772";"analogías";" 9.593937e-02"
"   0";"  12";" 0.00";"   -2.772";"adjetivos";" 9.593937e-02"
"   8";"  72";"11.11";"   -2.768";"extremo";" 9.619195e-02"
"   8";"  72";"11.11";"   -2.768";"reacción";" 9.619195e-02"
"   8";"  72";"11.11";"   -2.768";"utilizarla";" 9.619195e-02"
"   8";"  72";"11.11";"   -2.768";"tiva";" 9.619195e-02"
"   8";"  72";"11.11";"   -2.768";"habilitar";" 9.619195e-02"
"  17";" 130";"13.08";"   -2.761";"colega";" 9.658136e-02"
"   3";"  37";" 8.11";"   -2.757";"desacuerdo";" 9.685568e-02"
"   3";"  37";" 8.11";"   -2.757";"pueblo";" 9.685568e-02"
"   3";"  37";" 8.11";"   -2.757";"alemán";" 9.685568e-02"
"  12";"  98";"12.24";"   -2.734";"et";" 9.822377e-02"
"  10";"  85";"11.76";"   -2.733";"estadounidense";" 9.827352e-02"
"   7";"  65";"10.77";"   -2.727";"venta";" 9.869303e-02"
"   7";"  65";"10.77";"   -2.727";"funcional";" 9.869303e-02"
" 210";"1239";"16.95";"   -2.716";"integrar";" 9.935296e-02"
"  15";" 117";"12.82";"   -2.714";"justificar";" 9.948694e-02"
"   4";"  44";" 9.09";"   -2.701";"servidor";" 1.002590e-01"
"   1";"  21";" 4.76";"   -2.701";"mishra";" 1.002767e-01"
"   4";"  44";" 9.09";"   -2.701";"desafiante";" 1.002590e-01"
"   4";"  44";" 9.09";"   -2.701";"revolucionario";" 1.002590e-01"
"   4";"  44";" 9.09";"   -2.701";"educati";" 1.002590e-01"
"   1";"  21";" 4.76";"   -2.701";"cori";" 1.002767e-01"
"   1";"  21";" 4.76";"   -2.701";"arquitectónico";" 1.002767e-01"
"   1";"  21";" 4.76";"   -2.701";"conver";" 1.002767e-01"
"   1";"  21";" 4.76";"   -2.701";"descomposición";" 1.002767e-01"
"   1";"  21";" 4.76";"   -2.701";"terremoto";" 1.002767e-01"
"   1";"  21";" 4.76";"   -2.701";"pedagó";" 1.002767e-01"
"   1";"  21";" 4.76";"   -2.701";"oponer";" 1.002767e-01"
"   1";"  21";" 4.76";"   -2.701";"maravilloso";" 1.002767e-01"
"   1";"  21";" 4.76";"   -2.701";"descifrar";" 1.002767e-01"
"   1";"  21";" 4.76";"   -2.701";"campeón";" 1.002767e-01"
"   1";"  21";" 4.76";"   -2.701";"alarma";" 1.002767e-01"
"   1";"  21";" 4.76";"   -2.701";"abajo";" 1.002767e-01"
"   1";"  21";" 4.76";"   -2.701";"samiento";" 1.002767e-01"
"   1";"  21";" 4.76";"   -2.701";"potencian";" 1.002767e-01"
"   1";"  21";" 4.76";"   -2.701";"geométrico";" 1.002767e-01"
"   1";"  21";" 4.76";"   -2.701";"autoestima";" 1.002767e-01"
"   6";"  58";"10.34";"   -2.698";"code";" 1.004808e-01"
"   6";"  58";"10.34";"   -2.698";"espe";" 1.004808e-01"
"   5";"  51";" 9.80";"   -2.687";"río";" 1.011864e-01"
"   5";"  51";" 9.80";"   -2.687";"interior";" 1.011864e-01"
"   5";"  51";" 9.80";"   -2.687";"rea";" 1.011864e-01"
"   5";"  51";" 9.80";"   -2.687";"raro";" 1.011864e-01"
"   2";"  29";" 6.90";"   -2.680";"parental";" 1.016398e-01"
"   2";"  29";" 6.90";"   -2.680";"ces";" 1.016398e-01"
"   2";"  29";" 6.90";"   -2.680";"visibilidad";" 1.016398e-01"
"   2";"  29";" 6.90";"   -2.680";"losestudiantes";" 1.016398e-01"
"   2";"  29";" 6.90";"   -2.680";"sexto";" 1.016398e-01"
"   2";"  29";" 6.90";"   -2.680";"replantear";" 1.016398e-01"
"   2";"  29";" 6.90";"   -2.680";"replanteamiento";" 1.016398e-01"
"   2";"  29";" 6.90";"   -2.680";"parar";" 1.016398e-01"
"   2";"  29";" 6.90";"   -2.680";"intelecto";" 1.016398e-01"
"   2";"  29";" 6.90";"   -2.680";"integrarla";" 1.016398e-01"
"  13";" 104";"12.50";"   -2.679";"redefinir";" 1.016769e-01"
"   9";"  78";"11.54";"   -2.673";"infor";" 1.020750e-01"
"  67";" 427";"15.69";"   -2.657";"pesar";" 1.030951e-01"
"  18";" 135";"13.33";"   -2.615";"distribuir";" 1.058809e-01"
"  12";"  97";"12.37";"   -2.602";"editor";" 1.067032e-01"
"  31";" 214";"14.49";"   -2.574";"revelar";" 1.086225e-01"
"   3";"  36";" 8.33";"   -2.570";"smart";" 1.089195e-01"
"   3";"  36";" 8.33";"   -2.570";"impreso";" 1.089195e-01"
"   3";"  36";" 8.33";"   -2.570";"pla";" 1.089195e-01"
"   3";"  36";" 8.33";"   -2.570";"burbuja";" 1.089195e-01"
"   3";"  36";" 8.33";"   -2.570";"simultáneo";" 1.089195e-01"
"   3";"  36";" 8.33";"   -2.570";"inscribir";" 1.089195e-01"
"   3";"  36";" 8.33";"   -2.570";"fascinante";" 1.089195e-01"
"  16";" 122";"13.11";"   -2.557";"fiabilidad";" 1.098387e-01"
"   0";"  11";" 0.00";"   -2.541";"neural";" 1.109410e-01"
"   0";"  11";" 0.00";"   -2.541";"speech";" 1.109410e-01"
"   0";"  11";" 0.00";"   -2.541";"mining";" 1.109410e-01"
"   0";"  11";" 0.00";"   -2.541";"qr";" 1.109410e-01"
"   0";"  11";" 0.00";"   -2.541";"back";" 1.109410e-01"
"   0";"  11";" 0.00";"   -2.541";"shot";" 1.109410e-01"
"   0";"  11";" 0.00";"   -2.541";"min";" 1.109410e-01"
"   0";"  11";" 0.00";"   -2.541";"dolor";" 1.109410e-01"
"   0";"  11";" 0.00";"   -2.541";"mayer";" 1.109410e-01"
"   0";"  11";" 0.00";"   -2.541";"maps";" 1.109410e-01"
"   0";"  11";" 0.00";"   -2.541";"pwc";" 1.109410e-01"
"   0";"  11";" 0.00";"   -2.541";"monte";" 1.109410e-01"
"   0";"  11";" 0.00";"   -2.541";"moderation";" 1.109410e-01"
"   0";"  11";" 0.00";"   -2.541";"dede";" 1.109410e-01"
"   0";"  11";" 0.00";"   -2.541";"weizenbaum";" 1.109410e-01"
"   0";"  11";" 0.00";"   -2.541";"hinton";" 1.109410e-01"
"   0";"  11";" 0.00";"   -2.541";"connected";" 1.109410e-01"
"   0";"  11";" 0.00";"   -2.541";"sd";" 1.109410e-01"
"   0";"  11";" 0.00";"   -2.541";"quillbot";" 1.109410e-01"
"   0";"  11";" 0.00";"   -2.541";"repetitividad";" 1.109410e-01"
"   0";"  11";" 0.00";"   -2.541";"quizbot";" 1.109410e-01"
"   0";"  11";" 0.00";"   -2.541";"pop";" 1.109410e-01"
"   0";"  11";" 0.00";"   -2.541";"run";" 1.109410e-01"
"   0";"  11";" 0.00";"   -2.541";"relatividad";" 1.109410e-01"
"   0";"  11";" 0.00";"   -2.541";"ios";" 1.109410e-01"
"   0";"  11";" 0.00";"   -2.541";"hipoteca";" 1.109410e-01"
"   0";"  11";" 0.00";"   -2.541";"gptzero";" 1.109410e-01"
"   0";"  11";" 0.00";"   -2.541";"depósito";" 1.109410e-01"
"   0";"  11";" 0.00";"   -2.541";"codificador";" 1.109410e-01"
"   0";"  11";" 0.00";"   -2.541";"cinematográfico";" 1.109410e-01"
"   0";"  11";" 0.00";"   -2.541";"prowritingaid";" 1.109410e-01"
"   0";"  11";" 0.00";"   -2.541";"ouyang";" 1.109410e-01"
"   0";"  11";" 0.00";"   -2.541";"mini";" 1.109410e-01"
"   0";"  11";" 0.00";"   -2.541";"liz";" 1.109410e-01"
"   0";"  11";" 0.00";"   -2.541";"lewis";" 1.109410e-01"
"   0";"  11";" 0.00";"   -2.541";"jigsaw";" 1.109410e-01"
"   0";"  11";" 0.00";"   -2.541";"iceberg";" 1.109410e-01"
"   0";"  11";" 0.00";"   -2.541";"franja";" 1.109410e-01"
"   0";"  11";" 0.00";"   -2.541";"sussex";" 1.109410e-01"
"   0";"  11";" 0.00";"   -2.541";"primavera";" 1.109410e-01"
"   0";"  11";" 0.00";"   -2.541";"nps";" 1.109410e-01"
"   0";"  11";" 0.00";"   -2.541";"nightcafe";" 1.109410e-01"
"   0";"  11";" 0.00";"   -2.541";"nearpod";" 1.109410e-01"
"   0";"  11";" 0.00";"   -2.541";"invadir";" 1.109410e-01"
"   0";"  11";" 0.00";"   -2.541";"hive";" 1.109410e-01"
"   0";"  11";" 0.00";"   -2.541";"guionistas";" 1.109410e-01"
"   0";"  11";" 0.00";"   -2.541";"eaes";" 1.109410e-01"
"   0";"  11";" 0.00";"   -2.541";"detector";" 1.109410e-01"
"   0";"  11";" 0.00";"   -2.541";"culpar";" 1.109410e-01"
"   0";"  11";" 0.00";"   -2.541";"carlab";" 1.109410e-01"
"   0";"  11";" 0.00";"   -2.541";"bioinformática";" 1.109410e-01"
"   0";"  11";" 0.00";"   -2.541";"asistivas";" 1.109410e-01"
"   0";"  11";" 0.00";"   -2.541";"verificador";" 1.109410e-01"
"   0";"  11";" 0.00";"   -2.541";"varianza";" 1.109410e-01"
"   0";"  11";" 0.00";"   -2.541";"tuits";" 1.109410e-01"
"   0";"  11";" 0.00";"   -2.541";"trucar";" 1.109410e-01"
"   0";"  11";" 0.00";"   -2.541";"triste";" 1.109410e-01"
"   0";"  11";" 0.00";"   -2.541";"tribunal";" 1.109410e-01"
"   0";"  11";" 0.00";"   -2.541";"trazo";" 1.109410e-01"
"   0";"  11";" 0.00";"   -2.541";"testigo";" 1.109410e-01"
"   0";"  11";" 0.00";"   -2.541";"sim";" 1.109410e-01"
"   0";"  11";" 0.00";"   -2.541";"sangre";" 1.109410e-01"
"   0";"  11";" 0.00";"   -2.541";"recrear";" 1.109410e-01"
"   0";"  11";" 0.00";"   -2.541";"protestar";" 1.109410e-01"
"   0";"  11";" 0.00";"   -2.541";"moustakás";" 1.109410e-01"
"   0";"  11";" 0.00";"   -2.541";"magic";" 1.109410e-01"
"   0";"  11";" 0.00";"   -2.541";"interrogador";" 1.109410e-01"
"   0";"  11";" 0.00";"   -2.541";"internalización";" 1.109410e-01"
"   0";"  11";" 0.00";"   -2.541";"innecesarias";" 1.109410e-01"
"   0";"  11";" 0.00";"   -2.541";"impreciso";" 1.109410e-01"
"   0";"  11";" 0.00";"   -2.541";"impactó";" 1.109410e-01"
"   0";"  11";" 0.00";"   -2.541";"huelga";" 1.109410e-01"
"   0";"  11";" 0.00";"   -2.541";"gol";" 1.109410e-01"
"   0";"  11";" 0.00";"   -2.541";"focales";" 1.109410e-01"
"   0";"  11";" 0.00";"   -2.541";"finito";" 1.109410e-01"
"   0";"  11";" 0.00";"   -2.541";"etiquetadas";" 1.109410e-01"
"   0";"  11";" 0.00";"   -2.541";"empeño";" 1.109410e-01"
"   0";"  11";" 0.00";"   -2.541";"edmon";" 1.109410e-01"
"   0";"  11";" 0.00";"   -2.541";"dialógicas";" 1.109410e-01"
"   0";"  11";" 0.00";"   -2.541";"cuela";" 1.109410e-01"
"   0";"  11";" 0.00";"   -2.541";"cortar";" 1.109410e-01"
"   0";"  11";" 0.00";"   -2.541";"convolucionales";" 1.109410e-01"
"   0";"  11";" 0.00";"   -2.541";"cinturón";" 1.109410e-01"
"   0";"  11";" 0.00";"   -2.541";"chrome";" 1.109410e-01"
"   0";"  11";" 0.00";"   -2.541";"cantar";" 1.109410e-01"
"   0";"  11";" 0.00";"   -2.541";"burro";" 1.109410e-01"
"   0";"  11";" 0.00";"   -2.541";"bienvenida";" 1.109410e-01"
"   0";"  11";" 0.00";"   -2.541";"apretar";" 1.109410e-01"
"   0";"  11";" 0.00";"   -2.541";"antelación";" 1.109410e-01"
"   0";"  11";" 0.00";"   -2.541";"acrónimo";" 1.109410e-01"
"   0";"  11";" 0.00";"   -2.541";"2chatbots";" 1.109410e-01"
"   0";"  11";" 0.00";"   -2.541";"tente";" 1.109410e-01"
"   0";"  11";" 0.00";"   -2.541";"subestimar";" 1.109410e-01"
"   0";"  11";" 0.00";"   -2.541";"sonalización";" 1.109410e-01"
"   0";"  11";" 0.00";"   -2.541";"sobreajuste";" 1.109410e-01"
"   0";"  11";" 0.00";"   -2.541";"sinapsis";" 1.109410e-01"
"   0";"  11";" 0.00";"   -2.541";"seguidamente";" 1.109410e-01"
"   0";"  11";" 0.00";"   -2.541";"segui";" 1.109410e-01"
"   0";"  11";" 0.00";"   -2.541";"rrollar";" 1.109410e-01"
"   0";"  11";" 0.00";"   -2.541";"revés";" 1.109410e-01"
"   0";"  11";" 0.00";"   -2.541";"retropropagación";" 1.109410e-01"
"   0";"  11";" 0.00";"   -2.541";"reticencia";" 1.109410e-01"
"   0";"  11";" 0.00";"   -2.541";"recordatorio";" 1.109410e-01"
"   0";"  11";" 0.00";"   -2.541";"reas";" 1.109410e-01"
"   0";"  11";" 0.00";"   -2.541";"prueben";" 1.109410e-01"
"   0";"  11";" 0.00";"   -2.541";"probabilística";" 1.109410e-01"
"   0";"  11";" 0.00";"   -2.541";"preestablecidas";" 1.109410e-01"
"   0";"  11";" 0.00";"   -2.541";"plausible";" 1.109410e-01"
"   0";"  11";" 0.00";"   -2.541";"persuasiva";" 1.109410e-01"
"   0";"  11";" 0.00";"   -2.541";"oralidad";" 1.109410e-01"
"   0";"  11";" 0.00";"   -2.541";"optimi";" 1.109410e-01"
"   0";"  11";" 0.00";"   -2.541";"mien";" 1.109410e-01"
"   0";"  11";" 0.00";"   -2.541";"metodolo";" 1.109410e-01"
"   0";"  11";" 0.00";"   -2.541";"laciones";" 1.109410e-01"
"   0";"  11";" 0.00";"   -2.541";"kasparov";" 1.109410e-01"
"   0";"  11";" 0.00";"   -2.541";"intuitivas";" 1.109410e-01"
"   0";"  11";" 0.00";"   -2.541";"indicarle";" 1.109410e-01"
"   0";"  11";" 0.00";"   -2.541";"humanoides";" 1.109410e-01"
"   0";"  11";" 0.00";"   -2.541";"hueco";" 1.109410e-01"
"   0";"  11";" 0.00";"   -2.541";"histo";" 1.109410e-01"
"   0";"  11";" 0.00";"   -2.541";"hiperactividad";" 1.109410e-01"
"   0";"  11";" 0.00";"   -2.541";"herencia";" 1.109410e-01"
"   0";"  11";" 0.00";"   -2.541";"greso";" 1.109410e-01"
"   0";"  11";" 0.00";"   -2.541";"gravedad";" 1.109410e-01"
"   0";"  11";" 0.00";"   -2.541";"gofai";" 1.109410e-01"
"   0";"  11";" 0.00";"   -2.541";"gamificadas";" 1.109410e-01"
"   0";"  11";" 0.00";"   -2.541";"fabricante";" 1.109410e-01"
"   0";"  11";" 0.00";"   -2.541";"extracurriculares";" 1.109410e-01"
"   0";"  11";" 0.00";"   -2.541";"expre";" 1.109410e-01"
"   0";"  11";" 0.00";"   -2.541";"dudoso";" 1.109410e-01"
"   0";"  11";" 0.00";"   -2.541";"disco";" 1.109410e-01"
"   0";"  11";" 0.00";"   -2.541";"dimensionalidad";" 1.109410e-01"
"   0";"  11";" 0.00";"   -2.541";"didác";" 1.109410e-01"
"   0";"  11";" 0.00";"   -2.541";"descrip";" 1.109410e-01"
"   0";"  11";" 0.00";"   -2.541";"descontextualizadas";" 1.109410e-01"
"   0";"  11";" 0.00";"   -2.541";"depurar";" 1.109410e-01"
"   0";"  11";" 0.00";"   -2.541";"criminalidad";" 1.109410e-01"
"   0";"  11";" 0.00";"   -2.541";"cosecha";" 1.109410e-01"
"   0";"  11";" 0.00";"   -2.541";"condensar";" 1.109410e-01"
"   0";"  11";" 0.00";"   -2.541";"concordar";" 1.109410e-01"
"   0";"  11";" 0.00";"   -2.541";"computar";" 1.109410e-01"
"   0";"  11";" 0.00";"   -2.541";"clasificador";" 1.109410e-01"
"   0";"  11";" 0.00";"   -2.541";"cidades";" 1.109410e-01"
"   0";"  11";" 0.00";"   -2.541";"bulos";" 1.109410e-01"
"   0";"  11";" 0.00";"   -2.541";"brújula";" 1.109410e-01"
"   0";"  11";" 0.00";"   -2.541";"bidimensional";" 1.109410e-01"
"   0";"  11";" 0.00";"   -2.541";"beneficiosas";" 1.109410e-01"
"   0";"  11";" 0.00";"   -2.541";"bach";" 1.109410e-01"
"   0";"  11";" 0.00";"   -2.541";"azúcar";" 1.109410e-01"
"   0";"  11";" 0.00";"   -2.541";"atrever";" 1.109410e-01"
"   0";"  11";" 0.00";"   -2.541";"antemano";" 1.109410e-01"
"   0";"  11";" 0.00";"   -2.541";"ameno";" 1.109410e-01"
"   0";"  11";" 0.00";"   -2.541";"amantar";" 1.109410e-01"
"   0";"  11";" 0.00";"   -2.541";"agilizando";" 1.109410e-01"
"   0";"  11";" 0.00";"   -2.541";"acbp";" 1.109410e-01"
"   0";"  11";" 0.00";"   -2.541";"abstracciones";" 1.109410e-01"
"   6";"  57";"10.53";"   -2.538";"requerimiento";" 1.111188e-01"
"   6";"  57";"10.53";"   -2.538";"borrador";" 1.111188e-01"
"   6";"  57";"10.53";"   -2.538";"candidato";" 1.111188e-01"
"   6";"  57";"10.53";"   -2.538";"abanico";" 1.111188e-01"
"  22";" 159";"13.84";"   -2.536";"consumo";" 1.112845e-01"
"   4";"  43";" 9.30";"   -2.526";"complicar";" 1.119966e-01"
"   4";"  43";" 9.30";"   -2.526";"proce";" 1.119966e-01"
"   5";"  50";"10.00";"   -2.520";"futuroscapítulo";" 1.124125e-01"
"   5";"  50";"10.00";"   -2.520";"romper";" 1.124125e-01"
"  25";" 177";"14.12";"   -2.503";"orden";" 1.136096e-01"
"  90";" 557";"16.16";"   -2.496";"evolución";" 1.141314e-01"
"   1";"  20";" 5.00";"   -2.486";"impar";" 1.148839e-01"
"   1";"  20";" 5.00";"   -2.486";"semi";" 1.148839e-01"
"   1";"  20";" 5.00";"   -2.486";"mode";" 1.148839e-01"
"   1";"  20";" 5.00";"   -2.486";"james";" 1.148839e-01"
"   1";"  20";" 5.00";"   -2.486";"chips";" 1.148839e-01"
"   1";"  20";" 5.00";"   -2.486";"ren";" 1.148839e-01"
"   1";"  20";" 5.00";"   -2.486";"fábrica";" 1.148839e-01"
"   1";"  20";" 5.00";"   -2.486";"sat";" 1.148839e-01"
"   1";"  20";" 5.00";"   -2.486";"url";" 1.148839e-01"
"   1";"  20";" 5.00";"   -2.486";"tragedia";" 1.148839e-01"
"   1";"  20";" 5.00";"   -2.486";"contradicción";" 1.148839e-01"
"   1";"  20";" 5.00";"   -2.486";"comple";" 1.148839e-01"
"   1";"  20";" 5.00";"   -2.486";"vivencia";" 1.148839e-01"
"   1";"  20";" 5.00";"   -2.486";"potenciados";" 1.148839e-01"
"   1";"  20";" 5.00";"   -2.486";"mandar";" 1.148839e-01"
"   1";"  20";" 5.00";"   -2.486";"limpieza";" 1.148839e-01"
"   1";"  20";" 5.00";"   -2.486";"inverso";" 1.148839e-01"
"   1";"  20";" 5.00";"   -2.486";"interactúen";" 1.148839e-01"
"   1";"  20";" 5.00";"   -2.486";"fragmentar";" 1.148839e-01"
"   1";"  20";" 5.00";"   -2.486";"engaño";" 1.148839e-01"
"   2";"  28";" 7.14";"   -2.481";"iot";" 1.152373e-01"
"   2";"  28";" 7.14";"   -2.481";"dorar";" 1.152373e-01"
"   2";"  28";" 7.14";"   -2.481";"ic";" 1.152373e-01"
"   2";"  28";" 7.14";"   -2.481";"inercia";" 1.152373e-01"
"   2";"  28";" 7.14";"   -2.481";"anotación";" 1.152373e-01"
"   2";"  28";" 7.14";"   -2.481";"llamativo";" 1.152373e-01"
"   2";"  28";" 7.14";"   -2.481";"horizontal";" 1.152373e-01"
"   2";"  28";" 7.14";"   -2.481";"tentación";" 1.152373e-01"
"   2";"  28";" 7.14";"   -2.481";"potenciado";" 1.152373e-01"
"   2";"  28";" 7.14";"   -2.481";"meramente";" 1.152373e-01"
"   2";"  28";" 7.14";"   -2.481";"efi";" 1.152373e-01"
"   2";"  28";" 7.14";"   -2.481";"defensor";" 1.152373e-01"
"  13";" 102";"12.75";"   -2.426";"elevar";" 1.193537e-01"
"  37";" 248";"14.92";"   -2.410";"enorme";" 1.205510e-01"
"  68";" 429";"15.85";"   -2.399";"participante";" 1.214398e-01"
"  11";"  89";"12.36";"   -2.396";"sumar";" 1.216337e-01"
"  18";" 133";"13.53";"   -2.389";"potencia";" 1.221862e-01"
"   3";"  35";" 8.57";"   -2.386";"rey";" 1.224558e-01"
"   3";"  35";" 8.57";"   -2.386";"brown";" 1.224558e-01"
"   3";"  35";" 8.57";"   -2.386";"interpersonal";" 1.224558e-01"
"   3";"  35";" 8.57";"   -2.386";"fundador";" 1.224558e-01"
"   3";"  35";" 8.57";"   -2.386";"comunicativas";" 1.224558e-01"
"   3";"  35";" 8.57";"   -2.386";"permi";" 1.224558e-01"
"   3";"  35";" 8.57";"   -2.386";"omnipresente";" 1.224558e-01"
"   3";"  35";" 8.57";"   -2.386";"emocionante";" 1.224558e-01"
"   3";"  35";" 8.57";"   -2.386";"diversificar";" 1.224558e-01"
"   3";"  35";" 8.57";"   -2.386";"convención";" 1.224558e-01"
"   6";"  56";"10.71";"   -2.381";"inmenso";" 1.228083e-01"
" 280";"1620";"17.28";"   -2.373";"posible";" 1.234683e-01"
"   5";"  49";"10.20";"   -2.356";"network";" 1.248151e-01"
"   5";"  49";"10.20";"   -2.356";"metodológica";" 1.248151e-01"
"  49";" 318";"15.41";"   -2.355";"componente";" 1.248451e-01"
"   4";"  42";" 9.52";"   -2.353";"británico";" 1.250527e-01"
"   4";"  42";" 9.52";"   -2.353";"fracaso";" 1.250527e-01"
"  10";"  82";"12.20";"   -2.322";"sexual";" 1.275284e-01"
"  10";"  82";"12.20";"   -2.322";"transporte";" 1.275284e-01"
"   0";"  10";" 0.00";"   -2.310";"reading";" 1.285643e-01"
"   0";"  10";" 0.00";"   -2.310";"platform";" 1.285643e-01"
"   0";"  10";" 0.00";"   -2.310";"forms";" 1.285643e-01"
"   0";"  10";" 0.00";"   -2.310";"voice";" 1.285643e-01"
"   0";"  10";" 0.00";"   -2.310";"sm";" 1.285643e-01"
"   0";"  10";" 0.00";"   -2.310";"ning";" 1.285643e-01"
"   0";"  10";" 0.00";"   -2.310";"rochester";" 1.285643e-01"
"   0";"  10";" 0.00";"   -2.310";"à";" 1.285643e-01"
"   0";"  10";" 0.00";"   -2.310";"carro";" 1.285643e-01"
"   0";"  10";" 0.00";"   -2.310";"her";" 1.285643e-01"
"   0";"  10";" 0.00";"   -2.310";"laberintos";" 1.285643e-01"
"   0";"  10";" 0.00";"   -2.310";"replicate";" 1.285643e-01"
"   0";"  10";" 0.00";"   -2.310";"litera";" 1.285643e-01"
"   0";"  10";" 0.00";"   -2.310";"latour";" 1.285643e-01"
"   0";"  10";" 0.00";"   -2.310";"kings";" 1.285643e-01"
"   0";"  10";" 0.00";"   -2.310";"checking";" 1.285643e-01"
"   0";"  10";" 0.00";"   -2.310";"alegre";" 1.285643e-01"
"   0";"  10";" 0.00";"   -2.310";"tesla";" 1.285643e-01"
"   0";"  10";" 0.00";"   -2.310";"luminoso";" 1.285643e-01"
"   0";"  10";" 0.00";"   -2.310";"lancrin";" 1.285643e-01"
"   0";"  10";" 0.00";"   -2.310";"vosaic";" 1.285643e-01"
"   0";"  10";" 0.00";"   -2.310";"reactivas";" 1.285643e-01"
"   0";"  10";" 0.00";"   -2.310";"playground";" 1.285643e-01"
"   0";"  10";" 0.00";"   -2.310";"originario";" 1.285643e-01"
"   0";"  10";" 0.00";"   -2.310";"mr";" 1.285643e-01"
"   0";"  10";" 0.00";"   -2.310";"lateral";" 1.285643e-01"
"   0";"  10";" 0.00";"   -2.310";"galaxia";" 1.285643e-01"
"   0";"  10";" 0.00";"   -2.310";"cul";" 1.285643e-01"
"   0";"  10";" 0.00";"   -2.310";"cuenti";" 1.285643e-01"
"   0";"  10";" 0.00";"   -2.310";"cuello";" 1.285643e-01"
"   0";"  10";" 0.00";"   -2.310";"codesquire";" 1.285643e-01"
"   0";"  10";" 0.00";"   -2.310";"caballo";" 1.285643e-01"
"   0";"  10";" 0.00";"   -2.310";"rna";" 1.285643e-01"
"   0";"  10";" 0.00";"   -2.310";"questionwell";" 1.285643e-01"
"   0";"  10";" 0.00";"   -2.310";"píxeles";" 1.285643e-01"
"   0";"  10";" 0.00";"   -2.310";"phind";" 1.285643e-01"
"   0";"  10";" 0.00";"   -2.310";"nuñez";" 1.285643e-01"
"   0";"  10";" 0.00";"   -2.310";"millennials";" 1.285643e-01"
"   0";"  10";" 0.00";"   -2.310";"matlab";" 1.285643e-01"
"   0";"  10";" 0.00";"   -2.310";"frankétienne";" 1.285643e-01"
"   0";"  10";" 0.00";"   -2.310";"designer";" 1.285643e-01"
"   0";"  10";" 0.00";"   -2.310";"deepl";" 1.285643e-01"
"   0";"  10";" 0.00";"   -2.310";"comisario";" 1.285643e-01"
"   0";"  10";" 0.00";"   -2.310";"boca";" 1.285643e-01"
"   0";"  10";" 0.00";"   -2.310";"automa";" 1.285643e-01"
"   0";"  10";" 0.00";"   -2.310";"videoconferencias";" 1.285643e-01"
"   0";"  10";" 0.00";"   -2.310";"vario";" 1.285643e-01"
"   0";"  10";" 0.00";"   -2.310";"transferibilidad";" 1.285643e-01"
"   0";"  10";" 0.00";"   -2.310";"teoremas";" 1.285643e-01"
"   0";"  10";" 0.00";"   -2.310";"sir";" 1.285643e-01"
"   0";"  10";" 0.00";"   -2.310";"porquería";" 1.285643e-01"
"   0";"  10";" 0.00";"   -2.310";"paréntesis";" 1.285643e-01"
"   0";"  10";" 0.00";"   -2.310";"partícula";" 1.285643e-01"
"   0";"  10";" 0.00";"   -2.310";"p1";" 1.285643e-01"
"   0";"  10";" 0.00";"   -2.310";"nietzsche";" 1.285643e-01"
"   0";"  10";" 0.00";"   -2.310";"mejorarse";" 1.285643e-01"
"   0";"  10";" 0.00";"   -2.310";"maridaje";" 1.285643e-01"
"   0";"  10";" 0.00";"   -2.310";"locura";" 1.285643e-01"
"   0";"  10";" 0.00";"   -2.310";"leche";" 1.285643e-01"
"   0";"  10";" 0.00";"   -2.310";"generator";" 1.285643e-01"
"   0";"  10";" 0.00";"   -2.310";"fantástico";" 1.285643e-01"
"   0";"  10";" 0.00";"   -2.310";"educamos";" 1.285643e-01"
"   0";"  10";" 0.00";"   -2.310";"disculpa";" 1.285643e-01"
"   0";"  10";" 0.00";"   -2.310";"cómic";" 1.285643e-01"
"   0";"  10";" 0.00";"   -2.310";"constatación";" 1.285643e-01"
"   0";"  10";" 0.00";"   -2.310";"constancia";" 1.285643e-01"
"   0";"  10";" 0.00";"   -2.310";"cenozoica";" 1.285643e-01"
"   0";"  10";" 0.00";"   -2.310";"argumentativo";" 1.285643e-01"
"   0";"  10";" 0.00";"   -2.310";"antidisciplinarios";" 1.285643e-01"
"   0";"  10";" 0.00";"   -2.310";"aburrir";" 1.285643e-01"
"   0";"  10";" 0.00";"   -2.310";"vimeo";" 1.285643e-01"
"   0";"  10";" 0.00";"   -2.310";"usuaria";" 1.285643e-01"
"   0";"  10";" 0.00";"   -2.310";"transformarse";" 1.285643e-01"
"   0";"  10";" 0.00";"   -2.310";"transcurrir";" 1.285643e-01"
"   0";"  10";" 0.00";"   -2.310";"texturas";" 1.285643e-01"
"   0";"  10";" 0.00";"   -2.310";"solver";" 1.285643e-01"
"   0";"  10";" 0.00";"   -2.310";"sintáctico";" 1.285643e-01"
"   0";"  10";" 0.00";"   -2.310";"simplificando";" 1.285643e-01"
"   0";"  10";" 0.00";"   -2.310";"sedentarismo";" 1.285643e-01"
"   0";"  10";" 0.00";"   -2.310";"sapiens";" 1.285643e-01"
"   0";"  10";" 0.00";"   -2.310";"rígidas";" 1.285643e-01"
"   0";"  10";" 0.00";"   -2.310";"récord";" 1.285643e-01"
"   0";"  10";" 0.00";"   -2.310";"riencias";" 1.285643e-01"
"   0";"  10";" 0.00";"   -2.310";"retro";" 1.285643e-01"
"   0";"  10";" 0.00";"   -2.310";"retail";" 1.285643e-01"
"   0";"  10";" 0.00";"   -2.310";"reorientar";" 1.285643e-01"
"   0";"  10";" 0.00";"   -2.310";"reconfigurar";" 1.285643e-01"
"   0";"  10";" 0.00";"   -2.310";"recer";" 1.285643e-01"
"   0";"  10";" 0.00";"   -2.310";"recaudar";" 1.285643e-01"
"   0";"  10";" 0.00";"   -2.310";"preci";" 1.285643e-01"
"   0";"  10";" 0.00";"   -2.310";"pragmático";" 1.285643e-01"
"   0";"  10";" 0.00";"   -2.310";"plejos";" 1.285643e-01"
"   0";"  10";" 0.00";"   -2.310";"pastel";" 1.285643e-01"
"   0";"  10";" 0.00";"   -2.310";"pasaporte";" 1.285643e-01"
"   0";"  10";" 0.00";"   -2.310";"participativas";" 1.285643e-01"
"   0";"  10";" 0.00";"   -2.310";"parafraseo";" 1.285643e-01"
"   0";"  10";" 0.00";"   -2.310";"nocimientos";" 1.285643e-01"
"   0";"  10";" 0.00";"   -2.310";"nados";" 1.285643e-01"
"   0";"  10";" 0.00";"   -2.310";"máticos";" 1.285643e-01"
"   0";"  10";" 0.00";"   -2.310";"máqui";" 1.285643e-01"
"   0";"  10";" 0.00";"   -2.310";"motivadores";" 1.285643e-01"
"   0";"  10";" 0.00";"   -2.310";"modela";" 1.285643e-01"
"   0";"  10";" 0.00";"   -2.310";"manar";" 1.285643e-01"
"   0";"  10";" 0.00";"   -2.310";"mago";" 1.285643e-01"
"   0";"  10";" 0.00";"   -2.310";"magnético";" 1.285643e-01"
"   0";"  10";" 0.00";"   -2.310";"librería";" 1.285643e-01"
"   0";"  10";" 0.00";"   -2.310";"liberación";" 1.285643e-01"
"   0";"  10";" 0.00";"   -2.310";"irrelevantes";" 1.285643e-01"
"   0";"  10";" 0.00";"   -2.310";"incansable";" 1.285643e-01"
"   0";"  10";" 0.00";"   -2.310";"inaccesible";" 1.285643e-01"
"   0";"  10";" 0.00";"   -2.310";"impensable";" 1.285643e-01"
"   0";"  10";" 0.00";"   -2.310";"ias";" 1.285643e-01"
"   0";"  10";" 0.00";"   -2.310";"hipotéticos";" 1.285643e-01"
"   0";"  10";" 0.00";"   -2.310";"haití";" 1.285643e-01"
"   0";"  10";" 0.00";"   -2.310";"focalizar";" 1.285643e-01"
"   0";"  10";" 0.00";"   -2.310";"estudioso";" 1.285643e-01"
"   0";"  10";" 0.00";"   -2.310";"especular";" 1.285643e-01"
"   0";"  10";" 0.00";"   -2.310";"epígrafe";" 1.285643e-01"
"   0";"  10";" 0.00";"   -2.310";"epopeya";" 1.285643e-01"
"   0";"  10";" 0.00";"   -2.310";"epidemia";" 1.285643e-01"
"   0";"  10";" 0.00";"   -2.310";"entusiasmar";" 1.285643e-01"
"   0";"  10";" 0.00";"   -2.310";"entretener";" 1.285643e-01"
"   0";"  10";" 0.00";"   -2.310";"entramado";" 1.285643e-01"
"   0";"  10";" 0.00";"   -2.310";"entor";" 1.285643e-01"
"   0";"  10";" 0.00";"   -2.310";"entendidas";" 1.285643e-01"
"   0";"  10";" 0.00";"   -2.310";"enriquezcan";" 1.285643e-01"
"   0";"  10";" 0.00";"   -2.310";"enfren";" 1.285643e-01"
"   0";"  10";" 0.00";"   -2.310";"emisor";" 1.285643e-01"
"   0";"  10";" 0.00";"   -2.310";"edmodo";" 1.285643e-01"
"   0";"  10";" 0.00";"   -2.310";"distorsionar";" 1.285643e-01"
"   0";"  10";" 0.00";"   -2.310";"difuso";" 1.285643e-01"
"   0";"  10";" 0.00";"   -2.310";"diferenciados";" 1.285643e-01"
"   0";"  10";" 0.00";"   -2.310";"destacable";" 1.285643e-01"
"   0";"  10";" 0.00";"   -2.310";"desaparición";" 1.285643e-01"
"   0";"  10";" 0.00";"   -2.310";"denso";" 1.285643e-01"
"   0";"  10";" 0.00";"   -2.310";"deciencias";" 1.285643e-01"
"   0";"  10";" 0.00";"   -2.310";"danza";" 1.285643e-01"
"   0";"  10";" 0.00";"   -2.310";"curador";" 1.285643e-01"
"   0";"  10";" 0.00";"   -2.310";"cuadrícula";" 1.285643e-01"
"   0";"  10";" 0.00";"   -2.310";"creati";" 1.285643e-01"
"   0";"  10";" 0.00";"   -2.310";"correlacionar";" 1.285643e-01"
"   0";"  10";" 0.00";"   -2.310";"coordenada";" 1.285643e-01"
"   0";"  10";" 0.00";"   -2.310";"conductual";" 1.285643e-01"
"   0";"  10";" 0.00";"   -2.310";"compan";" 1.285643e-01"
"   0";"  10";" 0.00";"   -2.310";"cielo";" 1.285643e-01"
"   0";"  10";" 0.00";"   -2.310";"carpeta";" 1.285643e-01"
"   0";"  10";" 0.00";"   -2.310";"capcut";" 1.285643e-01"
"   0";"  10";" 0.00";"   -2.310";"calma";" 1.285643e-01"
"   0";"  10";" 0.00";"   -2.310";"bonito";" 1.285643e-01"
"   0";"  10";" 0.00";"   -2.310";"avisar";" 1.285643e-01"
"   0";"  10";" 0.00";"   -2.310";"autocorrección";" 1.285643e-01"
"   0";"  10";" 0.00";"   -2.310";"asemejan";" 1.285643e-01"
"   0";"  10";" 0.00";"   -2.310";"ariadna";" 1.285643e-01"
"   0";"  10";" 0.00";"   -2.310";"amarillo";" 1.285643e-01"
"   0";"  10";" 0.00";"   -2.310";"almuerzo";" 1.285643e-01"
"   0";"  10";" 0.00";"   -2.310";"ajus";" 1.285643e-01"
"   0";"  10";" 0.00";"   -2.310";"acp";" 1.285643e-01"
"  82";" 508";"16.14";"   -2.303";"distinto";" 1.290867e-01"
"  26";" 181";"14.36";"   -2.301";"robótica";" 1.292493e-01"
"   2";"  27";" 7.41";"   -2.285";"rincón";" 1.306679e-01"
"   2";"  27";" 7.41";"   -2.285";"sentado";" 1.306679e-01"
"   2";"  27";" 7.41";"   -2.285";"gramas";" 1.306679e-01"
"   2";"  27";" 7.41";"   -2.285";"cáncer";" 1.306679e-01"
"   2";"  27";" 7.41";"   -2.285";"aritmético";" 1.306679e-01"
"   2";"  27";" 7.41";"   -2.285";"trazar";" 1.306679e-01"
"   2";"  27";" 7.41";"   -2.285";"progra";" 1.306679e-01"
"   2";"  27";" 7.41";"   -2.285";"mayor";" 1.306679e-01"
"   2";"  27";" 7.41";"   -2.285";"enriquecimiento";" 1.306679e-01"
"   2";"  27";" 7.41";"   -2.285";"diversificación";" 1.306679e-01"
"   2";"  27";" 7.41";"   -2.285";"comprensibles";" 1.306679e-01"
"   2";"  27";" 7.41";"   -2.285";"asimilar";" 1.306679e-01"
"  18";" 132";"13.64";"   -2.279";"período";" 1.311379e-01"
"   7";"  62";"11.29";"   -2.273";"intermedio";" 1.316845e-01"
"   1";"  19";" 5.26";"   -2.272";"papert";" 1.317339e-01"
"   1";"  19";" 5.26";"   -2.272";"simon";" 1.317339e-01"
"   1";"  19";" 5.26";"   -2.272";"reina";" 1.317339e-01"
"   1";"  19";" 5.26";"   -2.272";"restauración";" 1.317339e-01"
"   1";"  19";" 5.26";"   -2.272";"rezar";" 1.317339e-01"
"   1";"  19";" 5.26";"   -2.272";"matricular";" 1.317339e-01"
"   1";"  19";" 5.26";"   -2.272";"dimh";" 1.317339e-01"
"   1";"  19";" 5.26";"   -2.272";"presencialidad";" 1.317339e-01"
"   1";"  19";" 5.26";"   -2.272";"sores";" 1.317339e-01"
"   1";"  19";" 5.26";"   -2.272";"señanza";" 1.317339e-01"
"   1";"  19";" 5.26";"   -2.272";"propenso";" 1.317339e-01"
"   1";"  19";" 5.26";"   -2.272";"pelota";" 1.317339e-01"
"   1";"  19";" 5.26";"   -2.272";"multilingüe";" 1.317339e-01"
"   1";"  19";" 5.26";"   -2.272";"libremente";" 1.317339e-01"
"   1";"  19";" 5.26";"   -2.272";"cuantitativas";" 1.317339e-01"
"   1";"  19";" 5.26";"   -2.272";"sueco";" 1.317339e-01"
"   1";"  19";" 5.26";"   -2.272";"solventar";" 1.317339e-01"
"   1";"  19";" 5.26";"   -2.272";"ran";" 1.317339e-01"
"   1";"  19";" 5.26";"   -2.272";"predominio";" 1.317339e-01"
"   1";"  19";" 5.26";"   -2.272";"inmersivo";" 1.317339e-01"
"   1";"  19";" 5.26";"   -2.272";"fascinación";" 1.317339e-01"
"   1";"  19";" 5.26";"   -2.272";"espiritual";" 1.317339e-01"
"   1";"  19";" 5.26";"   -2.272";"característico";" 1.317339e-01"
"   9";"  75";"12.00";"   -2.252";"entretenimiento";" 1.334433e-01"
"  20";" 144";"13.89";"   -2.248";"energía";" 1.338243e-01"
"  36";" 240";"15.00";"   -2.235";"aprendizajes";" 1.348927e-01"
"   6";"  55";"10.91";"   -2.227";"estético";" 1.356407e-01"
"   6";"  55";"10.91";"   -2.227";"predictiva";" 1.356407e-01"
"   6";"  55";"10.91";"   -2.227";"constar";" 1.356407e-01"
"  34";" 228";"14.91";"   -2.223";"crecer";" 1.359385e-01"
"   3";"  34";" 8.82";"   -2.204";"durar";" 1.376365e-01"
"   3";"  34";" 8.82";"   -2.204";"destinatario";" 1.376365e-01"
"   3";"  34";" 8.82";"   -2.204";"cuesta";" 1.376365e-01"
"   3";"  34";" 8.82";"   -2.204";"porcentual";" 1.376365e-01"
"   3";"  34";" 8.82";"   -2.204";"individualmente";" 1.376365e-01"
"   3";"  34";" 8.82";"   -2.204";"costoso";" 1.376365e-01"
"   5";"  48";"10.42";"   -2.194";"rojo";" 1.385049e-01"
"   5";"  48";"10.42";"   -2.194";"cons";" 1.385049e-01"
"   5";"  48";"10.42";"   -2.194";"matiz";" 1.385049e-01"
"  10";"  81";"12.35";"   -2.190";"allí";" 1.389098e-01"
"   8";"  68";"11.76";"   -2.186";"tar";" 1.392554e-01"
"   4";"  41";" 9.76";"   -2.183";"diagnosticar";" 1.395640e-01"
"   4";"  41";" 9.76";"   -2.183";"novedosas";" 1.395640e-01"
"  11";"  87";"12.64";"   -2.139";"típico";" 1.435995e-01"
"  33";" 221";"14.93";"   -2.133";"per";" 1.441853e-01"
"  31";" 209";"14.83";"   -2.123";"meta";" 1.451178e-01"
"  15";" 112";"13.39";"   -2.121";"asignación";" 1.452712e-01"
"  30";" 203";"14.78";"   -2.119";"partida";" 1.454807e-01"
"   9";"  74";"12.16";"   -2.117";"aislar";" 1.457071e-01"
"  41";" 268";"15.30";"   -2.116";"computacional";" 1.457269e-01"
"  26";" 179";"14.53";"   -2.113";"big";" 1.460645e-01"
"  12";"  93";"12.90";"   -2.097";"efectivamente";" 1.476123e-01"
"   2";"  26";" 7.69";"   -2.091";"adjunto";" 1.481795e-01"
"   2";"  26";" 7.69";"   -2.091";"desarrollamos";" 1.481795e-01"
"   2";"  26";" 7.69";"   -2.091";"contextualizado";" 1.481795e-01"
"   2";"  26";" 7.69";"   -2.091";"aleatorio";" 1.481795e-01"
"   2";"  26";" 7.69";"   -2.091";"tencias";" 1.481795e-01"
"   2";"  26";" 7.69";"   -2.091";"prender";" 1.481795e-01"
"   2";"  26";" 7.69";"   -2.091";"novedoso";" 1.481795e-01"
"   2";"  26";" 7.69";"   -2.091";"fármaco";" 1.481795e-01"
"   2";"  26";" 7.69";"   -2.091";"concep";" 1.481795e-01"
"   2";"  26";" 7.69";"   -2.091";"arraigar";" 1.481795e-01"
"  17";" 124";"13.71";"   -2.080";"operar";" 1.492572e-01"
"   0";"   9";" 0.00";"   -2.079";"networks";" 1.493624e-01"
"   0";"   9";" 0.00";"   -2.079";"works";" 1.493624e-01"
"   0";"   9";" 0.00";"   -2.079";"brain";" 1.493624e-01"
"   0";"   9";" 0.00";"   -2.079";"write";" 1.493624e-01"
"   0";"   9";" 0.00";"   -2.079";"allen";" 1.493624e-01"
"   0";"   9";" 0.00";"   -2.079";"seq";" 1.493624e-01"
"   0";"   9";" 0.00";"   -2.079";"translation";" 1.493624e-01"
"   0";"   9";" 0.00";"   -2.079";"davis";" 1.493624e-01"
"   0";"   9";" 0.00";"   -2.079";"bruno";" 1.493624e-01"
"   0";"   9";" 0.00";"   -2.079";"suplantar";" 1.493624e-01"
"   0";"   9";" 0.00";"   -2.079";"cs";" 1.493624e-01"
"   0";"   9";" 0.00";"   -2.079";"rosenblatt";" 1.493624e-01"
"   0";"   9";" 0.00";"   -2.079";"prize";" 1.493624e-01"
"   0";"   9";" 0.00";"   -2.079";"picasso";" 1.493624e-01"
"   0";"   9";" 0.00";"   -2.079";"animaker";" 1.493624e-01"
"   0";"   9";" 0.00";"   -2.079";"rana";" 1.493624e-01"
"   0";"   9";" 0.00";"   -2.079";"museum";" 1.493624e-01"
"   0";"   9";" 0.00";"   -2.079";"mp";" 1.493624e-01"
"   0";"   9";" 0.00";"   -2.079";"ferran";" 1.493624e-01"
"   0";"   9";" 0.00";"   -2.079";"alexander";" 1.493624e-01"
"   0";"   9";" 0.00";"   -2.079";"webb";" 1.493624e-01"
"   0";"   9";" 0.00";"   -2.079";"traje";" 1.493624e-01"
"   0";"   9";" 0.00";"   -2.079";"tps";" 1.493624e-01"
"   0";"   9";" 0.00";"   -2.079";"tokens";" 1.493624e-01"
"   0";"   9";" 0.00";"   -2.079";"hofer";" 1.493624e-01"
"   0";"   9";" 0.00";"   -2.079";"fsm";" 1.493624e-01"
"   0";"   9";" 0.00";"   -2.079";"dweck";" 1.493624e-01"
"   0";"   9";" 0.00";"   -2.079";"canto";" 1.493624e-01"
"   0";"   9";" 0.00";"   -2.079";"boden";" 1.493624e-01"
"   0";"   9";" 0.00";"   -2.079";"baidu";" 1.493624e-01"
"   0";"   9";" 0.00";"   -2.079";"zapateros";" 1.493624e-01"
"   0";"   9";" 0.00";"   -2.079";"sócrates";" 1.493624e-01"
"   0";"   9";" 0.00";"   -2.079";"sobreviviente";" 1.493624e-01"
"   0";"   9";" 0.00";"   -2.079";"robótico";" 1.493624e-01"
"   0";"   9";" 0.00";"   -2.079";"proclamar";" 1.493624e-01"
"   0";"   9";" 0.00";"   -2.079";"peach";" 1.493624e-01"
"   0";"   9";" 0.00";"   -2.079";"parar|parir";" 1.493624e-01"
"   0";"   9";" 0.00";"   -2.079";"lec";" 1.493624e-01"
"   0";"   9";" 0.00";"   -2.079";"hotel";" 1.493624e-01"
"   0";"   9";" 0.00";"   -2.079";"granja";" 1.493624e-01"
"   0";"   9";" 0.00";"   -2.079";"gigabytes";" 1.493624e-01"
"   0";"   9";" 0.00";"   -2.079";"fliki";" 1.493624e-01"
"   0";"   9";" 0.00";"   -2.079";"discriminador";" 1.493624e-01"
"   0";"   9";" 0.00";"   -2.079";"clustering";" 1.493624e-01"
"   0";"   9";" 0.00";"   -2.079";"clarificación";" 1.493624e-01"
"   0";"   9";" 0.00";"   -2.079";"arce";" 1.493624e-01"
"   0";"   9";" 0.00";"   -2.079";"árbitro";" 1.493624e-01"
"   0";"   9";" 0.00";"   -2.079";"xvii";" 1.493624e-01"
"   0";"   9";" 0.00";"   -2.079";"x2";" 1.493624e-01"
"   0";"   9";" 0.00";"   -2.079";"vante";" 1.493624e-01"
"   0";"   9";" 0.00";"   -2.079";"vaca";" 1.493624e-01"
"   0";"   9";" 0.00";"   -2.079";"ucrania";" 1.493624e-01"
"   0";"   9";" 0.00";"   -2.079";"tumor";" 1.493624e-01"
"   0";"   9";" 0.00";"   -2.079";"transpor";" 1.493624e-01"
"   0";"   9";" 0.00";"   -2.079";"tinkercad";" 1.493624e-01"
"   0";"   9";" 0.00";"   -2.079";"testeo";" 1.493624e-01"
"   0";"   9";" 0.00";"   -2.079";"starnone";" 1.493624e-01"
"   0";"   9";" 0.00";"   -2.079";"semilla";" 1.493624e-01"
"   0";"   9";" 0.00";"   -2.079";"propón";" 1.493624e-01"
"   0";"   9";" 0.00";"   -2.079";"platón";" 1.493624e-01"
"   0";"   9";" 0.00";"   -2.079";"palo";" 1.493624e-01"
"   0";"   9";" 0.00";"   -2.079";"nariz";" 1.493624e-01"
"   0";"   9";" 0.00";"   -2.079";"musk";" 1.493624e-01"
"   0";"   9";" 0.00";"   -2.079";"mendeley";" 1.493624e-01"
"   0";"   9";" 0.00";"   -2.079";"latentes";" 1.493624e-01"
"   0";"   9";" 0.00";"   -2.079";"knewton";" 1.493624e-01"
"   0";"   9";" 0.00";"   -2.079";"klint";" 1.493624e-01"
"   0";"   9";" 0.00";"   -2.079";"kant";" 1.493624e-01"
"   0";"   9";" 0.00";"   -2.079";"juntar";" 1.493624e-01"
"   0";"   9";" 0.00";"   -2.079";"interrogación";" 1.493624e-01"
"   0";"   9";" 0.00";"   -2.079";"infalible";" 1.493624e-01"
"   0";"   9";" 0.00";"   -2.079";"incitación";" 1.493624e-01"
"   0";"   9";" 0.00";"   -2.079";"héroe";" 1.493624e-01"
"   0";"   9";" 0.00";"   -2.079";"hollywood";" 1.493624e-01"
"   0";"   9";" 0.00";"   -2.079";"harina";" 1.493624e-01"
"   0";"   9";" 0.00";"   -2.079";"fácticos";" 1.493624e-01"
"   0";"   9";" 0.00";"   -2.079";"enojar";" 1.493624e-01"
"   0";"   9";" 0.00";"   -2.079";"elevenlabs";" 1.493624e-01"
"   0";"   9";" 0.00";"   -2.079";"decodificador";" 1.493624e-01"
"   0";"   9";" 0.00";"   -2.079";"cómics";" 1.493624e-01"
"   0";"   9";" 0.00";"   -2.079";"comprador";" 1.493624e-01"
"   0";"   9";" 0.00";"   -2.079";"berners";" 1.493624e-01"
"   0";"   9";" 0.00";"   -2.079";"autómatas";" 1.493624e-01"
"   0";"   9";" 0.00";"   -2.079";"antropoceno";" 1.493624e-01"
"   0";"   9";" 0.00";"   -2.079";"acompañante";" 1.493624e-01"
"   0";"   9";" 0.00";"   -2.079";"5chatbots";" 1.493624e-01"
"   0";"   9";" 0.00";"   -2.079";"wifi";" 1.493624e-01"
"   0";"   9";" 0.00";"   -2.079";"waze";" 1.493624e-01"
"   0";"   9";" 0.00";"   -2.079";"videoconferencia";" 1.493624e-01"
"   0";"   9";" 0.00";"   -2.079";"vengar|venir";" 1.493624e-01"
"   0";"   9";" 0.00";"   -2.079";"ultra";" 1.493624e-01"
"   0";"   9";" 0.00";"   -2.079";"típicamente";" 1.493624e-01"
"   0";"   9";" 0.00";"   -2.079";"tuar";" 1.493624e-01"
"   0";"   9";" 0.00";"   -2.079";"troalimentación";" 1.493624e-01"
"   0";"   9";" 0.00";"   -2.079";"trar";" 1.493624e-01"
"   0";"   9";" 0.00";"   -2.079";"trada";" 1.493624e-01"
"   0";"   9";" 0.00";"   -2.079";"trabajados";" 1.493624e-01"
"   0";"   9";" 0.00";"   -2.079";"topar";" 1.493624e-01"
"   0";"   9";" 0.00";"   -2.079";"tomático";" 1.493624e-01"
"   0";"   9";" 0.00";"   -2.079";"termostato";" 1.493624e-01"
"   0";"   9";" 0.00";"   -2.079";"telegrama";" 1.493624e-01"
"   0";"   9";" 0.00";"   -2.079";"taza";" 1.493624e-01"
"   0";"   9";" 0.00";"   -2.079";"sucesión";" 1.493624e-01"
"   0";"   9";" 0.00";"   -2.079";"solucio";" 1.493624e-01"
"   0";"   9";" 0.00";"   -2.079";"sobresaliente";" 1.493624e-01"
"   0";"   9";" 0.00";"   -2.079";"sentación";" 1.493624e-01"
"   0";"   9";" 0.00";"   -2.079";"sensato";" 1.493624e-01"
"   0";"   9";" 0.00";"   -2.079";"scientia";" 1.493624e-01"
"   0";"   9";" 0.00";"   -2.079";"satis";" 1.493624e-01"
"   0";"   9";" 0.00";"   -2.079";"retroa";" 1.493624e-01"
"   0";"   9";" 0.00";"   -2.079";"relacionarnos";" 1.493624e-01"
"   0";"   9";" 0.00";"   -2.079";"relacionamos";" 1.493624e-01"
"   0";"   9";" 0.00";"   -2.079";"reinventarse";" 1.493624e-01"
"   0";"   9";" 0.00";"   -2.079";"ratón";" 1.493624e-01"
"   0";"   9";" 0.00";"   -2.079";"príncipe";" 1.493624e-01"
"   0";"   9";" 0.00";"   -2.079";"progre";" 1.493624e-01"
"   0";"   9";" 0.00";"   -2.079";"pregúnteles";" 1.493624e-01"
"   0";"   9";" 0.00";"   -2.079";"predictores";" 1.493624e-01"
"   0";"   9";" 0.00";"   -2.079";"persuadir";" 1.493624e-01"
"   0";"   9";" 0.00";"   -2.079";"personalizan";" 1.493624e-01"
"   0";"   9";" 0.00";"   -2.079";"pelo";" 1.493624e-01"
"   0";"   9";" 0.00";"   -2.079";"paráfrasis";" 1.493624e-01"
"   0";"   9";" 0.00";"   -2.079";"pala";" 1.493624e-01"
"   0";"   9";" 0.00";"   -2.079";"pacidad";" 1.493624e-01"
"   0";"   9";" 0.00";"   -2.079";"optimizadas";" 1.493624e-01"
"   0";"   9";" 0.00";"   -2.079";"optimice";" 1.493624e-01"
"   0";"   9";" 0.00";"   -2.079";"onda";" 1.493624e-01"
"   0";"   9";" 0.00";"   -2.079";"omnis";" 1.493624e-01"
"   0";"   9";" 0.00";"   -2.079";"nótese";" 1.493624e-01"
"   0";"   9";" 0.00";"   -2.079";"normalidad";" 1.493624e-01"
"   0";"   9";" 0.00";"   -2.079";"nobel";" 1.493624e-01"
"   0";"   9";" 0.00";"   -2.079";"nevera";" 1.493624e-01"
"   0";"   9";" 0.00";"   -2.079";"naranja";" 1.493624e-01"
"   0";"   9";" 0.00";"   -2.079";"modi";" 1.493624e-01"
"   0";"   9";" 0.00";"   -2.079";"miten";" 1.493624e-01"
"   0";"   9";" 0.00";"   -2.079";"midan";" 1.493624e-01"
"   0";"   9";" 0.00";"   -2.079";"menes";" 1.493624e-01"
"   0";"   9";" 0.00";"   -2.079";"medible";" 1.493624e-01"
"   0";"   9";" 0.00";"   -2.079";"llar";" 1.493624e-01"
"   0";"   9";" 0.00";"   -2.079";"lizan";" 1.493624e-01"
"   0";"   9";" 0.00";"   -2.079";"lizada";" 1.493624e-01"
"   0";"   9";" 0.00";"   -2.079";"limentación";" 1.493624e-01"
"   0";"   9";" 0.00";"   -2.079";"jeopardy";" 1.493624e-01"
"   0";"   9";" 0.00";"   -2.079";"intuitivo";" 1.493624e-01"
"   0";"   9";" 0.00";"   -2.079";"interacti";" 1.493624e-01"
"   0";"   9";" 0.00";"   -2.079";"integrarlos";" 1.493624e-01"
"   0";"   9";" 0.00";"   -2.079";"infundados";" 1.493624e-01"
"   0";"   9";" 0.00";"   -2.079";"informarse";" 1.493624e-01"
"   0";"   9";" 0.00";"   -2.079";"idealizar";" 1.493624e-01"
"   0";"   9";" 0.00";"   -2.079";"hugging";" 1.493624e-01"
"   0";"   9";" 0.00";"   -2.079";"holocausto";" 1.493624e-01"
"   0";"   9";" 0.00";"   -2.079";"gratitud";" 1.493624e-01"
"   0";"   9";" 0.00";"   -2.079";"gramaticalmente";" 1.493624e-01"
"   0";"   9";" 0.00";"   -2.079";"golpe";" 1.493624e-01"
"   0";"   9";" 0.00";"   -2.079";"gisele";" 1.493624e-01"
"   0";"   9";" 0.00";"   -2.079";"geolocalización";" 1.493624e-01"
"   0";"   9";" 0.00";"   -2.079";"genial";" 1.493624e-01"
"   0";"   9";" 0.00";"   -2.079";"gana";" 1.493624e-01"
"   0";"   9";" 0.00";"   -2.079";"fusiona";" 1.493624e-01"
"   0";"   9";" 0.00";"   -2.079";"fisiológico";" 1.493624e-01"
"   0";"   9";" 0.00";"   -2.079";"fascinantes";" 1.493624e-01"
"   0";"   9";" 0.00";"   -2.079";"exponente";" 1.493624e-01"
"   0";"   9";" 0.00";"   -2.079";"eterno";" 1.493624e-01"
"   0";"   9";" 0.00";"   -2.079";"esqueleto";" 1.493624e-01"
"   0";"   9";" 0.00";"   -2.079";"esposo";" 1.493624e-01"
"   0";"   9";" 0.00";"   -2.079";"espa";" 1.493624e-01"
"   0";"   9";" 0.00";"   -2.079";"enriquecedores";" 1.493624e-01"
"   0";"   9";" 0.00";"   -2.079";"enciclopedias";" 1.493624e-01"
"   0";"   9";" 0.00";"   -2.079";"embarcar";" 1.493624e-01"
"   0";"   9";" 0.00";"   -2.079";"druid";" 1.493624e-01"
"   0";"   9";" 0.00";"   -2.079";"domiciliaria";" 1.493624e-01"
"   0";"   9";" 0.00";"   -2.079";"dologías";" 1.493624e-01"
"   0";"   9";" 0.00";"   -2.079";"dología";" 1.493624e-01"
"   0";"   9";" 0.00";"   -2.079";"distraer";" 1.493624e-01"
"   0";"   9";" 0.00";"   -2.079";"distractores";" 1.493624e-01"
"   0";"   9";" 0.00";"   -2.079";"disposi";" 1.493624e-01"
"   0";"   9";" 0.00";"   -2.079";"diag";" 1.493624e-01"
"   0";"   9";" 0.00";"   -2.079";"desperdicio";" 1.493624e-01"
"   0";"   9";" 0.00";"   -2.079";"desmotivación";" 1.493624e-01"
"   0";"   9";" 0.00";"   -2.079";"desmedir";" 1.493624e-01"
"   0";"   9";" 0.00";"   -2.079";"desafíen";" 1.493624e-01"
"   0";"   9";" 0.00";"   -2.079";"densidad";" 1.493624e-01"
"   0";"   9";" 0.00";"   -2.079";"delinean";" 1.493624e-01"
"   0";"   9";" 0.00";"   -2.079";"deliberadamente";" 1.493624e-01"
"   0";"   9";" 0.00";"   -2.079";"defende";" 1.493624e-01"
"   0";"   9";" 0.00";"   -2.079";"deductivo";" 1.493624e-01"
"   0";"   9";" 0.00";"   -2.079";"cúmulo";" 1.493624e-01"
"   0";"   9";" 0.00";"   -2.079";"cuencia";" 1.493624e-01"
"   0";"   9";" 0.00";"   -2.079";"cru";" 1.493624e-01"
"   0";"   9";" 0.00";"   -2.079";"conversacio";" 1.493624e-01"
"   0";"   9";" 0.00";"   -2.079";"consecuentemente";" 1.493624e-01"
"   0";"   9";" 0.00";"   -2.079";"confección";" 1.493624e-01"
"   0";"   9";" 0.00";"   -2.079";"condena";" 1.493624e-01"
"   0";"   9";" 0.00";"   -2.079";"complicación";" 1.493624e-01"
"   0";"   9";" 0.00";"   -2.079";"cometa";" 1.493624e-01"
"   0";"   9";" 0.00";"   -2.079";"comencemos";" 1.493624e-01"
"   0";"   9";" 0.00";"   -2.079";"cobre";" 1.493624e-01"
"   0";"   9";" 0.00";"   -2.079";"clasificadores";" 1.493624e-01"
"   0";"   9";" 0.00";"   -2.079";"cena";" 1.493624e-01"
"   0";"   9";" 0.00";"   -2.079";"caracterís";" 1.493624e-01"
"   0";"   9";" 0.00";"   -2.079";"cabina";" 1.493624e-01"
"   0";"   9";" 0.00";"   -2.079";"bretaña";" 1.493624e-01"
"   0";"   9";" 0.00";"   -2.079";"bocetos";" 1.493624e-01"
"   0";"   9";" 0.00";"   -2.079";"billete";" 1.493624e-01"
"   0";"   9";" 0.00";"   -2.079";"batería";" 1.493624e-01"
"   0";"   9";" 0.00";"   -2.079";"barbarie";" 1.493624e-01"
"   0";"   9";" 0.00";"   -2.079";"bar";" 1.493624e-01"
"   0";"   9";" 0.00";"   -2.079";"bailar";" 1.493624e-01"
"   0";"   9";" 0.00";"   -2.079";"autista";" 1.493624e-01"
"   0";"   9";" 0.00";"   -2.079";"atípico";" 1.493624e-01"
"   0";"   9";" 0.00";"   -2.079";"asustar";" 1.493624e-01"
"   0";"   9";" 0.00";"   -2.079";"asincrónica";" 1.493624e-01"
"   0";"   9";" 0.00";"   -2.079";"arrastrar";" 1.493624e-01"
"   0";"   9";" 0.00";"   -2.079";"argumentativos";" 1.493624e-01"
"   0";"   9";" 0.00";"   -2.079";"argumentativa";" 1.493624e-01"
"   0";"   9";" 0.00";"   -2.079";"argumentaciones";" 1.493624e-01"
"   0";"   9";" 0.00";"   -2.079";"apocalipsis";" 1.493624e-01"
"   0";"   9";" 0.00";"   -2.079";"aficionar";" 1.493624e-01"
"   0";"   9";" 0.00";"   -2.079";"afectación";" 1.493624e-01"
"   0";"   9";" 0.00";"   -2.079";"acumulativo";" 1.493624e-01"
"   0";"   9";" 0.00";"   -2.079";"activan";" 1.493624e-01"
"   6";"  54";"11.11";"   -2.075";"proveer";" 1.497131e-01"
"   6";"  54";"11.11";"   -2.075";"moderar";" 1.497131e-01"
"   1";"  18";" 5.56";"   -2.060";"pr";" 1.511994e-01"
"   1";"  18";" 5.56";"   -2.060";"decolonial";" 1.511994e-01"
"   1";"  18";" 5.56";"   -2.060";"adivinar";" 1.511994e-01"
"   1";"  18";" 5.56";"   -2.060";"studio";" 1.511994e-01"
"   1";"  18";" 5.56";"   -2.060";"vacación";" 1.511994e-01"
"   1";"  18";" 5.56";"   -2.060";"quo";" 1.511994e-01"
"   1";"  18";" 5.56";"   -2.060";"cese";" 1.511994e-01"
"   1";"  18";" 5.56";"   -2.060";"puro";" 1.511994e-01"
"   1";"  18";" 5.56";"   -2.060";"matar";" 1.511994e-01"
"   1";"  18";" 5.56";"   -2.060";"esquina";" 1.511994e-01"
"   1";"  18";" 5.56";"   -2.060";"dor";" 1.511994e-01"
"   1";"  18";" 5.56";"   -2.060";"curar";" 1.511994e-01"
"   1";"  18";" 5.56";"   -2.060";"socioemocionales";" 1.511994e-01"
"   1";"  18";" 5.56";"   -2.060";"pídales";" 1.511994e-01"
"   1";"  18";" 5.56";"   -2.060";"ofre";" 1.511994e-01"
"   1";"  18";" 5.56";"   -2.060";"notablemente";" 1.511994e-01"
"   1";"  18";" 5.56";"   -2.060";"lúdico";" 1.511994e-01"
"   1";"  18";" 5.56";"   -2.060";"fino";" 1.511994e-01"
"   1";"  18";" 5.56";"   -2.060";"escalable";" 1.511994e-01"
"   1";"  18";" 5.56";"   -2.060";"constructor";" 1.511994e-01"
"   1";"  18";" 5.56";"   -2.060";"ciendo";" 1.511994e-01"
"   1";"  18";" 5.56";"   -2.060";"ascender";" 1.511994e-01"
"   1";"  18";" 5.56";"   -2.060";"alimentario";" 1.511994e-01"
"   8";"  67";"11.94";"   -2.047";"enunciar";" 1.524832e-01"
"   8";"  67";"11.94";"   -2.047";"válido";" 1.524832e-01"
" 141";" 837";"16.85";"   -2.038";"tres";" 1.533665e-01"
"   5";"  47";"10.64";"   -2.036";"dores";" 1.536007e-01"
" 199";"1161";"17.14";"   -2.034";"base";" 1.538167e-01"
"  22";" 154";"14.29";"   -2.028";"concluir";" 1.543864e-01"
"   3";"  33";" 9.09";"   -2.026";"intensidad";" 1.546514e-01"
"   3";"  33";" 9.09";"   -2.026";"transacción";" 1.546514e-01"
"   3";"  33";" 9.09";"   -2.026";"familiarizarse";" 1.546514e-01"
"   3";"  33";" 9.09";"   -2.026";"magnitud";" 1.546514e-01"
"   3";"  33";" 9.09";"   -2.026";"impactar";" 1.546514e-01"
"   3";"  33";" 9.09";"   -2.026";"capaci";" 1.546514e-01"
"   3";"  33";" 9.09";"   -2.026";"bajar";" 1.546514e-01"
"   3";"  33";" 9.09";"   -2.026";"abrazar";" 1.546514e-01"
"   4";"  40";"10.00";"   -2.016";"certeza";" 1.556790e-01"
"   4";"  40";"10.00";"   -2.016";"pobre";" 1.556790e-01"
"*****";"*";"*";"*";"*";"*"
"6274";"39862";"15.74";"-520.795";"que";"2.841020e-115"
"1861";"14380";"12.94";"-397.119";"poder";" 2.334296e-88"
"5391";"33858";"15.92";"-331.465";"un";" 4.609049e-74"
" 584";" 5476";"10.66";"-254.461";"él";" 2.766452e-57"
"1490";"10996";"13.55";"-230.307";"o";" 5.108823e-52"
"1527";"11066";"13.80";"-210.419";"no";" 1.112983e-47"
" 286";" 2869";" 9.97";"-151.434";"nosotros";" 8.422935e-35"
"  57";" 1167";" 4.88";"-149.825";"yo";" 1.893562e-34"
" 418";" 3743";"11.17";"-149.207";"cada";" 2.583886e-34"
" 314";" 2959";"10.61";"-134.346";"pero";" 4.589555e-31"
"4484";"27023";"16.59";"-131.674";"ser";" 1.763328e-30"
"2387";"15109";"15.80";"-109.496";"suyo";" 1.263287e-25"
"  24";"  693";" 3.46";"-107.423";"mío";" 3.595794e-25"
" 327";" 2838";"11.52";"-101.496";"nuestro";" 7.160855e-24"
"5560";"32401";"17.16";" -97.371";"a";" 5.747752e-23"
" 427";" 3443";"12.40";" -95.842";"si";" 1.244091e-22"
" 285";" 2524";"11.29";" -95.684";"ese";" 1.347542e-22"
"  92";" 1141";" 8.06";" -87.032";"tú";" 1.067886e-20"
"3484";"20861";"16.70";" -81.080";"se";" 2.168009e-19"
" 130";" 1379";" 9.43";" -80.338";"muy";" 3.156110e-19"
" 329";" 2690";"12.23";" -78.136";"qué";" 9.618899e-19"
" 189";" 1762";"10.73";" -76.467";"cuando";" 2.238936e-18"
"  47";"  732";" 6.42";" -73.876";"algo";" 8.317334e-18"
"  63";"  825";" 7.64";" -67.753";"porque";" 1.852832e-16"
"3286";"19481";"16.87";" -62.331";"este";" 2.903201e-15"
"1465";" 9260";"15.82";" -60.100";"haber";" 9.014224e-15"
"1416";" 8961";"15.80";" -58.638";"al";" 1.894789e-14"
"3210";"18991";"16.90";" -58.012";"con";" 2.605889e-14"
" 152";" 1355";"11.22";" -51.542";"hasta";" 7.009333e-13"
"1034";" 6657";"15.53";" -50.066";"tener";" 1.486936e-12"
" 339";" 2410";"14.07";" -36.036";"solo";" 1.937013e-09"
" 507";" 3407";"14.88";" -35.292";"sin";" 2.838584e-09"
" 370";" 2588";"14.30";" -35.081";"alguno";" 3.162543e-09"
" 331";" 2345";"14.12";" -34.308";"sino";" 4.703316e-09"
" 236";" 1756";"13.44";" -33.428";"donde";" 7.395150e-09"
" 820";" 5192";"15.79";" -32.284";"otro";" 1.331951e-08"
" 135";" 1083";"12.47";" -28.588";"durante";" 8.953034e-08"
" 148";" 1165";"12.70";" -28.499";"aunque";" 9.373323e-08"
"2649";"15328";"17.28";" -27.798";"por";" 1.346878e-07"
"  32";"  385";" 8.31";" -27.729";"entonces";" 1.395858e-07"
"  91";"  775";"11.74";" -25.322";"mientras";" 4.852330e-07"
"  31";"  356";" 8.71";" -23.723";"verdadero";" 1.112303e-06"
"1030";" 6256";"16.46";" -23.674";"estar";" 1.140959e-06"
" 277";" 1882";"14.72";" -20.714";"primero";" 5.331102e-06"
"   2";"  109";" 1.83";" -20.520";"5360";" 5.900295e-06"
" 155";" 1129";"13.73";" -19.053";"según";" 1.271628e-05"
"   3";"  111";" 2.70";" -18.809";"555";" 1.444492e-05"
" 114";"  858";"13.29";" -17.072";"incluso";" 3.598631e-05"
"  12";"  178";" 6.74";" -16.914";"ninguno";" 3.911106e-05"
" 185";" 1285";"14.40";" -16.346";"mediante";" 5.276051e-05"
"2484";"14127";"17.58";" -15.920";"como";" 6.606341e-05"
" 111";"  824";"13.47";" -15.304";"antes";" 9.152223e-05"
"  12";"  167";" 7.19";" -14.716";"bastante";" 1.249968e-04"
"  18";"  200";" 9.00";" -12.538";"65";" 3.988233e-04"
"  40";"  350";"11.43";" -12.407";"tras";" 4.277270e-04"
" 105";"  739";"14.21";" -10.154";"aquel";" 1.440217e-03"
"  83";"  602";"13.79";"  -9.853";"ni";" 1.695478e-03"
"  94";"  669";"14.05";"  -9.830";"cierto";" 1.717295e-03"
"   5";"   86";" 5.81";"  -9.470";"usted";" 2.088505e-03"
"  34";"  290";"11.72";"  -9.460";"nada";" 2.099628e-03"
"   1";"   46";" 2.17";"  -8.309";"1950";" 3.944126e-03"
"  32";"  268";"11.94";"  -8.211";"pocos";" 4.162890e-03"
"   0";"   32";" 0.00";"  -7.393";"5910";" 6.546275e-03"
"  94";"  642";"14.64";"  -7.212";"cuál";" 7.241522e-03"
"  30";"  245";"12.24";"  -6.849";"000";" 8.868770e-03"
"  16";"  149";"10.74";"  -6.306";"978";" 1.203434e-02"
" 164";" 1041";"15.75";"  -6.266";"cual";" 1.230637e-02"
"  96";"  640";"15.00";"  -5.993";"quien";" 1.435957e-02"
"   2";"   43";" 4.65";"  -5.620";"encima";" 1.775232e-02"
"  49";"  353";"13.88";"  -5.543";"ambo";" 1.855216e-02"
"   6";"   73";" 8.22";"  -5.328";"96";" 2.098025e-02"
"   6";"   71";" 8.45";"  -4.957";"99";" 2.598249e-02"
"3125";"17186";"18.18";"  -4.916";"del";" 2.660659e-02"
"  13";"  119";"10.92";"  -4.803";"diez";" 2.840559e-02"
"   9";"   89";"10.11";"  -4.374";"83";" 3.650064e-02"
"  31";"  230";"13.48";"  -4.225";"100";" 3.982417e-02"
"   9";"   88";"10.23";"  -4.210";"72";" 4.018119e-02"
"  13";"  114";"11.40";"  -4.056";"2007";" 4.402119e-02"
"  40";"  283";"14.13";"  -3.991";"50";" 4.574495e-02"
"   1";"   26";" 3.85";"  -3.796";"1991";" 5.136460e-02"
"   5";"   57";" 8.77";"  -3.735";"200";" 5.328706e-02"
"  77";"  498";"15.46";"  -3.582";"20";" 5.841802e-02"
"   1";"   25";" 4.00";"  -3.575";"cincuenta";" 5.864245e-02"
"   5";"   56";" 8.93";"  -3.555";"300";" 5.936100e-02"
"   9";"   83";"10.84";"  -3.418";"2004";" 6.448444e-02"
" 155";"  941";"16.47";"  -3.279";"cualquier";" 7.018391e-02"
"   1";"   23";" 4.35";"  -3.136";"250";" 7.657829e-02"
"   8";"   73";"10.96";"  -2.919";"92";" 8.755222e-02"
"   7";"   66";"10.61";"  -2.883";"97";" 8.953469e-02"
" 136";"  821";"16.57";"  -2.628";"varios";" 1.050055e-01"
"  15";"  116";"12.93";"  -2.591";"43";" 1.074491e-01"
"   0";"   11";" 0.00";"  -2.541";"1957";" 1.109410e-01"
"  10";"   83";"12.05";"  -2.457";"81";" 1.169974e-01"
"  75";"  470";"15.96";"  -2.440";"b";" 1.182575e-01"
"  16";"  121";"13.22";"  -2.439";"42";" 1.183404e-01"
"  11";"   89";"12.36";"  -2.396";"77";" 1.216337e-01"
"  12";"   95";"12.63";"  -2.345";"63";" 1.256738e-01"
"  12";"   95";"12.63";"  -2.345";"51";" 1.256738e-01"
"  12";"   95";"12.63";"  -2.345";"53";" 1.256738e-01"
"  10";"   82";"12.20";"  -2.322";"61";" 1.275284e-01"
"   0";"   10";" 0.00";"  -2.310";"154";" 1.285643e-01"
"   0";"   10";" 0.00";"  -2.310";"185";" 1.285643e-01"
"   0";"   10";" 0.00";"  -2.310";"1978";" 1.285643e-01"
"   0";"   10";" 0.00";"  -2.310";"283";" 1.285643e-01"
"   0";"   10";" 0.00";"  -2.310";"sesenta";" 1.285643e-01"
"   2";"   27";" 7.41";"  -2.285";"1956";" 1.306679e-01"
"   2";"   27";" 7.41";"  -2.285";"1970";" 1.306679e-01"
"  73";"  456";"16.01";"  -2.281";"15";" 1.309465e-01"
"  11";"   88";"12.50";"  -2.266";"84";" 1.322076e-01"
"  25";"  174";"14.37";"  -2.209";"demás";" 1.372000e-01"
"   5";"   48";"10.42";"  -2.194";"1997";" 1.385049e-01"
"   2";"   26";" 7.69";"  -2.091";"q";" 1.481795e-01"
"   0";"    9";" 0.00";"  -2.079";"168";" 1.493624e-01"
"   0";"    9";" 0.00";"  -2.079";"1945";" 1.493624e-01"
"   6";"   54";"11.11";"  -2.075";"1980";" 1.497131e-01"
"   1";"   18";" 5.56";"  -2.060";"1974";" 1.511994e-01"
"   8";"   67";"11.94";"  -2.047";"85";" 1.524832e-01"
"*";"*";"*";"*";"*";"*"
" 183";" 4682";" 3.91";"-723.696";"*YEAR2018";"2.103708e-159"
"  62";" 2600";" 2.38";"-474.263";"*DOC086";"3.786366e-105"
"  38";" 1574";" 2.41";"-282.001";"*DOC015";" 2.751460e-63"
"  98";" 2020";" 4.85";"-263.669";"*DOC011";" 2.721840e-59"
"1725";"12550";"13.75";"-249.783";"*YEAR2023";" 2.895780e-56"
"   6";" 1045";" 0.57";"-230.056";"*DOC048";" 5.796231e-52"
"2601";"17278";"15.05";"-203.612";"*YEAR2025";" 3.400980e-46"
" 874";" 6830";"12.80";"-175.749";"*DOC009";" 4.108930e-40"
" 225";" 2355";" 9.55";"-135.316";"*DOC093";" 2.815267e-31"
"  46";"  948";" 4.85";"-121.902";"*DOC107";" 2.425221e-28"
"  41";"  819";" 5.01";"-102.816";"*DOC168";" 3.678134e-24"
"   5";"  491";" 1.02";"-102.099";"*DOC002";" 5.281711e-24"
"  73";"  995";" 7.34";" -86.378";"*DOC024";" 1.486368e-20"
"   7";"  424";" 1.65";" -81.917";"*DOC019";" 1.419257e-19"
"  36";"  660";" 5.45";" -77.372";"*DOC154";" 1.416092e-18"
"  85";" 1011";" 8.41";" -72.101";"*DOC094";" 2.044289e-17"
"  75";"  935";" 8.02";" -71.672";"*DOC017";" 2.540651e-17"
"  26";"  523";" 4.97";" -65.722";"*DOC155";" 5.192812e-16"
" 132";" 1294";"10.20";" -63.331";"*DOC101";" 1.747723e-15"
"  36";"  588";" 6.12";" -62.124";"*DOC127";" 3.224680e-15"
" 405";" 3036";"13.34";" -61.068";"*DOC138";" 5.513413e-15"
"   7";"  311";" 2.25";" -55.860";"*DOC010";" 7.781849e-14"
"  72";"  760";" 9.47";" -43.463";"*DOC148";" 4.320459e-11"
"  47";"  573";" 8.20";" -42.245";"*DOC111";" 8.054425e-11"
"  37";"  488";" 7.58";" -40.284";"*DOC102";" 2.196500e-10"
"  11";"  277";" 3.97";" -39.907";"*DOC029";" 2.663671e-10"
"  21";"  359";" 5.85";" -39.461";"*DOC099";" 3.346317e-10"
"  30";"  428";" 7.01";" -39.011";"*DOC092";" 4.215000e-10"
"   5";"  218";" 2.29";" -38.904";"*DOC129";" 4.451788e-10"
"  43";"  516";" 8.33";" -37.076";"*DOC074";" 1.136138e-09"
"   7";"  225";" 3.11";" -36.269";"*DOC013";" 1.718884e-09"
"   8";"  232";" 3.45";" -35.807";"*DOC108";" 2.179013e-09"
"   2";"  175";" 1.14";" -35.726";"*DOC072";" 2.270767e-09"
" 324";" 2303";"14.07";" -34.352";"*YEARNA";" 4.599277e-09"
"   9";"  226";" 3.98";" -32.488";"*DOC052";" 1.199564e-08"
"  38";"  427";" 8.90";" -27.408";"*DOC001";" 1.647618e-07"
"   0";"  115";" 0.00";" -26.600";"*DOC016";" 2.502293e-07"
"   1";"  122";" 0.82";" -25.810";"*DOC067";" 3.767647e-07"
"  42";"  436";" 9.63";" -23.979";"*DOC106";" 9.737975e-07"
"  35";"  374";" 9.36";" -21.808";"*DOC163";" 3.013949e-06"
"   7";"  160";" 4.38";" -21.774";"*DOC058";" 3.066561e-06"
"  26";"  307";" 8.47";" -21.427";"*DOC103";" 3.675416e-06"
"   1";"  100";" 1.00";" -20.726";"*DOC054";" 5.298390e-06"
"  15";"  218";" 6.88";" -20.249";"*DOC118";" 6.798522e-06"
"   2";"  105";" 1.90";" -19.603";"*DOC066";" 9.530702e-06"
"   3";"  108";" 2.78";" -18.130";"*DOC065";" 2.063644e-05"
"  28";"  303";" 9.24";" -18.094";"*DOC003";" 2.102685e-05"
"   3";"  107";" 2.80";" -17.903";"*DOC055";" 2.324266e-05"
"   6";"  123";" 4.88";" -15.581";"*DOC078";" 7.904023e-05"
"   3";"   92";" 3.26";" -14.521";"*DOC059";" 1.385932e-04"
"   0";"   59";" 0.00";" -13.637";"*DOC071";" 2.218155e-04"
"   7";"  120";" 5.83";" -13.181";"*DOC062";" 2.828581e-04"
"   8";"  127";" 6.30";" -12.963";"*DOC049";" 3.176260e-04"
"   1";"   64";" 1.56";" -12.432";"*DOC057";" 4.220726e-04"
"  14";"  165";" 8.48";" -11.459";"*DOC025";" 7.116064e-04"
"   0";"   45";" 0.00";" -10.399";"*DOC143";" 1.260946e-03"
"   4";"   82";" 4.88";" -10.382";"*DOC125";" 1.272761e-03"
"  35";"  299";"11.71";"  -9.806";"*DOC044";" 1.739101e-03"
"   0";"   42";" 0.00";"  -9.705";"*DOC034";" 1.837486e-03"
"  93";"  654";"14.22";"  -8.929";"*DOC036";" 2.807076e-03"
"  12";"  136";" 8.82";"  -8.829";"*DOC146";" 2.964837e-03"
" 131";"  880";"14.89";"  -8.775";"*DOC137";" 3.053535e-03"
"  98";"  682";"14.37";"  -8.712";"*DOC050";" 3.160876e-03"
"  31";"  264";"11.74";"  -8.564";"*DOC008";" 3.427938e-03"
"   0";"   37";" 0.00";"  -8.549";"*DOC076";" 3.456689e-03"
"   4";"   72";" 5.56";"  -8.246";"*DOC021";" 4.083100e-03"
"  15";"  154";" 9.74";"  -8.240";"*DOC006";" 4.097325e-03"
"   0";"   33";" 0.00";"  -7.625";"*DOC056";" 5.757833e-03"
"  17";"  162";"10.49";"  -7.281";"*DOC114";" 6.967390e-03"
"  18";"  168";"10.71";"  -7.154";"*DOC122";" 7.478477e-03"
"  63";"  452";"13.94";"  -6.942";"*YEAR2019";" 8.417973e-03"
"   0";"   29";" 0.00";"  -6.700";"*DOC150";" 9.641197e-03"
"   5";"   72";" 6.94";"  -6.603";"*DOC064";" 1.018006e-02"
"  17";"  155";"10.97";"  -6.190";"*DOC098";" 1.284488e-02"
"  18";"  161";"11.18";"  -6.085";"*DOC004";" 1.363489e-02"
"   6";"   75";" 8.00";"  -5.705";"*DOC136";" 1.692083e-02"
"   7";"   82";" 8.54";"  -5.631";"*DOC164";" 1.764491e-02"
"  16";"  143";"11.19";"  -5.391";"*DOC145";" 2.024292e-02"
"   2";"   41";" 4.88";"  -5.188";"*DOC139";" 2.274446e-02"
"   5";"   64";" 7.81";"  -5.038";"*DOC100";" 2.479353e-02"
"   0";"   19";" 0.00";"  -4.389";"*DOC124";" 3.617003e-02"
"   8";"   82";" 9.76";"  -4.368";"*DOC069";" 3.662098e-02"
"  10";"   95";"10.53";"  -4.233";"*DOC053";" 3.965512e-02"
"  26";"  198";"13.13";"  -4.129";"*DOC022";" 4.215151e-02"
"   5";"   59";" 8.47";"  -4.100";"*DOC153";" 4.289263e-02"
"  20";"  159";"12.58";"  -3.997";"*DOC115";" 4.559138e-02"
"   4";"   50";" 8.00";"  -3.802";"*DOC135";" 5.119897e-02"
"   1";"   25";" 4.00";"  -3.575";"*DOC070";" 5.864245e-02"
"   1";"   25";" 4.00";"  -3.575";"*DOC133";" 5.864245e-02"
"   2";"   33";" 6.06";"  -3.494";"*DOC047";" 6.158352e-02"
"   9";"   83";"10.84";"  -3.418";"*DOC068";" 6.448444e-02"
"   0";"   10";" 0.00";"  -2.310";"*DOC063";" 1.285643e-01"
" 147";"  871";"16.88";"  -2.054";"*DOC123";" 1.518557e-01"
"**";"classe";"3";"**";"";""
"****";"30786";"73640";"41.81";"****";""
" 980";"4113";"23.83";"-578.818";"hacer";"6.778011e-128"
" 202";"1592";"12.69";"-567.062";"imagen";"2.446262e-125"
"  74";"1088";" 6.80";"-556.195";"país";"5.654883e-123"
"  43";" 947";" 4.54";"-547.604";"derecho";"4.181120e-121"
" 258";"1761";"14.65";"-546.844";"año";"6.115868e-121"
" 125";"1271";" 9.83";"-543.389";"decir";"3.453519e-120"
" 136";"1247";"10.91";"-497.830";"internet";"2.819295e-110"
" 273";"1724";"15.84";"-489.418";"político";"1.907725e-108"
"  92";"1060";" 8.68";"-485.116";"google";"1.646373e-107"
" 118";"1114";"10.59";"-452.977";"público";"1.622366e-100"
" 568";"2546";"22.31";"-412.040";"persona";" 1.318739e-91"
" 371";"1870";"19.84";"-380.555";"red";" 9.421204e-85"
"  81";" 832";" 9.74";"-355.756";"palabra";" 2.364048e-79"
"2198";"7030";"31.27";"-354.895";"dato";" 3.639971e-79"
" 447";"2059";"21.71";"-351.639";"texto";" 1.863210e-78"
" 418";"1960";"21.33";"-347.133";"ver";" 1.784458e-77"
"  24";" 588";" 4.08";"-346.727";"gobierno";" 2.187109e-77"
" 499";"2189";"22.80";"-335.129";"mucho";" 7.341735e-75"
"  16";" 531";" 3.01";"-330.845";"protección";" 6.290595e-74"
" 166";"1103";"15.05";"-329.505";"unesco";" 1.231908e-73"
" 112";" 896";"12.50";"-320.201";"privacidad";" 1.309334e-71"
" 125";" 913";"13.69";"-300.363";"escribir";" 2.745736e-67"
"  33";" 556";" 5.94";"-296.300";"cosa";" 2.107795e-66"
"  58";" 655";" 8.85";"-294.948";"unir";" 4.154883e-66"
" 103";" 818";"12.59";"-290.189";"nacional";" 4.521998e-65"
"   4";" 406";" 0.99";"-279.624";"europeo";" 9.068790e-63"
" 133";" 908";"14.65";"-278.720";"estado";" 1.427052e-62"
"  76";" 688";"11.05";"-270.090";"hablar";" 1.084656e-60"
"   7";" 405";" 1.73";"-268.868";"millón";" 2.003204e-60"
"  27";" 492";" 5.49";"-268.541";"privado";" 2.360443e-60"
"  51";" 577";" 8.84";"-259.801";"página";" 1.896260e-58"
"  15";" 427";" 3.51";"-258.869";"mundial";" 3.027505e-58"
"   0";" 358";" 0.00";"-258.441";"américa";" 3.752730e-58"
"   3";" 367";" 0.82";"-254.710";"ley";" 2.441541e-57"
" 170";" 995";"17.09";"-253.358";"máquina";" 4.813442e-57"
" 132";" 862";"15.31";"-251.629";"pequeño";" 1.146054e-56"
"  31";" 483";" 6.42";"-250.263";"translated";" 2.275633e-56"
"  53";" 566";" 9.36";"-246.757";"by";" 1.322928e-55"
"  61";" 596";"10.23";"-246.173";"número";" 1.773439e-55"
"  65";" 609";"10.67";"-244.650";"web";" 3.810030e-55"
"  85";" 681";"12.48";"-242.954";"machine";" 8.924394e-55"
" 527";"2085";"25.28";"-241.004";"usar";" 2.375544e-54"
" 126";" 815";"15.46";"-235.127";"día";" 4.543090e-53"
" 105";" 740";"14.19";"-234.342";"seguridad";" 6.736116e-53"
"1154";"3838";"30.07";"-229.323";"ejemplo";" 8.375975e-52"
"   0";" 315";" 0.00";"-227.266";"latino";" 2.353058e-51"
" 797";"2835";"28.11";"-227.246";"inteligencia";" 2.376579e-51"
" 136";" 825";"16.48";"-219.887";"querer";" 9.572585e-50"
"  15";" 369";" 4.07";"-217.129";"región";" 3.824193e-49"
"  86";" 627";"13.72";"-205.101";"pedir";" 1.610096e-46"
" 170";" 912";"18.64";"-203.696";"sector";" 3.261148e-46"
"  11";" 332";" 3.31";"-203.116";"gobernanza";" 4.364959e-46"
" 337";"1422";"23.70";"-195.410";"dos";" 2.096508e-44"
" 261";"1186";"22.01";"-194.232";"empresa";" 3.790250e-44"
" 221";"1055";"20.95";"-191.406";"saber";" 1.567956e-43"
"  32";" 394";" 8.12";"-184.741";"mujer";" 4.470667e-42"
"  81";" 575";"14.09";"-183.027";"económico";" 1.058316e-41"
"   8";" 284";" 2.82";"-178.143";"teléfono";" 1.233073e-40"
" 431";"1665";"25.89";"-177.471";"grupo";" 1.728751e-40"
" 322";"1340";"24.03";"-177.273";"lenguaje";" 1.909205e-40"
" 179";" 893";"20.04";"-175.955";"pasar";" 3.703343e-40"
"  94";" 608";"15.46";"-174.905";"luego";" 6.280338e-40"
"  50";" 449";"11.14";"-174.670";"leer";" 7.066139e-40"
"  86";" 577";"14.90";"-172.992";"entrenar";" 1.643659e-39"
"  79";" 551";"14.34";"-172.174";"computadora";" 2.479924e-39"
"  52";" 452";"11.50";"-171.644";"obra";" 3.237115e-39"
"  86";" 572";"15.03";"-169.824";"género";" 8.084449e-39"
"   5";" 255";" 1.96";"-166.987";"nación";" 3.366478e-38"
"   0";" 228";" 0.00";"-164.302";"artifcial";" 1.299383e-37"
"  10";" 272";" 3.68";"-163.149";"correo";" 2.321276e-37"
" 133";" 715";"18.60";"-159.800";"parecer";" 1.251049e-36"
"  17";" 293";" 5.80";"-156.742";"ordenador";" 5.829194e-36"
"  22";" 313";" 7.03";"-156.268";"legal";" 7.398439e-36"
"  39";" 378";"10.32";"-154.852";"casi";" 1.508397e-35"
"  21";" 300";" 7.00";"-149.999";"sitio";" 1.734813e-34"
" 133";" 698";"19.05";"-149.934";"llegar";" 1.792246e-34"
"  23";" 308";" 7.47";"-149.906";"neuronales";" 1.818006e-34"
"  39";" 365";"10.68";"-146.031";"adolescente";" 1.278093e-33"
" 145";" 727";"19.94";"-144.235";"ahora";" 3.156710e-33"
"  30";" 326";" 9.20";"-143.074";"proteger";" 5.664396e-33"
"   0";" 198";" 0.00";"-142.625";"unión";" 7.098590e-33"
"  81";" 510";"15.88";"-141.862";"voz";" 1.042411e-32"
"   4";" 214";" 1.87";"-140.705";"ministerio";" 1.866493e-32"
" 123";" 649";"18.95";"-140.569";"internacional";" 1.998477e-32"
" 130";" 671";"19.37";"-140.061";"historia";" 2.581435e-32"
" 120";" 638";"18.81";"-139.906";"niño";" 2.790959e-32"
" 174";" 808";"21.53";"-137.992";"menos";" 7.316273e-32"
"   0";" 189";" 0.00";"-136.126";"europa";" 1.873011e-31"
"  37";" 334";"11.08";"-130.220";"móvil";" 3.667143e-30"
"  40";" 345";"11.59";"-130.046";"norma";" 4.003917e-30"
"  77";" 476";"16.18";"-129.357";"publicar";" 5.665126e-30"
"  18";" 258";" 6.98";"-129.097";"normativo";" 6.457218e-30"
"   4";" 195";" 2.05";"-127.013";"jugador";" 1.845581e-29"
"  64";" 427";"14.99";"-126.965";"llamar";" 1.891223e-29"
"   8";" 212";" 3.77";"-126.410";"frase";" 2.501209e-29"
" 190";" 834";"22.78";"-125.491";"hecho";" 3.973423e-29"
"  21";" 263";" 7.98";"-124.100";"noticiar";" 8.009014e-29"
"   7";" 204";" 3.43";"-123.825";"cerebro";" 9.201408e-29"
"  49";" 367";"13.35";"-122.751";"regulación";" 1.581338e-28"
"  31";" 298";"10.40";"-121.287";"aparecer";" 3.306963e-28"
"  22";" 258";" 8.53";"-117.860";"hombre";" 1.860760e-27"
"  20";" 249";" 8.03";"-117.143";"ciudad";" 2.670710e-27"
"  30";" 287";"10.45";"-116.419";"instituto";" 3.848586e-27"
"  51";" 364";"14.01";"-116.164";"argentino";" 4.375087e-27"
"  10";" 206";" 4.85";"-115.941";"gente";" 4.897220e-27"
"  37";" 311";"11.90";"-114.838";"entrada";" 8.540952e-27"
"  37";" 309";"11.97";"-113.509";"miembro";" 1.668943e-26"
" 461";"1600";"28.81";"-113.501";"ir";" 1.675704e-26"
"  27";" 270";"10.00";"-112.684";"falso";" 2.530532e-26"
"  18";" 234";" 7.69";"-112.290";"propiedad";" 3.087084e-26"
"  20";" 242";" 8.26";"-112.278";"probabilidad";" 3.105112e-26"
"  51";" 357";"14.29";"-111.679";"regla";" 4.201809e-26"
" 685";"2215";"30.93";"-111.128";"vez";" 5.546780e-26"
"  85";" 471";"18.05";"-109.992";"transparencia";" 9.839449e-26"
"  31";" 280";"11.07";"-109.132";"minuto";" 1.518307e-25"
"  51";" 352";"14.49";"-108.489";"versión";" 2.099855e-25"
"  58";" 376";"15.43";"-108.109";"total";" 2.544013e-25"
"  45";" 329";"13.68";"-107.476";"desigualdad";" 3.502037e-25"
" 106";" 534";"19.85";"-106.583";"hoy";" 5.494693e-25"
"   8";" 184";" 4.35";"-106.385";"mil";" 6.070055e-25"
"  65";" 396";"16.41";"-105.514";"llm";" 9.421136e-25"
"  15";" 212";" 7.08";"-105.413";"chino";" 9.913817e-25"
" 243";" 949";"25.61";"-103.710";"figura";" 2.341647e-24"
" 182";" 766";"23.76";"-103.616";"natural";" 2.455257e-24"
" 171";" 732";"23.36";"-103.398";"explicar";" 2.742193e-24"
" 460";"1569";"29.32";"-102.766";"encontrar";" 3.772269e-24"
" 104";" 519";"20.04";"-101.798";"video";" 6.146968e-24"
" 377";"1331";"28.32";"-101.265";"sociedad";" 8.046049e-24"
"  16";" 209";" 7.66";"-100.475";"libertad";" 1.198765e-23"
"   0";" 139";" 0.00";"-100.045";"mayo";" 1.489416e-23"
" 144";" 642";"22.43";" -99.944";"prompt";" 1.567632e-23"
" 134";" 610";"21.97";" -99.508";"informe";" 1.953470e-23"
"   0";" 138";" 0.00";" -99.324";"comisión";" 2.143592e-23"
" 532";"1759";"30.24";" -99.012";"algoritmo";" 2.510203e-23"
"  11";" 185";" 5.95";" -98.033";"celular";" 4.115295e-23"
"  43";" 307";"14.01";" -97.929";"nunca";" 4.336344e-23"
" 325";"1174";"27.68";" -97.810";"uno";" 4.606185e-23"
" 198";" 802";"24.69";" -97.658";"cuestión";" 4.971820e-23"
"   6";" 162";" 3.70";" -96.885";"consenso";" 7.345615e-23"
"  59";" 361";"16.34";" -96.678";"empezar";" 8.155239e-23"
"  20";" 218";" 9.17";" -95.699";"discriminación";" 1.337346e-22"
"  10";" 177";" 5.65";" -95.339";"sensores";" 1.604165e-22"
"  45";" 310";"14.52";" -95.298";"economía";" 1.638047e-22"
"  11";" 181";" 6.08";" -95.206";"ciento";" 1.715458e-22"
"  22";" 224";" 9.82";" -94.479";"movimiento";" 2.476502e-22"
"   9";" 170";" 5.29";" -93.370";"robot";" 4.338388e-22"
"  23";" 225";"10.22";" -92.539";"igualdad";" 6.601051e-22"
"  11";" 177";" 6.21";" -92.383";"casa";" 7.143069e-22"
"  14";" 189";" 7.41";" -92.160";"salida";" 7.992904e-22"
"  35";" 269";"13.01";" -92.015";"openai";" 8.604028e-22"
" 104";" 501";"20.76";" -91.852";"reconocimiento";" 9.338759e-22"
"   2";" 137";" 1.46";" -91.837";"foto";" 9.411378e-22"
"  10";" 172";" 5.81";" -91.800";"enviar";" 9.590103e-22"
"  25";" 229";"10.92";" -90.091";"mes";" 2.274818e-21"
" 661";"2085";"31.70";" -90.033";"mismo";" 2.342184e-21"
" 106";" 503";"21.07";" -89.481";"entrenamiento";" 3.095615e-21"
"  12";" 177";" 6.78";" -89.473";"macrodatos";" 3.108234e-21"
" 100";" 483";"20.70";" -88.990";"quedar";" 3.968071e-21"
"  91";" 451";"20.18";" -87.255";"actor";" 9.541368e-21"
" 144";" 616";"23.38";" -86.724";"procesamiento";" 1.248020e-20"
"   1";" 125";" 0.80";" -86.542";"áfrica";" 1.367952e-20"
"   0";" 120";" 0.00";" -86.348";"neurona";" 1.509140e-20"
"  97";" 466";"20.82";" -84.933";"poco";" 3.086352e-20"
" 686";"2136";"32.12";" -84.901";"caso";" 3.136700e-20"
"   4";" 136";" 2.94";" -84.594";"civil";" 3.663626e-20"
" 122";" 543";"22.47";" -84.088";"iniciativa";" 4.732303e-20"
"  43";" 285";"15.09";" -83.952";"consejo";" 5.069080e-20"
"   0";" 116";" 0.00";" -83.465";"turing";" 6.485319e-20"
"  54";" 321";"16.82";" -82.717";"intentar";" 9.466209e-20"
" 174";" 698";"24.93";" -82.509";"producir";" 1.051847e-19"
" 998";"2958";"33.74";" -82.436";"dar";" 1.091385e-19"
"  10";" 158";" 6.33";" -81.915";"declaración";" 1.420341e-19"
" 261";" 951";"27.44";" -81.676";"organización";" 1.603150e-19"
"   1";" 118";" 0.85";" -81.499";"regional";" 1.753522e-19"
" 101";" 472";"21.40";" -81.322";"después";" 1.917627e-19"
"   3";" 126";" 2.38";" -80.639";"unión europea";" 2.710003e-19"
"  11";" 160";" 6.88";" -80.421";"gustar";" 3.025004e-19"
" 124";" 542";"22.88";" -80.407";"dispositivo";" 3.047299e-19"
"  64";" 350";"18.29";" -79.967";"población";" 3.808040e-19"
"   0";" 111";" 0.00";" -79.862";"marzo";" 4.015013e-19"
"   8";" 146";" 5.48";" -79.350";"oficial";" 5.202139e-19"
"  13";" 166";" 7.83";" -78.938";"audio";" 6.410334e-19"
"  53";" 311";"17.04";" -78.729";"mensaje";" 7.125434e-19"
" 205";" 780";"26.28";" -78.093";"momento";" 9.830959e-19"
"  12";" 160";" 7.50";" -77.569";"kids";" 1.281470e-18"
"  24";" 206";"11.65";" -77.215";"personaje";" 1.533113e-18"
"   5";" 130";" 3.85";" -77.134";"etiqueta";" 1.597638e-18"
"  26";" 213";"12.21";" -76.929";"suceder";" 1.772235e-18"
"   7";" 138";" 5.07";" -76.684";"animal";" 2.006341e-18"
" 169";" 670";"25.22";" -76.421";"cantidad";" 2.292233e-18"
"  40";" 262";"15.27";" -76.120";"españa";" 2.669529e-18"
"  19";" 185";"10.27";" -75.815";"pantalla";" 3.115253e-18"
" 415";"1369";"30.31";" -75.723";"medio";" 3.264286e-18"
"   3";" 118";" 2.54";" -74.893";"amazon";" 4.968047e-18"
"   0";" 104";" 0.00";" -74.819";"reglamento";" 5.160379e-18"
"  10";" 147";" 6.80";" -74.180";"facebook";" 7.130435e-18"
" 203";" 764";"26.57";" -73.657";"referencia";" 9.294638e-18"
"   1";" 107";" 0.93";" -73.577";"ingrediente";" 9.680777e-18"
" 179";" 692";"25.87";" -72.948";"documento";" 1.331124e-17"
" 126";" 532";"23.68";" -72.335";"similar";" 1.815807e-17"
"   1";" 105";" 0.95";" -72.136";"sonido";" 2.008200e-17"
"  27";" 209";"12.92";" -71.892";"conferencia";" 2.272922e-17"
"  27";" 209";"12.92";" -71.892";"clasificar";" 2.272922e-17"
"  16";" 167";" 9.58";" -71.446";"lanzar";" 2.849520e-17"
"   5";" 122";" 4.10";" -71.421";"película";" 2.886433e-17"
"   7";" 130";" 5.38";" -71.008";"neuronal";" 3.557423e-17"
"  16";" 166";" 9.64";" -70.763";"cargo";" 4.028117e-17"
"  32";" 224";"14.29";" -69.946";"porcentaje";" 6.095216e-17"
"  26";" 202";"12.87";" -69.706";"registrar";" 6.884793e-17"
" 201";" 749";"26.84";" -69.705";"www";" 6.886096e-17"
"   2";" 106";" 1.89";" -69.531";"cámara";" 7.521343e-17"
"  27";" 205";"13.17";" -69.287";"autoridad";" 8.512359e-17"
"   8";" 131";" 6.11";" -68.746";"cuánto";" 1.120216e-16"
" 194";" 726";"26.72";" -68.576";"libro";" 1.220636e-16"
"   0";"  95";" 0.00";" -68.335";"caribe";" 1.379183e-16"
"  49";" 280";"17.50";" -68.254";"español";" 1.437663e-16"
" 233";" 837";"27.84";" -67.901";"tres";" 1.719066e-16"
" 129";" 531";"24.29";" -67.423";"etc";" 2.191023e-16"
" 141";" 567";"24.87";" -67.385";"tan";" 2.233021e-16"
"  45";" 265";"16.98";" -67.371";"pandemia";" 2.249635e-16"
"  24";" 191";"12.57";" -67.300";"llamada";" 2.331295e-16"
"   1";"  98";" 1.02";" -67.097";"fútbol";" 2.584803e-16"
"  75";" 363";"20.66";" -67.042";"electrónico";" 2.657620e-16"
" 113";" 481";"23.49";" -66.744";"hora";" 3.092084e-16"
" 294";"1007";"29.20";" -66.735";"podar|poder";" 3.105738e-16"
"  79";" 375";"21.07";" -66.638";"inglés";" 3.261713e-16"
"  25";" 193";"12.95";" -66.215";"terminar";" 4.044187e-16"
"   4";" 110";" 3.64";" -65.972";"guerra";" 4.572644e-16"
"   4";" 110";" 3.64";" -65.972";"amigo";" 4.572644e-16"
"   3";" 105";" 2.86";" -65.567";"chico";" 5.618052e-16"
" 192";" 713";"26.93";" -65.503";"artículo";" 5.801145e-16"
"  27";" 199";"13.57";" -65.401";"relativo";" 6.109760e-16"
"   6";" 117";" 5.13";" -64.799";"calcular";" 8.294460e-16"
"   4";" 108";" 3.70";" -64.543";"unicef";" 9.445458e-16"
"   8";" 125";" 6.40";" -64.519";"vehículo";" 9.561378e-16"
"  30";" 208";"14.42";" -64.289";"erar|ser";" 1.074417e-15"
" 615";"1875";"32.80";" -64.144";"tipo";" 1.156392e-15"
"   7";" 120";" 5.83";" -63.932";"ocde";" 1.287747e-15"
"   6";" 115";" 5.22";" -63.380";"jurídico";" 1.704264e-15"
"   6";" 115";" 5.22";" -63.380";"color";" 1.704264e-15"
"   0";"  88";" 0.00";" -63.294";"gato";" 1.780284e-15"
"   0";"  88";" 0.00";" -63.294";"coche";" 1.780284e-15"
"  16";" 155";"10.32";" -63.284";"malo";" 1.789271e-15"
" 117";" 486";"24.07";" -63.228";"chat";" 1.840939e-15"
"  72";" 346";"20.81";" -62.996";"decidir";" 2.071408e-15"
"  20";" 169";"11.83";" -62.545";"solicitud";" 2.604356e-15"
"  15";" 150";"10.00";" -62.500";"enfermedad";" 2.664427e-15"
"  15";" 150";"10.00";" -62.500";"entrar";" 2.664427e-15"
"  96";" 420";"22.86";" -62.343";"nombre";" 2.885878e-15"
"1400";"3914";"35.77";" -61.926";"humano";" 3.566301e-15"
"  12";" 137";" 8.76";" -61.613";"acabar";" 4.179629e-15"
"  62";" 311";"19.94";" -61.404";"ocurrir";" 4.649379e-15"
" 213";" 763";"27.92";" -61.141";"paso";" 5.312855e-15"
"1423";"3969";"35.85";" -61.113";"grande";" 5.390418e-15"
" 141";" 553";"25.50";" -60.915";"dejar";" 5.958768e-15"
"  54";" 284";"19.01";" -60.876";"dirección";" 6.079344e-15"
"  20";" 166";"12.05";" -60.559";"covid";" 7.142251e-15"
"   7";" 115";" 6.09";" -60.403";"oficina";" 7.728043e-15"
"  29";" 198";"14.65";" -60.196";"pdf";" 8.588395e-15"
" 487";"1517";"32.10";" -59.944";"marco";" 9.761458e-15"
"  23";" 176";"13.07";" -59.889";"justicia";" 1.003759e-14"
" 120";" 488";"24.59";" -59.848";"mayoría";" 1.024652e-14"
"   0";"  83";" 0.00";" -59.694";"perro";" 1.108210e-14"
"  96";" 414";"23.19";" -59.317";"online";" 1.341787e-14"
"  78";" 358";"21.79";" -59.257";"correcto";" 1.383637e-14"
"   0";"  82";" 0.00";" -58.974";"norte";" 1.597798e-14"
"  33";" 209";"15.79";" -58.313";"microsoft";" 2.235683e-14"
"  12";" 132";" 9.09";" -58.175";"organismo";" 2.398379e-14"
"  20";" 162";"12.35";" -57.920";"cooperación";" 2.729370e-14"
"   1";"  85";" 1.18";" -57.742";"alimento";" 2.989139e-14"
" 444";"1393";"31.87";" -57.576";"arti";" 3.252236e-14"
"  18";" 154";"11.69";" -57.538";"banco";" 3.314288e-14"
"   9";" 119";" 7.56";" -57.448";"diciembre";" 3.469768e-14"
"   9";" 119";" 7.56";" -57.448";"archivo";" 3.469768e-14"
"  53";" 274";"19.34";" -57.041";"inversión";" 4.267772e-14"
"   1";"  84";" 1.19";" -57.022";"icial";" 4.309249e-14"
"   7";" 110";" 6.36";" -56.882";"twitter";" 4.628431e-14"
"  35";" 213";"16.43";" -56.533";"directriz";" 5.525651e-14"
"  14";" 137";"10.22";" -56.290";"os";" 6.253007e-14"
"  78";" 352";"22.16";" -56.118";"cinco";" 6.826517e-14"
"  78";" 352";"22.16";" -56.118";"vivir";" 6.826517e-14"
"  45";" 246";"18.29";" -56.092";"robots";" 6.915239e-14"
"   1";"  82";" 1.22";" -55.583";"artif";" 8.957528e-14"
"   1";"  82";" 1.22";" -55.583";"dólar";" 8.957528e-14"
"   3";"  91";" 3.30";" -55.539";"sur";" 9.164495e-14"
"  11";" 124";" 8.87";" -55.380";"reino";" 9.932942e-14"
"   0";"  77";" 0.00";" -55.374";"beijing";" 9.963882e-14"
"   0";"  76";" 0.00";" -54.654";"tarde";" 1.437132e-13"
" 165";" 609";"27.09";" -54.636";"gpt";" 1.450533e-13"
"   4";"  94";" 4.26";" -54.551";"asunto";" 1.514621e-13"
"  15";" 138";"10.87";" -54.390";"aprobar";" 1.643926e-13"
"   4";"  93";" 4.30";" -53.839";"fotografía";" 2.176616e-13"
" 414";"1299";"31.87";" -53.653";"mostrar";" 2.392291e-13"
" 100";" 414";"24.15";" -53.321";"conversación";" 2.833258e-13"
"  24";" 169";"14.20";" -53.057";"escuchar";" 3.240660e-13"
"1075";"3034";"35.43";" -52.849";"modelo";" 3.601949e-13"
"   1";"  78";" 1.28";" -52.706";"john";" 3.873332e-13"
"  12";" 124";" 9.68";" -52.701";"barcelona";" 3.883211e-13"
"   3";"  87";" 3.45";" -52.677";"ficción";" 3.931177e-13"
"  29";" 186";"15.59";" -52.672";"ganar";" 3.940805e-13"
"  11";" 120";" 9.17";" -52.633";"cuadro";" 4.020981e-13"
"   8";" 108";" 7.41";" -52.605";"ibm";" 4.078365e-13"
"  10";" 116";" 8.62";" -52.592";"negro";" 4.105622e-13"
" 165";" 604";"27.32";" -52.544";"funcionar";" 4.206494e-13"
"   0";"  73";" 0.00";" -52.495";"famoso";" 4.314101e-13"
"  71";" 323";"21.98";" -52.409";"nota";" 4.506499e-13"
"   2";"  82";" 2.44";" -52.293";"sexual";" 4.779865e-13"
" 202";" 709";"28.49";" -52.171";"artificial";" 5.087077e-13"
"   1";"  77";" 1.30";" -51.987";"francés";" 5.586384e-13"
"  50";" 255";"19.61";" -51.828";"velocidad";" 6.057342e-13"
"  74";" 331";"22.36";" -51.700";"lista";" 6.467183e-13"
"  31";" 191";"16.23";" -51.487";"fecha";" 7.206301e-13"
"  53";" 264";"20.08";" -51.426";"mano";" 7.436374e-13"
"  39";" 218";"17.89";" -51.406";"clasificación";" 7.512385e-13"
"   1";"  76";" 1.32";" -51.268";"novelar";" 8.057629e-13"
"   1";"  76";" 1.32";" -51.268";"planeta";" 8.057629e-13"
"   3";"  85";" 3.53";" -51.247";"artista";" 8.142882e-13"
" 118";" 463";"25.49";" -51.009";"arte";" 9.192627e-13"
"  52";" 260";"20.00";" -50.997";"consultar";" 9.249026e-13"
"  23";" 162";"14.20";" -50.868";"verdad";" 9.880871e-13"
"   1";"  75";" 1.33";" -50.549";"televisión";" 1.162292e-12"
"   8";" 105";" 7.62";" -50.514";"almacenar";" 1.182964e-12"
"  27";" 175";"15.43";" -50.167";"aire";" 1.411709e-12"
"   2";"  79";" 2.53";" -50.141";"io";" 1.430594e-12"
"  12";" 120";"10.00";" -49.980";"peso";" 1.553521e-12"
" 240";" 810";"29.63";" -49.913";"servicio";" 1.607218e-12"
"   8";" 104";" 7.69";" -49.818";"carta";" 1.686563e-12"
"  31";" 188";"16.49";" -49.655";"redactar";" 1.832715e-12"
"  89";" 373";"23.86";" -49.626";"preguntar";" 1.860461e-12"
"  14";" 127";"11.02";" -49.550";"consentimiento";" 1.933875e-12"
"   8";" 103";" 7.77";" -49.123";"daño";" 2.404171e-12"
"   8";" 103";" 7.77";" -49.123";"dibujo";" 2.404171e-12"
"   3";"  82";" 3.66";" -49.104";"transporte";" 2.427865e-12"
"  15";" 130";"11.54";" -49.040";"youtube";" 2.507987e-12"
"  18";" 141";"12.77";" -48.970";"compañía";" 2.598883e-12"
"  14";" 126";"11.11";" -48.880";"facial";" 2.721035e-12"
"  13";" 122";"10.66";" -48.740";"señal";" 2.921934e-12"
"  64";" 294";"21.77";" -48.713";"mis";" 2.962208e-12"
"  89";" 370";"24.05";" -48.169";"categoría";" 3.910075e-12"
"   4";"  85";" 4.71";" -48.146";"estadounidense";" 3.957302e-12"
" 805";"2313";"34.80";" -48.135";"respuesta";" 3.978477e-12"
"  53";" 258";"20.54";" -48.117";"sesgo";" 4.016275e-12"
"  41";" 219";"18.72";" -48.113";"mapa";" 4.022672e-12"
"  22";" 154";"14.29";" -48.042";"intelligence";" 4.171802e-12"
"  12";" 117";"10.26";" -47.946";"etiquetar";" 4.382023e-12"
" 512";"1542";"33.20";" -47.907";"riesgo";" 4.468375e-12"
"  31";" 185";"16.76";" -47.834";"comercial";" 4.638123e-12"
" 517";"1555";"33.25";" -47.827";"acceso";" 4.654349e-12"
" 130";" 491";"26.48";" -47.745";"brecha";" 4.854700e-12"
"  64";" 292";"21.92";" -47.663";"data";" 5.060369e-12"
"  74";" 323";"22.91";" -47.613";"sostenible";" 5.191535e-12"
" 190";" 663";"28.66";" -47.542";"segundo";" 5.384701e-12"
"  59";" 276";"21.38";" -47.526";"justo";" 5.428739e-12"
"  20";" 146";"13.70";" -47.505";"mirar";" 5.485967e-12"
"  22";" 153";"14.38";" -47.406";"demasiado";" 5.770296e-12"
" 270";" 886";"30.47";" -47.336";"principio";" 5.980895e-12"
"  98";" 395";"24.81";" -47.153";"difícil";" 6.566429e-12"
"   6";"  92";" 6.52";" -47.139";"gubernamental";" 6.613621e-12"
" 227";" 766";"29.63";" -47.136";"siempre";" 6.623962e-12"
"  34";" 194";"17.53";" -47.134";"fondo";" 6.627925e-12"
"  40";" 214";"18.69";" -47.133";"denominar";" 6.631351e-12"
" 144";" 530";"27.17";" -47.006";"contar";" 7.075619e-12"
"   3";"  79";" 3.80";" -46.961";"conductor";" 7.240169e-12"
"   0";"  65";" 0.00";" -46.737";"orgánico";" 8.119090e-12"
"  89";" 367";"24.25";" -46.724";"década";" 8.172037e-12"
" 474";"1436";"33.01";" -46.594";"cial";" 8.732307e-12"
"  11";" 111";" 9.91";" -46.488";"noviembre";" 9.219463e-12"
"   9";" 103";" 8.74";" -46.361";"julio";" 9.837064e-12"
"   9";" 103";" 8.74";" -46.361";"blanco";" 9.837064e-12"
"   3";"  78";" 3.85";" -46.248";"ojo";" 1.042176e-11"
"   1";"  69";" 1.45";" -46.235";"alma";" 1.048756e-11"
"  43";" 222";"19.37";" -46.075";"agenciar";" 1.138096e-11"
"   4";"  82";" 4.88";" -46.014";"agua";" 1.173915e-11"
"  16";" 129";"12.40";" -45.922";"pertenecer";" 1.230823e-11"
"   2";"  73";" 2.74";" -45.840";"legislación";" 1.283320e-11"
"  32";" 185";"17.30";" -45.792";"asociación";" 1.314919e-11"
" 415";"1275";"32.55";" -45.701";"partir";" 1.377586e-11"
" 340";"1072";"31.72";" -45.520";"siguiente";" 1.511072e-11"
"   0";"  63";" 0.00";" -45.297";"república";" 1.692658e-11"
"   0";"  63";" 0.00";" -45.297";"ajedrez";" 1.692658e-11"
" 148";" 537";"27.56";" -45.123";"seguro";" 1.850686e-11"
" 363";"1133";"32.04";" -45.122";"com";" 1.851060e-11"
"   6";"  89";" 6.74";" -45.033";"inventar";" 1.937130e-11"
"   8";"  97";" 8.25";" -44.961";"junio";" 2.009938e-11"
" 333";"1051";"31.68";" -44.901";"centro";" 2.072195e-11"
"  54";" 255";"21.18";" -44.762";"sencillo";" 2.224725e-11"
"  91";" 368";"24.73";" -44.338";"salud";" 2.763670e-11"
"  59";" 269";"21.93";" -43.828";"predecir";" 3.585447e-11"
"   2";"  70";" 2.86";" -43.690";"pintar";" 3.846683e-11"
"  10";" 103";" 9.71";" -43.678";"democracia";" 3.870289e-11"
"   8";"  95";" 8.42";" -43.578";"comité";" 4.073215e-11"
"  50";" 240";"20.83";" -43.533";"méxico";" 4.167831e-11"
"   1";"  65";" 1.54";" -43.360";"sabor";" 4.553451e-11"
" 158";" 561";"28.16";" -43.244";"común";" 4.831438e-11"
" 185";" 637";"29.04";" -43.028";"juego";" 5.396946e-11"
"   2";"  69";" 2.90";" -42.974";"biológico";" 5.547010e-11"
"   6";"  86";" 6.98";" -42.932";"unesdoc";" 5.668107e-11"
"   8";"  94";" 8.51";" -42.888";"buscador";" 5.796698e-11"
"   4";"  77";" 5.19";" -42.468";"pagar";" 7.186257e-11"
"  13";" 112";"11.61";" -42.048";"visitar";" 8.905998e-11"
"  13";" 112";"11.61";" -42.048";"cerca";" 8.905998e-11"
"   3";"  72";" 4.17";" -41.969";"periodista";" 9.274381e-11"
"  14";" 115";"12.17";" -41.571";"app";" 1.136893e-10"
"   7";"  88";" 7.95";" -41.499";"titular";" 1.179077e-10"
" 139";" 502";"27.69";" -41.403";"crear|creer";" 1.238638e-10"
"   1";"  62";" 1.61";" -41.205";"ataque";" 1.371031e-10"
" 131";" 478";"27.41";" -41.009";"procesar";" 1.515410e-10"
"   0";"  57";" 0.00";" -40.980";"usd";" 1.537869e-10"
"   0";"  57";" 0.00";" -40.980";"incidente";" 1.537869e-10"
" 175";" 603";"29.02";" -40.845";"descripción";" 1.647835e-10"
"   8";"  91";" 8.79";" -40.821";"quizá";" 1.668547e-10"
" 371";"1139";"32.57";" -40.544";"establecer";" 1.922672e-10"
"   4";"  74";" 5.41";" -40.343";"fórmula";" 2.130467e-10"
"   9";"  94";" 9.57";" -40.191";"aproximadamente";" 2.302976e-10"
"   9";"  94";" 9.57";" -40.191";"proporción";" 2.302976e-10"
" 416";"1258";"33.07";" -40.165";"cuenta";" 2.334437e-10"
"   3";"  69";" 4.35";" -39.832";"obligación";" 2.767449e-10"
"  36";" 188";"19.15";" -39.771";"cálculo";" 2.856222e-10"
"   1";"  60";" 1.67";" -39.768";"tarjeta";" 2.860390e-10"
"   4";"  73";" 5.48";" -39.636";"regulatorios";" 3.060338e-10"
"  14";" 112";"12.50";" -39.598";"búsquedas";" 3.119401e-10"
"  23";" 144";"15.97";" -39.580";"energía";" 3.149158e-10"
"  47";" 223";"21.08";" -39.509";"moral";" 3.265321e-10"
"   5";"  77";" 6.49";" -39.508";"antiguo";" 3.266910e-10"
"   8";"  89";" 8.99";" -39.446";"mitad";" 3.372363e-10"
"   2";"  64";" 3.12";" -39.395";"calle";" 3.462358e-10"
"   2";"  64";" 3.12";" -39.395";"subir";" 3.462358e-10"
"  30";" 167";"17.96";" -39.109";"apertura";" 4.008940e-10"
" 170";" 584";"29.11";" -39.005";"opción";" 4.227011e-10"
" 112";" 418";"26.79";" -38.940";"objeto";" 4.369839e-10"
" 150";" 527";"28.46";" -38.844";"publicación";" 4.590351e-10"
"   0";"  54";" 0.00";" -38.822";"cocina";" 4.643437e-10"
"  72";" 299";"24.08";" -38.773";"razón";" 4.759773e-10"
"   6";"  80";" 7.50";" -38.742";"nadie";" 4.835731e-10"
"   6";"  80";" 7.50";" -38.742";"sufrir";" 4.835731e-10"
"  29";" 163";"17.79";" -38.725";"componer";" 4.880352e-10"
"   2";"  63";" 3.17";" -38.679";"femenino";" 4.994945e-10"
"   5";"  75";" 6.67";" -38.104";"israel";" 6.705660e-10"
"   0";"  53";" 0.00";" -38.102";"varón";" 6.713319e-10"
"  36";" 185";"19.46";" -38.069";"semana";" 6.828816e-10"
"   7";"  83";" 8.43";" -38.039";"ark";" 6.935936e-10"
"  74";" 303";"24.42";" -37.792";"fácil";" 7.871148e-10"
"  17";" 120";"14.17";" -37.742";"imposible";" 8.072811e-10"
"   5";"  74";" 6.76";" -37.403";"partido";" 9.605636e-10"
"   5";"  74";" 6.76";" -37.403";"oración";" 9.605636e-10"
"   5";"  74";" 6.76";" -37.403";"ventana";" 9.605636e-10"
"  18";" 123";"14.63";" -37.390";"proveedor";" 9.671767e-10"
"   0";"  52";" 0.00";" -37.383";"alexa";" 9.707363e-10"
"   0";"  52";" 0.00";" -37.383";"alan";" 9.707363e-10"
"   0";"  52";" 0.00";" -37.383";"rostro";" 9.707363e-10"
"   0";"  52";" 0.00";" -37.383";"dania";" 9.707363e-10"
"   6";"  78";" 7.69";" -37.351";"financiar";" 9.869144e-10"
"   7";"  82";" 8.54";" -37.348";"septiembre";" 9.879689e-10"
"  75";" 305";"24.59";" -37.312";"industriar";" 1.006758e-09"
"   2";"  61";" 3.28";" -37.249";"uu";" 1.039805e-09"
"  26";" 150";"17.33";" -37.002";"hogar";" 1.180077e-09"
"   3";"  65";" 4.62";" -36.987";"masculino";" 1.189227e-09"
"  29";" 160";"18.12";" -36.962";"luz";" 1.204792e-09"
"  84";" 331";"25.38";" -36.886";"soler";" 1.252502e-09"
"   0";"  51";" 0.00";" -36.663";"plato";" 1.403893e-09"
"  25";" 146";"17.12";" -36.634";"ejecutar";" 1.425114e-09"
"   2";"  60";" 3.33";" -36.534";"intef";" 1.500431e-09"
"  23";" 139";"16.55";" -36.523";"zona";" 1.509069e-09"
"  89";" 345";"25.80";" -36.515";"vídeo";" 1.515116e-09"
"  52";" 233";"22.32";" -36.490";"asignar";" 1.534678e-09"
"  47";" 217";"21.66";" -36.312";"aceptar";" 1.681318e-09"
"   1";"  55";" 1.82";" -36.177";"siri";" 1.802248e-09"
"   4";"  68";" 5.88";" -36.104";"audios";" 1.870577e-09"
"  31";" 165";"18.79";" -36.015";"entidad";" 1.957999e-09"
" 135";" 477";"28.30";" -35.988";"sólo";" 1.985078e-09"
"   0";"  50";" 0.00";" -35.944";"comida";" 2.030666e-09"
"   0";"  50";" 0.00";" -35.944";"viajar";" 2.030666e-09"
"  23";" 138";"16.67";" -35.916";"ingresar";" 2.060181e-09"
"  23";" 138";"16.67";" -35.916";"conectividad";" 2.060181e-09"
"   2";"  59";" 3.39";" -35.819";"respectivamente";" 2.165297e-09"
"   9";"  87";"10.34";" -35.438";"párrafo";" 2.633163e-09"
" 108";" 398";"27.14";" -35.400";"igual";" 2.684807e-09"
"   6";"  75";" 8.00";" -35.268";"clic";" 2.873667e-09"
" 979";"2698";"36.29";" -35.076";"crear";" 3.171534e-09"
"  50";" 224";"22.32";" -35.062";"frecuencia";" 3.193361e-09"
"  10";"  90";"11.11";" -34.897";"costa";" 3.475738e-09"
"  10";"  90";"11.11";" -34.897";"segmento";" 3.475738e-09"
" 106";" 391";"27.11";" -34.896";"negativo";" 3.477823e-09"
"  18";" 119";"15.13";" -34.874";"misión";" 3.516999e-09"
" 105";" 388";"27.06";" -34.854";"conectar";" 3.553729e-09"
"  13";" 101";"12.87";" -34.805";"nacer";" 3.644425e-09"
"  58";" 248";"23.39";" -34.700";"enorme";" 3.846052e-09"
"   4";"  66";" 6.06";" -34.694";"árbol";" 3.857538e-09"
"  26";" 146";"17.81";" -34.629";"mal";" 3.988711e-09"
"  21";" 129";"16.28";" -34.613";"nube";" 4.022956e-09"
"  66";" 272";"24.26";" -34.529";"inicio";" 4.199078e-09"
"  52";" 229";"22.71";" -34.441";"libre";" 4.393501e-09"
"  22";" 132";"16.67";" -34.352";"período";" 4.600320e-09"
"   3";"  61";" 4.92";" -34.146";"autorizar";" 5.111947e-09"
" 416";"1235";"33.68";" -34.057";"punto";" 5.351860e-09"
"  15";" 107";"14.02";" -34.009";"época";" 5.485792e-09"
"   4";"  65";" 6.15";" -33.990";"escritor";" 5.539112e-09"
"  44";" 203";"21.67";" -33.909";"masivo";" 5.774524e-09"
"  54";" 234";"23.08";" -33.847";"interfaz";" 5.962704e-09"
" 183";" 606";"30.20";" -33.843";"global";" 5.975571e-09"
"   0";"  47";" 0.00";" -33.786";"pintura";" 6.151937e-09"
"  11";"  92";"11.96";" -33.736";"alianza";" 6.313175e-09"
"  18";" 117";"15.38";" -33.626";"reunir";" 6.679914e-09"
"  36";" 177";"20.34";" -33.608";"industrial";" 6.740033e-09"
" 154";" 524";"29.39";" -33.445";"gráfico";" 7.330309e-09"
"   1";"  51";" 1.96";" -33.305";"africano";" 7.878376e-09"
"   1";"  51";" 1.96";" -33.305";"violación";" 7.878376e-09"
"   6";"  72";" 8.33";" -33.191";"cometer";" 8.352737e-09"
"  73";" 290";"25.17";" -33.111";"conseguir";" 8.705019e-09"
"  69";" 278";"24.82";" -33.094";"recordar";" 8.780845e-09"
"   0";"  46";" 0.00";" -33.067";"nse";" 8.905001e-09"
"   0";"  46";" 0.00";" -33.067";"federal";" 8.905001e-09"
"   2";"  55";" 3.64";" -32.962";"siquiera";" 9.399807e-09"
"   2";"  55";" 3.64";" -32.962";"exactamente";" 9.399807e-09"
" 496";"1441";"34.42";" -32.953";"seguir";" 9.441639e-09"
"  53";" 229";"23.14";" -32.884";"especialista";" 9.781824e-09"
"  26";" 143";"18.18";" -32.868";"socioeconómico";" 9.860866e-09"
"  26";" 143";"18.18";" -32.868";"ocasión";" 9.860866e-09"
"   9";"  83";"10.84";" -32.744";"ocupación";" 1.051426e-08"
" 540";"1555";"34.73";" -32.725";"universidad";" 1.061840e-08"
"  61";" 253";"24.11";" -32.675";"gratuito";" 1.089131e-08"
"  18";" 115";"15.65";" -32.384";"prácticamente";" 1.265129e-08"
"   0";"  45";" 0.00";" -32.347";"equivalente";" 1.289271e-08"
"   0";"  45";" 0.00";" -32.347";"debajo";" 1.289271e-08"
"  29";" 152";"19.08";" -32.338";"desinformación";" 1.295541e-08"
"   2";"  54";" 3.70";" -32.248";"división";" 1.357138e-08"
"  39";" 184";"21.20";" -32.208";"identidad";" 1.385316e-08"
"   3";"  58";" 5.17";" -32.019";"pie";" 1.526361e-08"
" 311";" 948";"32.81";" -31.976";"entender";" 1.561108e-08"
"  25";" 138";"18.12";" -31.894";"respeto";" 1.628011e-08"
"   4";"  62";" 6.45";" -31.881";"masa";" 1.639302e-08"
"   1";"  49";" 2.04";" -31.870";"network";" 1.648820e-08"
"   1";"  49";" 2.04";" -31.870";"whatsapp";" 1.648820e-08"
"   7";"  74";" 9.46";" -31.857";"cargar";" 1.659234e-08"
"   5";"  66";" 7.58";" -31.815";"pronto";" 1.695370e-08"
"   6";"  70";" 8.57";" -31.811";"canción";" 1.699339e-08"
"   6";"  70";" 8.57";" -31.811";"tierra";" 1.699339e-08"
"  26";" 141";"18.44";" -31.704";"parámetro";" 1.795336e-08"
"  66";" 266";"24.81";" -31.691";"líder";" 1.807975e-08"
"   0";"  44";" 0.00";" -31.628";"perceptrón";" 1.867010e-08"
"   0";"  44";" 0.00";" -31.628";"ost";" 1.867010e-08"
"   0";"  44";" 0.00";" -31.628";"feliz";" 1.867010e-08"
"   0";"  44";" 0.00";" -31.628";"torrejuana";" 1.867010e-08"
"   0";"  44";" 0.00";" -31.628";"retrovista";" 1.867010e-08"
" 175";" 577";"30.33";" -31.486";"mercado";" 2.008930e-08"
" 118";" 417";"28.30";" -31.457";"condición";" 2.039332e-08"
" 183";" 599";"30.55";" -31.446";"anterior";" 2.051015e-08"
"  80";" 307";"26.06";" -31.424";"elegir";" 2.074420e-08"
"  12";"  92";"13.04";" -31.323";"especie";" 2.184211e-08"
"   3";"  57";" 5.26";" -31.311";"xx";" 2.197998e-08"
"   3";"  57";" 5.26";" -31.311";"tráfico";" 2.197998e-08"
"   8";"  77";"10.39";" -31.271";"salir";" 2.243978e-08"
"   8";"  77";"10.39";" -31.271";"alc";" 2.243978e-08"
"   8";"  77";"10.39";" -31.271";"sorprendente";" 2.243978e-08"
"  38";" 179";"21.23";" -31.229";"ningún";" 2.293117e-08"
"  20";" 120";"16.67";" -31.224";"correctamente";" 2.299544e-08"
"  33";" 163";"20.25";" -31.215";"tono";" 2.310201e-08"
"   4";"  61";" 6.56";" -31.179";"garantía";" 2.353252e-08"
"   7";"  73";" 9.59";" -31.175";"copiar";" 2.357709e-08"
"   1";"  48";" 2.08";" -31.152";"transformer";" 2.385932e-08"
"   1";"  48";" 2.08";" -31.152";"noche";" 2.385932e-08"
"   1";"  48";" 2.08";" -31.152";"escriba";" 2.385932e-08"
"  41";" 188";"21.81";" -30.982";"capa";" 2.604702e-08"
"  13";"  95";"13.68";" -30.921";"car";" 2.687271e-08"
"  13";"  95";"13.68";" -30.921";"videojuego";" 2.687271e-08"
"  31";" 156";"19.87";" -30.915";"corresponder";" 2.695170e-08"
"   0";"  43";" 0.00";" -30.909";"presidente";" 2.704241e-08"
" 246";" 769";"31.99";" -30.781";"término";" 2.888758e-08"
"  67";" 267";"25.09";" -30.765";"supervisar";" 2.912964e-08"
"  22";" 126";"17.46";" -30.750";"capital";" 2.935148e-08"
"   9";"  80";"11.25";" -30.736";"navegación";" 2.957045e-08"
"  25";" 136";"18.38";" -30.728";"hoja";" 2.968235e-08"
"   3";"  56";" 5.36";" -30.604";"polímatas";" 3.165214e-08"
" 355";"1060";"33.49";" -30.568";"conocer";" 3.224003e-08"
"   6";"  68";" 8.82";" -30.434";"dinero";" 3.453882e-08"
" 275";" 846";"32.51";" -30.427";"autor";" 3.467387e-08"
"  83";" 313";"26.52";" -30.200";"afirmar";" 3.897009e-08"
"   0";"  42";" 0.00";" -30.190";"tren";" 3.917824e-08"
"   0";"  42";" 0.00";" -30.190";"telecomunicación";" 3.917824e-08"
"  75";" 289";"25.95";" -29.977";"ciudadano";" 4.370941e-08"
"  53";" 223";"23.77";" -29.919";"evento";" 4.505462e-08"
"  54";" 226";"23.89";" -29.897";"padre";" 4.556123e-08"
"   3";"  55";" 5.45";" -29.896";"mezcla";" 4.558101e-08"
"  16";" 104";"15.38";" -29.884";"siete";" 4.585975e-08"
"  36";" 170";"21.18";" -29.807";"talento";" 4.772743e-08"
" 402";"1181";"34.04";" -29.763";"escuela";" 4.882366e-08"
"   5";"  63";" 7.94";" -29.731";"botón";" 4.962564e-08"
"   5";"  63";" 7.94";" -29.731";"discriminatorio";" 4.962564e-08"
"   1";"  46";" 2.17";" -29.717";"apple";" 4.998938e-08"
"   1";"  46";" 2.17";" -29.717";"oscuro";" 4.998938e-08"
"   1";"  46";" 2.17";" -29.717";"duplicar";" 4.998938e-08"
"  45";" 198";"22.73";" -29.704";"breve";" 5.032185e-08"
" 108";" 384";"28.12";" -29.698";"jugar";" 5.048951e-08"
"  99";" 358";"27.65";" -29.617";"simple";" 5.263241e-08"
"  17";" 107";"15.89";" -29.588";"reproducir";" 5.344717e-08"
"  77";" 294";"26.19";" -29.586";"original";" 5.349155e-08"
"  15";" 100";"15.00";" -29.576";"york";" 5.376584e-08"
" 163";" 538";"30.30";" -29.505";"cultura";" 5.576173e-08"
"   0";"  41";" 0.00";" -29.471";"mccarthy";" 5.677408e-08"
"  53";" 222";"23.87";" -29.432";"liderazgo";" 5.792360e-08"
"   9";"  78";"11.54";" -29.403";"tiktok";" 5.878093e-08"
"   9";"  78";"11.54";" -29.403";"captura";" 5.878093e-08"
"   2";"  50";" 4.00";" -29.395";"vender";" 5.903422e-08"
"  62";" 249";"24.90";" -29.354";"interesar";" 6.030746e-08"
"  16";" 103";"15.53";" -29.263";"agenda";" 6.319336e-08"
"   3";"  54";" 5.56";" -29.189";"radio";" 6.564009e-08"
"   3";"  54";" 5.56";" -29.189";"permiso";" 6.564009e-08"
"  11";"  85";"12.94";" -29.144";"apenas";" 6.720606e-08"
"   6";"  66";" 9.09";" -29.061";"febrero";" 7.012455e-08"
"   6";"  66";" 9.09";" -29.061";"octubre";" 7.012455e-08"
"   5";"  62";" 8.06";" -29.038";"complicado";" 7.096201e-08"
"  13";"  92";"14.13";" -29.001";"stanford";" 7.235012e-08"
" 164";" 539";"30.43";" -28.900";"describir";" 7.621144e-08"
"  35";" 165";"21.21";" -28.828";"mover";" 7.908199e-08"
"   0";"  40";" 0.00";" -28.751";"einstein";" 8.229362e-08"
"   0";"  40";" 0.00";" -28.751";"parlamento";" 8.229362e-08"
"   0";"  40";" 0.00";" -28.751";"izquierda";" 8.229362e-08"
"   0";"  40";" 0.00";" -28.751";"aristóteles";" 8.229362e-08"
"   0";"  40";" 0.00";" -28.751";"rgpd";" 8.229362e-08"
"   0";"  40";" 0.00";" -28.751";"etarios";" 8.229362e-08"
"  45";" 196";"22.96";" -28.693";"corto";" 8.480872e-08"
"   2";"  49";" 4.08";" -28.682";"midjourney";" 8.527973e-08"
"   2";"  49";" 4.08";" -28.682";"telefónico";" 8.527973e-08"
"   8";"  73";"10.96";" -28.580";"comer";" 8.989007e-08"
"  33";" 158";"20.89";" -28.484";"viaje";" 9.449031e-08"
"  53";" 220";"24.09";" -28.464";"imaginar";" 9.545716e-08"
"   7";"  69";"10.14";" -28.457";"cifra";" 9.579120e-08"
"  59";" 238";"24.79";" -28.418";"indicación";" 9.776616e-08"
"   6";"  65";" 9.23";" -28.376";"imprimir";" 9.987636e-08"
"  15";"  98";"15.31";" -28.326";"separar";" 1.025355e-07"
" 104";" 369";"28.18";" -28.285";"detalle";" 1.046905e-07"
"   1";"  44";" 2.27";" -28.283";"uploads";" 1.048228e-07"
"   1";"  44";" 2.27";" -28.283";"servidor";" 1.048228e-07"
"   1";"  44";" 2.27";" -28.283";"odiar";" 1.048228e-07"
" 499";"1428";"34.94";" -28.186";"general";" 1.102101e-07"
"   9";"  76";"11.84";" -28.077";"anual";" 1.166096e-07"
" 857";"2348";"36.50";" -28.076";"bueno";" 1.166186e-07"
"  38";" 173";"21.97";" -28.059";"título";" 1.176915e-07"
"   0";"  39";" 0.00";" -28.032";"fn";" 1.193160e-07"
"   0";"  39";" 0.00";" -28.032";"símbolo";" 1.193160e-07"
"   0";"  39";" 0.00";" -28.032";"engañar";" 1.193160e-07"
"   0";"  39";" 0.00";" -28.032";"corear";" 1.193160e-07"
"  28";" 141";"19.86";" -27.972";"promedio";" 1.230922e-07"
"  42";" 185";"22.70";" -27.821";"comprar";" 1.330967e-07"
"  87";" 319";"27.27";" -27.816";"próximo";" 1.334350e-07"
"   7";"  68";"10.29";" -27.781";"destino";" 1.358709e-07"
"   3";"  52";" 5.77";" -27.777";"paz";" 1.361285e-07"
"   3";"  52";" 5.77";" -27.777";"infinito";" 1.361285e-07"
"  13";"  90";"14.44";" -27.729";"congreso";" 1.395247e-07"
"  45";" 194";"23.20";" -27.691";"iniciar";" 1.423511e-07"
"  20";" 114";"17.54";" -27.626";"repetir";" 1.471684e-07"
"  37";" 169";"21.89";" -27.607";"tratamiento";" 1.486210e-07"
"   0";"  38";" 0.00";" -27.313";"montevideo";" 1.730427e-07"
"   0";"  38";" 0.00";" -27.313";"telégrafo";" 1.730427e-07"
"   0";"  38";" 0.00";" -27.313";"montón";" 1.730427e-07"
"   2";"  47";" 4.26";" -27.258";"sonar";" 1.780275e-07"
"  83";" 306";"27.12";" -27.226";"predicción";" 1.810463e-07"
"  22";" 120";"18.33";" -27.221";"alimentar";" 1.814983e-07"
"   3";"  51";" 5.88";" -27.072";"comando";" 1.960387e-07"
"   3";"  51";" 5.88";" -27.072";"raro";" 1.960387e-07"
"   6";"  63";" 9.52";" -27.010";"vigente";" 2.024132e-07"
"   4";"  55";" 7.27";" -26.980";"letra";" 2.055336e-07"
"   4";"  55";" 7.27";" -26.980";"observatorio";" 2.055336e-07"
"   4";"  55";" 7.27";" -26.980";"guardar";" 2.055336e-07"
"   5";"  59";" 8.47";" -26.965";"institute";" 2.072229e-07"
"   1";"  42";" 2.38";" -26.849";"startups";" 2.200010e-07"
"   1";"  42";" 2.38";" -26.849";"idc";" 2.200010e-07"
"   1";"  42";" 2.38";" -26.849";"acordar";" 2.200010e-07"
"  12";"  85";"14.12";" -26.816";"precio";" 2.237318e-07"
"  83";" 305";"27.21";" -26.809";"descubrir";" 2.246467e-07"
"  29";" 142";"20.42";" -26.740";"planta";" 2.326962e-07"
"  29";" 142";"20.42";" -26.740";"dall";" 2.326962e-07"
"  35";" 161";"21.74";" -26.707";"quizás";" 2.367840e-07"
"  47";" 198";"23.74";" -26.642";"posición";" 2.448247e-07"
"  63";" 246";"25.61";" -26.614";"venir";" 2.484826e-07"
"   0";"  37";" 0.00";" -26.594";"alemán";" 2.510363e-07"
"   2";"  46";" 4.35";" -26.547";"castellano";" 2.572703e-07"
"   2";"  46";" 4.35";" -26.547";"cine";" 2.572703e-07"
"  13";"  88";"14.77";" -26.466";"virtud";" 2.682470e-07"
"  13";"  88";"14.77";" -26.466";"atrás";" 2.682470e-07"
" 213";" 665";"32.03";" -26.361";"indicar";" 2.831524e-07"
"  41";" 179";"22.91";" -26.349";"big";" 2.849584e-07"
" 206";" 646";"31.89";" -26.348";"diferencia";" 2.850941e-07"
"   6";"  62";" 9.68";" -26.328";"python";" 2.880104e-07"
" 450";"1292";"34.83";" -26.308";"fuente";" 2.910539e-07"
" 135";" 451";"29.93";" -26.292";"naturaleza";" 2.935418e-07"
"   5";"  58";" 8.62";" -26.275";"receta";" 2.960566e-07"
"  48";" 200";"24.00";" -26.136";"enlace";" 3.182778e-07"
"   1";"  41";" 2.44";" -26.132";"felicidad";" 3.188363e-07"
"   1";"  41";" 2.44";" -26.132";"bid";" 3.188363e-07"
"   1";"  41";" 2.44";" -26.132";"asia";" 3.188363e-07"
"   1";"  41";" 2.44";" -26.132";"derecha";" 3.188363e-07"
"   1";"  41";" 2.44";" -26.132";"verde";" 3.188363e-07"
"   1";"  41";" 2.44";" -26.132";"accidente";" 3.188363e-07"
"   9";"  73";"12.33";" -26.098";"escena";" 3.244676e-07"
"  53";" 215";"24.65";" -26.084";"registro";" 3.269379e-07"
"   8";"  69";"11.59";" -25.912";"ocho";" 3.574101e-07"
"   0";"  36";" 0.00";" -25.875";"parir";" 3.642967e-07"
"   0";"  36";" 0.00";" -25.875";"interamericano";" 3.642967e-07"
"   0";"  36";" 0.00";" -25.875";"injusticia";" 3.642967e-07"
"   0";"  36";" 0.00";" -25.875";"decreto";" 3.642967e-07"
"   0";"  36";" 0.00";" -25.875";"azar";" 3.642967e-07"
"  94";" 334";"28.14";" -25.743";"desear";" 3.900793e-07"
"   3";"  49";" 6.12";" -25.663";"lucro";" 4.065621e-07"
"  29";" 140";"20.71";" -25.649";"preocupar";" 4.095807e-07"
"  25";" 127";"19.69";" -25.589";"test";" 4.225153e-07"
"  19";" 107";"17.76";" -25.474";"obligatorio";" 4.484151e-07"
"  69";" 261";"26.44";" -25.432";"índice";" 4.583479e-07"
"   1";"  40";" 2.50";" -25.415";"piscitelli";" 4.621927e-07"
"  17";" 100";"17.00";" -25.327";"crisis";" 4.838038e-07"
"   7";"  64";"10.94";" -25.088";"estatal";" 5.475973e-07"
"  14";"  89";"15.73";" -24.904";"abril";" 6.025273e-07"
"   4";"  52";" 7.69";" -24.892";"equivocar";" 6.064642e-07"
"  41";" 176";"23.30";" -24.847";"trabajador";" 6.205966e-07"
"  32";" 148";"21.62";" -24.834";"autoría";" 6.247435e-07"
"   1";"  39";" 2.56";" -24.699";"salvo";" 6.701878e-07"
"   1";"  39";" 2.56";" -24.699";"producto interior bruto";" 6.701878e-07"
"   1";"  39";" 2.56";" -24.699";"sectorial";" 6.701878e-07"
"  24";" 122";"19.67";" -24.608";"deep";" 7.025018e-07"
" 266";" 801";"33.21";" -24.605";"modo";" 7.037766e-07"
" 111";" 379";"29.29";" -24.540";"edad";" 7.280007e-07"
"   0";"  34";" 0.00";" -24.437";"café";" 7.679445e-07"
"   2";"  43";" 4.65";" -24.414";"ruido";" 7.770471e-07"
"  63";" 241";"26.14";" -24.388";"colegio";" 7.873827e-07"
"  10";"  74";"13.51";" -24.372";"comercio";" 7.940322e-07"
"  16";"  95";"16.84";" -24.367";"crédito";" 7.963793e-07"
"  26";" 128";"20.31";" -24.348";"tamaño";" 8.040361e-07"
" 410";"1179";"34.78";" -24.346";"automático";" 8.050709e-07"
"  19";" 105";"18.10";" -24.299";"miedo";" 8.248764e-07"
"   6";"  59";"10.17";" -24.292";"perfecto";" 8.278420e-07"
"  12";"  81";"14.81";" -24.282";"vivo";" 8.319359e-07"
"   3";"  47";" 6.38";" -24.257";"increíble";" 8.431428e-07"
"   5";"  55";" 9.09";" -24.214";"lento";" 8.619826e-07"
"   4";"  51";" 7.84";" -24.197";"informacional";" 8.695965e-07"
"   9";"  70";"12.86";" -24.136";"eco";" 8.978179e-07"
"  24";" 121";"19.83";" -24.049";"cumplimiento";" 9.391541e-07"
"  24";" 121";"19.83";" -24.049";"desconocer";" 9.391541e-07"
"   1";"  38";" 2.63";" -23.983";"wp";" 9.720620e-07"
"   1";"  38";" 2.63";" -23.983";"secretar";" 9.720620e-07"
"  21";" 111";"18.92";" -23.936";"university";" 9.961058e-07"
"   8";"  66";"12.12";" -23.927";"watson";" 1.000632e-06"
"   8";"  66";"12.12";" -23.927";"impulso";" 1.000632e-06"
"  18";" 101";"17.82";" -23.914";"caja";" 1.007299e-06"
"  18";" 101";"17.82";" -23.914";"marcha";" 1.007299e-06"
"  94";" 329";"28.57";" -23.793";"tercero";" 1.072734e-06"
"   7";"  62";"11.29";" -23.751";"corpus";" 1.096168e-06"
"   0";"  33";" 0.00";" -23.718";"oei";" 1.115584e-06"
"   0";"  33";" 0.00";" -23.718";"wikipedia";" 1.115584e-06"
"   0";"  33";" 0.00";" -23.718";"turista";" 1.115584e-06"
"   0";"  33";" 0.00";" -23.718";"silencio";" 1.115584e-06"
"   0";"  33";" 0.00";" -23.718";"legislativo";" 1.115584e-06"
"   0";"  33";" 0.00";" -23.718";"pintor";" 1.115584e-06"
"   0";"  33";" 0.00";" -23.718";"junta";" 1.115584e-06"
"   0";"  33";" 0.00";" -23.718";"italiano";" 1.115584e-06"
"   2";"  42";" 4.76";" -23.704";"cl";" 1.123542e-06"
"  12";"  80";"15.00";" -23.654";"ej";" 1.152828e-06"
"   6";"  58";"10.34";" -23.616";"ilustración";" 1.176093e-06"
" 102";" 351";"29.06";" -23.552";"actualmente";" 1.215747e-06"
"  17";"  97";"17.53";" -23.536";"romero";" 1.225882e-06"
"   5";"  54";" 9.26";" -23.529";"francia";" 1.230138e-06"
" 107";" 365";"29.32";" -23.525";"cumplir";" 1.233026e-06"
"   4";"  50";" 8.00";" -23.504";"barrio";" 1.246689e-06"
"  15";"  90";"16.67";" -23.408";"ordenar";" 1.310228e-06"
"  21";" 110";"19.09";" -23.365";"encuentro";" 1.340275e-06"
"  31";" 142";"21.83";" -23.334";"existencia";" 1.361785e-06"
" 160";" 511";"31.31";" -23.296";"volver";" 1.388667e-06"
"  49";" 197";"24.87";" -23.280";"recuperar";" 1.400616e-06"
"   8";"  65";"12.31";" -23.269";"venta";" 1.408570e-06"
"   1";"  37";" 2.70";" -23.267";"digcompedu";" 1.410334e-06"
"   1";"  37";" 2.70";" -23.267";"pueblo";" 1.410334e-06"
"  22";" 113";"19.47";" -23.210";"sensible";" 1.452196e-06"
" 139";" 453";"30.68";" -23.174";"creer";" 1.479569e-06"
"  63";" 238";"26.47";" -23.081";"presencia";" 1.552889e-06"
"  28";" 132";"21.21";" -23.052";"santo";" 1.576468e-06"
"   0";"  32";" 0.00";" -22.999";"habitación";" 1.621228e-06"
"   0";"  32";" 0.00";" -22.999";"avión";" 1.621228e-06"
"   0";"  32";" 0.00";" -22.999";"poema";" 1.621228e-06"
"   0";"  32";" 0.00";" -22.999";"asamblea";" 1.621228e-06"
"   2";"  41";" 4.88";" -22.994";"dignidad";" 1.624786e-06"
"   5";"  53";" 9.43";" -22.846";"gobernar";" 1.754968e-06"
"   5";"  53";" 9.43";" -22.846";"dibujar";" 1.754968e-06"
"   5";"  53";" 9.43";" -22.846";"confusión";" 1.754968e-06"
"   9";"  68";"13.24";" -22.837";"go";" 1.763453e-06"
"   9";"  68";"13.24";" -22.837";"suerte";" 1.763453e-06"
"  48";" 193";"24.87";" -22.813";"arquitectura";" 1.785557e-06"
"  21";" 109";"19.27";" -22.796";"bing";" 1.801254e-06"
"  32";" 144";"22.22";" -22.745";"cdd";" 1.849535e-06"
"  18";"  99";"18.18";" -22.741";"mit";" 1.853226e-06"
" 141";" 457";"30.85";" -22.675";"formato";" 1.918626e-06"
"1100";"2929";"37.56";" -22.653";"social";" 1.940324e-06"
"  16";"  92";"17.39";" -22.569";"perú";" 2.026914e-06"
"  19";" 102";"18.63";" -22.556";"causar";" 2.041138e-06"
"   1";"  36";" 2.78";" -22.551";"longitud";" 2.046856e-06"
"   1";"  36";" 2.78";" -22.551";"electricidad";" 2.046856e-06"
"  37";" 159";"23.27";" -22.503";"consumo";" 2.098514e-06"
"  38";" 162";"23.46";" -22.469";"resto";" 2.135087e-06"
"  14";"  85";"16.47";" -22.452";"html";" 2.154193e-06"
"  20";" 105";"19.05";" -22.386";"estimar";" 2.229856e-06"
"   2";"  40";" 5.00";" -22.285";"mexicano";" 2.350011e-06"
"   2";"  40";" 5.00";" -22.285";"verano";" 2.350011e-06"
"   2";"  40";" 5.00";" -22.285";"pobre";" 2.350011e-06"
"   0";"  31";" 0.00";" -22.280";"gob";" 2.357032e-06"
"   0";"  31";" 0.00";" -22.280";"eliza";" 2.357032e-06"
"   0";"  31";" 0.00";" -22.280";"ferrocarril";" 2.357032e-06"
"   0";"  31";" 0.00";" -22.280";"ir|ser";" 2.357032e-06"
"  25";" 121";"20.66";" -22.274";"fiable";" 2.364069e-06"
" 283";" 837";"33.81";" -22.243";"responder";" 2.402298e-06"
"  32";" 143";"22.38";" -22.230";"popular";" 2.418619e-06"
"  15";"  88";"17.05";" -22.203";"editar";" 2.453125e-06"
"   9";"  67";"13.43";" -22.191";"eu";" 2.468657e-06"
"   9";"  67";"13.43";" -22.191";"mañana";" 2.468657e-06"
"   5";"  52";" 9.62";" -22.164";"anuncio";" 2.502858e-06"
"   3";"  44";" 6.82";" -22.153";"boletín";" 2.517728e-06"
"   3";"  44";" 6.82";" -22.153";"normativos";" 2.517728e-06"
"   3";"  44";" 6.82";" -22.153";"regulatorio";" 2.517728e-06"
"   3";"  44";" 6.82";" -22.153";"negar";" 2.517728e-06"
"  13";"  81";"16.05";" -22.112";"grave";" 2.572082e-06"
"  13";"  81";"16.05";" -22.112";"almacenamiento";" 2.572082e-06"
" 153";" 488";"31.35";" -22.066";"mente";" 2.634311e-06"
" 120";" 397";"30.23";" -21.998";"cuatro";" 2.728716e-06"
"  28";" 130";"21.54";" -21.989";"ingeniero";" 2.742628e-06"
"   8";"  63";"12.70";" -21.959";"simbólico";" 2.785557e-06"
"  41";" 170";"24.12";" -21.914";"motivo";" 2.851998e-06"
"   1";"  35";" 2.86";" -21.835";"descargar";" 2.971650e-06"
"  20";" 104";"19.23";" -21.817";"diagrama";" 2.999102e-06"
"  10";"  70";"14.29";" -21.812";"pegar";" 3.006582e-06"
"  21";" 107";"19.63";" -21.668";"ejecutivo";" 3.241611e-06"
"  15";"  87";"17.24";" -21.604";"educacióncapítulo";" 3.351132e-06"
"   2";"  39";" 5.13";" -21.577";"antidisciplinario";" 3.399480e-06"
"   2";"  39";" 5.13";" -21.577";"traductor";" 3.399480e-06"
"   2";"  39";" 5.13";" -21.577";"regulador";" 3.399480e-06"
"   0";"  30";" 0.00";" -21.561";"latam";" 3.428291e-06"
"   0";"  30";" 0.00";" -21.561";"celda";" 3.428291e-06"
"   0";"  30";" 0.00";" -21.561";"romeo";" 3.428291e-06"
"   0";"  30";" 0.00";" -21.561";"oír";" 3.428291e-06"
" 127";" 415";"30.60";" -21.533";"deber|debido";" 3.477757e-06"
" 118";" 390";"30.26";" -21.498";"determinar";" 3.542433e-06"
"   5";"  51";" 9.80";" -21.484";"haz";" 3.568164e-06"
"   5";"  51";" 9.80";" -21.484";"amor";" 3.568164e-06"
"   5";"  51";" 9.80";" -21.484";"disfrutar";" 3.568164e-06"
"   3";"  43";" 6.98";" -21.453";"indio";" 3.625382e-06"
"  49";" 193";"25.39";" -21.438";"dónde";" 3.653730e-06"
"   4";"  47";" 8.51";" -21.430";"corporación";" 3.669316e-06"
"  16";"  90";"17.78";" -21.385";"manipulación";" 3.757609e-06"
" 408";"1160";"35.17";" -21.318";"alto";" 3.890834e-06"
" 111";" 370";"30.00";" -21.305";"solicitar";" 3.916843e-06"
" 169";" 529";"31.95";" -21.288";"comenzar";" 3.951802e-06"
" 208";" 634";"32.81";" -21.285";"error";" 3.958650e-06"
"  10";"  69";"14.49";" -21.178";"blog";" 4.185041e-06"
"  10";"  69";"14.49";" -21.178";"directora";" 4.185041e-06"
"  12";"  76";"15.79";" -21.166";"mesa";" 4.210891e-06"
" 181";" 561";"32.26";" -21.158";"serie";" 4.229786e-06"
"  75";" 268";"27.99";" -21.119";"negocio";" 4.315473e-06"
"   1";"  34";" 2.94";" -21.119";"mandato";" 4.315798e-06"
"   1";"  34";" 2.94";" -21.119";"suelo";" 4.315798e-06"
"  21";" 106";"19.81";" -21.108";"net";" 4.340474e-06"
"  21";" 106";"19.81";" -21.108";"sacar";" 4.340474e-06"
"  26";" 122";"21.31";" -21.098";"recientemente";" 4.363744e-06"
"   6";"  54";"11.11";" -20.928";"premio";" 4.768485e-06"
"   6";"  54";"11.11";" -20.928";"circular";" 4.768485e-06"
"  62";" 230";"26.96";" -20.912";"estadístico";" 4.808602e-06"
"   9";"  65";"13.85";" -20.905";"columna";" 4.826116e-06"
"   9";"  65";"13.85";" -20.905";"representante";" 4.826116e-06"
"   2";"  38";" 5.26";" -20.869";"text";" 4.918429e-06"
"   2";"  38";" 5.26";" -20.869";"alejandro";" 4.918429e-06"
"   2";"  38";" 5.26";" -20.869";"vector";" 4.918429e-06"
"   2";"  38";" 5.26";" -20.869";"desempleo";" 4.918429e-06"
"   2";"  38";" 5.26";" -20.869";"veinte";" 4.918429e-06"
" 303";" 884";"34.28";" -20.853";"capaz";" 4.958014e-06"
"   0";"  29";" 0.00";" -20.842";"julieta";" 4.988766e-06"
"   0";"  29";" 0.00";" -20.842";"retrato";" 4.988766e-06"
"   0";"  29";" 0.00";" -20.842";"firma";" 4.988766e-06"
"   0";"  29";" 0.00";" -20.842";"tiki";" 4.988766e-06"
"   0";"  29";" 0.00";" -20.842";"taka";" 4.988766e-06"
"   0";"  29";" 0.00";" -20.842";"ordenación";" 4.988766e-06"
"   0";"  29";" 0.00";" -20.842";"adolescencias";" 4.988766e-06"
"   5";"  50";"10.00";" -20.805";"sesgados";" 5.084929e-06"
"   3";"  42";" 7.14";" -20.755";"universalidad";" 5.220135e-06"
"   3";"  42";" 7.14";" -20.755";"fijar";" 5.220135e-06"
"  57";" 215";"26.51";" -20.733";"médico";" 5.280201e-06"
"  20";" 102";"19.61";" -20.688";"ee";" 5.404877e-06"
"  20";" 102";"19.61";" -20.688";"coordinar";" 5.404877e-06"
"   8";"  61";"13.11";" -20.657";"contrato";" 5.492674e-06"
" 432";"1219";"35.44";" -20.655";"capítulo";" 5.498302e-06"
"  21";" 105";"20.00";" -20.552";"gemini";" 5.804293e-06"
"  12";"  75";"16.00";" -20.551";"pln";" 5.806636e-06"
"  38";" 158";"24.05";" -20.518";"director";" 5.907136e-06"
"  38";" 158";"24.05";" -20.518";"ocupar";" 5.907136e-06"
"   1";"  33";" 3.03";" -20.404";"rueda";" 6.270274e-06"
"   1";"  33";" 3.03";" -20.404";"piel";" 6.270274e-06"
"   1";"  33";" 3.03";" -20.404";"ministro";" 6.270274e-06"
"   1";"  33";" 3.03";" -20.404";"pareja";" 6.270274e-06"
"  29";" 130";"22.31";" -20.351";"reunión";" 6.445079e-06"
"  19";"  98";"19.39";" -20.272";"provenir";" 6.718110e-06"
"   6";"  53";"11.32";" -20.261";"jefe";" 6.757644e-06"
"   6";"  53";"11.32";" -20.261";"apunte";" 6.757644e-06"
"   2";"  37";" 5.41";" -20.161";"diagnóstica";" 7.117274e-06"
"   2";"  37";" 5.41";" -20.161";"alemania";" 7.117274e-06"
"   2";"  37";" 5.41";" -20.161";"infancias";" 7.117274e-06"
"   5";"  49";"10.20";" -20.128";"lucha";" 7.243442e-06"
"   0";"  28";" 0.00";" -20.123";"cumbre";" 7.263157e-06"
"  49";" 190";"25.79";" -20.086";"probable";" 7.402546e-06"
"   4";"  45";" 8.89";" -20.054";"madre";" 7.527583e-06"
"  14";"  81";"17.28";" -20.043";"allí";" 7.572079e-06"
"  46";" 181";"25.41";" -20.039";"motor";" 7.587283e-06"
"  17";"  91";"18.68";" -20.027";"ubicación";" 7.635623e-06"
"  42";" 169";"24.85";" -20.013";"adelante";" 7.691696e-06"
"  27";" 123";"21.95";" -19.964";"conducta";" 7.891340e-06"
"  10";"  67";"14.93";" -19.917";"exacto";" 8.085736e-06"
" 287";" 838";"34.25";" -19.902";"ai";" 8.151511e-06"
"  22";" 107";"20.56";" -19.880";"plano";" 8.244065e-06"
"  22";" 107";"20.56";" -19.880";"peligro";" 8.244065e-06"
"   1";"  32";" 3.12";" -19.689";"agosto";" 9.113461e-06"
"  24";" 113";"21.24";" -19.678";"vigilancia";" 9.166046e-06"
" 349";" 999";"34.93";" -19.653";"poner";" 9.283492e-06"
"  48";" 186";"25.81";" -19.621";"origen";" 9.444114e-06"
"  11";"  70";"15.71";" -19.607";"content";" 9.514061e-06"
"  11";"  70";"15.71";" -19.607";"madrid";" 9.514061e-06"
"  11";"  70";"15.71";" -19.607";"brasil";" 9.514061e-06"
"   6";"  52";"11.54";" -19.595";"ceder";" 9.570944e-06"
"   6";"  52";"11.54";" -19.595";"exacerbar";" 9.570944e-06"
"  81";" 281";"28.83";" -19.536";"mecanismo";" 9.873504e-06"
"   2";"  36";" 5.56";" -19.455";"impreso";" 1.030094e-05"
"   2";"  36";" 5.56";" -19.455";"israelí";" 1.030094e-05"
"   2";"  36";" 5.56";" -19.455";"portátil";" 1.030094e-05"
"   5";"  48";"10.42";" -19.452";"saber|ser";" 1.031366e-05"
" 100";" 334";"29.94";" -19.418";"empleo";" 1.049998e-05"
"   0";"  27";" 0.00";" -19.404";"deepmind";" 1.058010e-05"
"   0";"  27";" 0.00";" -19.404";"sol";" 1.058010e-05"
"   4";"  44";" 9.09";" -19.368";"sueño";" 1.077760e-05"
"   8";"  59";"13.56";" -19.365";"doctor";" 1.079606e-05"
"   8";"  59";"13.56";" -19.365";"rural";" 1.079606e-05"
"   3";"  40";" 7.50";" -19.361";"portal";" 1.082109e-05"
"   3";"  40";" 7.50";" -19.361";"integrante";" 1.082109e-05"
"  12";"  73";"16.44";" -19.329";"uruguay";" 1.100476e-05"
"  12";"  73";"16.44";" -19.329";"esfera";" 1.100476e-05"
"  18";"  93";"19.35";" -19.293";"referente";" 1.121276e-05"
"  31";" 134";"23.13";" -19.238";"bit";" 1.154226e-05"
"  36";" 149";"24.16";" -19.107";"editorial";" 1.235904e-05"
"  42";" 167";"25.15";" -19.087";"dividir";" 1.248665e-05"
"  25";" 115";"21.74";" -19.064";"an";" 1.263827e-05"
" 113";" 369";"30.62";" -19.063";"determinado";" 1.264760e-05"
" 561";"1542";"36.38";" -19.051";"usuario";" 1.272674e-05"
"  73";" 257";"28.40";" -19.039";"cliente";" 1.280989e-05"
" 104";" 344";"30.23";" -19.029";"infraestructura";" 1.287756e-05"
"   9";"  62";"14.52";" -18.995";"lanzamiento";" 1.310412e-05"
"   1";"  31";" 3.23";" -18.974";"lápiz";" 1.325141e-05"
"   1";"  31";" 3.23";" -18.974";"confidencialidad";" 1.325141e-05"
"   6";"  51";"11.76";" -18.932";"sonoro";" 1.354700e-05"
"   6";"  51";"11.76";" -18.932";"interior";" 1.354700e-05"
"   6";"  51";"11.76";" -18.932";"huella";" 1.354700e-05"
"  63";" 228";"27.63";" -18.888";"traducción";" 1.386399e-05"
"  63";" 228";"27.63";" -18.888";"crecer";" 1.386399e-05"
"  17";"  89";"19.10";" -18.882";"colombia";" 1.390852e-05"
" 202";" 609";"33.17";" -18.829";"observar";" 1.429743e-05"
"   5";"  47";"10.64";" -18.779";"nlp";" 1.467827e-05"
"   2";"  35";" 5.71";" -18.749";"id";" 1.491138e-05"
"   2";"  35";" 5.71";" -18.749";"capitalismo";" 1.491138e-05"
"   2";"  35";" 5.71";" -18.749";"ganador";" 1.491138e-05"
"   2";"  35";" 5.71";" -18.749";"regresión";" 1.491138e-05"
"   2";"  35";" 5.71";" -18.749";"continente";" 1.491138e-05"
"   2";"  35";" 5.71";" -18.749";"banda";" 1.491138e-05"
" 791";"2124";"37.24";" -18.734";"mundo";" 1.502634e-05"
"  12";"  72";"16.67";" -18.722";"ciberseguridad";" 1.512330e-05"
"   0";"  26";" 0.00";" -18.685";"blue";" 1.542063e-05"
"   0";"  26";" 0.00";" -18.685";"restaurante";" 1.542063e-05"
"   0";"  26";" 0.00";" -18.685";"invierno";" 1.542063e-05"
"   0";"  26";" 0.00";" -18.685";"volar";" 1.542063e-05"
"   0";"  26";" 0.00";" -18.685";"hackers";" 1.542063e-05"
"   0";"  26";" 0.00";" -18.685";"billones";" 1.542063e-05"
"   0";"  26";" 0.00";" -18.685";"gps";" 1.542063e-05"
"   0";"  26";" 0.00";" -18.685";"escritorio";" 1.542063e-05"
" 218";" 651";"33.49";" -18.684";"aún";" 1.542460e-05"
"   4";"  43";" 9.30";" -18.684";"complicar";" 1.542634e-05"
"  45";" 175";"25.71";" -18.671";"eliminar";" 1.553416e-05"
"  36";" 148";"24.32";" -18.629";"adulto";" 1.587899e-05"
"  36";" 148";"24.32";" -18.629";"flujo";" 1.587899e-05"
"  37";" 151";"24.50";" -18.620";"detrás";" 1.595272e-05"
"  39";" 157";"24.84";" -18.614";"ciudadanía";" 1.600631e-05"
"  13";"  75";"17.33";" -18.482";"pionero";" 1.715038e-05"
"  20";"  98";"20.41";" -18.468";"puesto";" 1.727402e-05"
"  11";"  68";"16.18";" -18.377";"urbano";" 1.812222e-05"
"  21";" 101";"20.79";" -18.358";"imponer";" 1.830787e-05"
" 414";"1161";"35.66";" -18.322";"base";" 1.865646e-05"
"  85";" 289";"29.41";" -18.320";"interesante";" 1.867018e-05"
"  17";"  88";"19.32";" -18.314";"valer";" 1.873273e-05"
"  30";" 129";"23.26";" -18.278";"tampoco";" 1.908744e-05"
"   6";"  50";"12.00";" -18.271";"estimación";" 1.916213e-05"
"   1";"  30";" 3.33";" -18.259";"plástico";" 1.927676e-05"
"   1";"  30";" 3.33";" -18.259";"deepfakes";" 1.927676e-05"
"   1";"  30";" 3.33";" -18.259";"árabe";" 1.927676e-05"
"   1";"  30";" 3.33";" -18.259";"defecto";" 1.927676e-05"
" 425";"1189";"35.74";" -18.253";"conjunto";" 1.934317e-05"
"  18";"  91";"19.78";" -18.169";"incorrecto";" 2.021594e-05"
"  39";" 156";"25.00";" -18.149";"chile";" 2.042370e-05"
"  15";"  81";"18.52";" -18.076";"enero";" 2.122984e-05"
"   2";"  34";" 5.88";" -18.044";"comisión europea";" 2.158934e-05"
"   2";"  34";" 5.88";" -18.044";"recto";" 2.158934e-05"
"   2";"  34";" 5.88";" -18.044";"umbral";" 2.158934e-05"
"   2";"  34";" 5.88";" -18.044";"porcentual";" 2.158934e-05"
"  86";" 291";"29.55";" -18.029";"humanidad";" 2.175848e-05"
"   4";"  42";" 9.52";" -18.001";"altura";" 2.207332e-05"
"   4";"  42";" 9.52";" -18.001";"británico";" 2.207332e-05"
"   3";"  38";" 7.89";" -17.971";"abogado";" 2.242546e-05"
"   0";"  25";" 0.00";" -17.966";"infracción";" 2.248960e-05"
"   0";"  25";" 0.00";" -17.966";"daam";" 2.248960e-05"
"   0";"  25";" 0.00";" -17.966";"balón";" 2.248960e-05"
"   0";"  25";" 0.00";" -17.966";"inventor";" 2.248960e-05"
"   0";"  25";" 0.00";" -17.966";"chefs";" 2.248960e-05"
"   0";"  25";" 0.00";" -17.966";"amistad";" 2.248960e-05"
"   7";"  53";"13.21";" -17.830";"contestar";" 2.415043e-05"
"   9";"  60";"15.00";" -17.736";"dios";" 2.537824e-05"
" 210";" 626";"33.55";" -17.705";"código";" 2.579278e-05"
"  69";" 242";"28.51";" -17.637";"hacerlo";" 2.673704e-05"
"   6";"  49";"12.24";" -17.612";"agradecimientos";" 2.708558e-05"
" 154";" 476";"32.35";" -17.598";"aquí";" 2.729024e-05"
"   1";"  29";" 3.45";" -17.545";"parental";" 2.805508e-05"
"   1";"  29";" 3.45";" -17.545";"california";" 2.805508e-05"
"   1";"  29";" 3.45";" -17.545";"fiscal";" 2.805508e-05"
"   1";"  29";" 3.45";" -17.545";"estrella";" 2.805508e-05"
"   1";"  29";" 3.45";" -17.545";"extraño";" 2.805508e-05"
"   1";"  29";" 3.45";" -17.545";"listo";" 2.805508e-05"
"   1";"  29";" 3.45";" -17.545";"habitante";" 2.805508e-05"
"  67";" 236";"28.39";" -17.517";"automáticamente";" 2.848001e-05"
"   5";"  45";"11.11";" -17.438";"educacion";" 2.968401e-05"
"   5";"  45";"11.11";" -17.438";"generativo";" 2.968401e-05"
"  20";"  96";"20.83";" -17.379";"hijo";" 3.061473e-05"
"   2";"  33";" 6.06";" -17.339";"euro";" 3.126393e-05"
"   2";"  33";" 6.06";" -17.339";"racial";" 3.126393e-05"
"   2";"  33";" 6.06";" -17.339";"salvar";" 3.126393e-05"
"   2";"  33";" 6.06";" -17.339";"ejem";" 3.126393e-05"
"  16";"  83";"19.28";" -17.335";"on";" 3.132972e-05"
"  29";" 124";"23.39";" -17.321";"extensión";" 3.157118e-05"
"   4";"  41";" 9.76";" -17.321";"funcionario";" 3.157360e-05"
"  43";" 166";"25.90";" -17.294";"resumir";" 3.201642e-05"
"   3";"  37";" 8.11";" -17.279";"excel";" 3.227885e-05"
"   3";"  37";" 8.11";" -17.279";"pobreza";" 3.227885e-05"
"  32";" 133";"24.06";" -17.247";"auto";" 3.281895e-05"
"   0";"  24";" 0.00";" -17.247";"netflix";" 3.282076e-05"
"   0";"  24";" 0.00";" -17.247";"ranking";" 3.282076e-05"
"   0";"  24";" 0.00";" -17.247";"temperatura";" 3.282076e-05"
"   0";"  24";" 0.00";" -17.247";"ruso";" 3.282076e-05"
"   0";"  24";" 0.00";" -17.247";"rastro";" 3.282076e-05"
"   0";"  24";" 0.00";" -17.247";"patricio";" 3.282076e-05"
"   0";"  24";" 0.00";" -17.247";"signifca";" 3.282076e-05"
"   0";"  24";" 0.00";" -17.247";"encantar";" 3.282076e-05"
"   0";"  24";" 0.00";" -17.247";"circulación";" 3.282076e-05"
" 529";"1450";"36.48";" -17.229";"ética|ético";" 3.313842e-05"
" 849";"2260";"37.57";" -17.227";"ya";" 3.317465e-05"
"  94";" 311";"30.23";" -17.218";"disponer";" 3.333263e-05"
"  36";" 145";"24.83";" -17.215";"memoria";" 3.338016e-05"
"  53";" 195";"27.18";" -17.193";"biblioteca";" 3.376503e-05"
"   9";"  59";"15.25";" -17.111";"oecd";" 3.525963e-05"
"   9";"  59";"15.25";" -17.111";"deseable";" 3.525963e-05"
"  71";" 246";"28.86";" -16.999";"todavía";" 3.739589e-05"
" 230";" 676";"34.02";" -16.985";"sesgos";" 3.767786e-05"
"   6";"  48";"12.50";" -16.956";"filósofo";" 3.825661e-05"
"  19";"  92";"20.65";" -16.943";"ed";" 3.851541e-05"
"  15";"  79";"18.99";" -16.926";"sigla";" 3.886141e-05"
"  80";" 271";"29.52";" -16.876";"emoción";" 3.991116e-05"
"   1";"  28";" 3.57";" -16.831";"ocurrencia";" 4.085155e-05"
"   1";"  28";" 3.57";" -16.831";"laberinto";" 4.085155e-05"
"   1";"  28";" 3.57";" -16.831";"xix";" 4.085155e-05"
"   1";"  28";" 3.57";" -16.831";"magia";" 4.085155e-05"
"   1";"  28";" 3.57";" -16.831";"barra";" 4.085155e-05"
"   1";"  28";" 3.57";" -16.831";"marcador";" 4.085155e-05"
"   8";"  55";"14.55";" -16.813";"juan";" 4.125258e-05"
" 167";" 508";"32.87";" -16.775";"distinto";" 4.208885e-05"
"  38";" 150";"25.33";" -16.765";"exposición";" 4.231648e-05"
"  33";" 135";"24.44";" -16.757";"distribuir";" 4.248629e-05"
"  35";" 141";"24.82";" -16.749";"prestar";" 4.266977e-05"
"  13";"  72";"18.06";" -16.710";"tocar";" 4.354169e-05"
"  13";"  72";"18.06";" -16.710";"transcripción";" 4.354169e-05"
" 123";" 389";"31.62";" -16.680";"crecimiento";" 4.425339e-05"
"   4";"  40";"10.00";" -16.642";"diffusion";" 4.514598e-05"
"   4";"  40";"10.00";" -16.642";"recuerdo";" 4.514598e-05"
"   4";"  40";"10.00";" -16.642";"provincia";" 4.514598e-05"
"   2";"  32";" 6.25";" -16.636";"procesador";" 4.528276e-05"
"   3";"  36";" 8.33";" -16.587";"secretario";" 4.645653e-05"
"   3";"  36";" 8.33";" -16.587";"burbuja";" 4.645653e-05"
"   3";"  36";" 8.33";" -16.587";"víctima";" 4.645653e-05"
"   0";"  23";" 0.00";" -16.528";"vp";" 4.793203e-05"
"   0";"  23";" 0.00";" -16.528";"smartphone";" 4.793203e-05"
"   0";"  23";" 0.00";" -16.528";"queso";" 4.793203e-05"
"   0";"  23";" 0.00";" -16.528";"tículo";" 4.793203e-05"
"   0";"  23";" 0.00";" -16.528";"pájaro";" 4.793203e-05"
"   0";"  23";" 0.00";" -16.528";"tor";" 4.793203e-05"
"   0";"  23";" 0.00";" -16.528";"oído";" 4.793203e-05"
"   0";"  23";" 0.00";" -16.528";"convenio";" 4.793203e-05"
"   0";"  23";" 0.00";" -16.528";"decena";" 4.793203e-05"
"   0";"  23";" 0.00";" -16.528";"aleatoria";" 4.793203e-05"
"  15";"  78";"19.23";" -16.357";"recurrente";" 5.246022e-05"
"  12";"  68";"17.65";" -16.329";"iesalc";" 5.325105e-05"
"  12";"  68";"17.65";" -16.329";"recuadro";" 5.325105e-05"
"  12";"  68";"17.65";" -16.329";"nuevamente";" 5.325105e-05"
"  52";" 190";"27.37";" -16.321";"sentir";" 5.346227e-05"
"  30";" 125";"24.00";" -16.318";"advertir";" 5.355215e-05"
"  82";" 275";"29.82";" -16.305";"joven";" 5.391504e-05"
"   6";"  47";"12.77";" -16.303";"eléctrico";" 5.399176e-05"
"  16";"  81";"19.75";" -16.210";"financiación";" 5.669613e-05"
"  16";"  81";"19.75";" -16.210";"agrupar";" 5.669613e-05"
"  10";"  61";"16.39";" -16.206";"rendición";" 5.681788e-05"
"   8";"  54";"14.81";" -16.182";"muestra";" 5.752731e-05"
"  75";" 255";"29.41";" -16.158";"comparar";" 5.828644e-05"
"   1";"  27";" 3.70";" -16.118";"puntaje";" 5.951683e-05"
"   1";"  27";" 3.70";" -16.118";"api";" 5.951683e-05"
"   1";"  27";" 3.70";" -16.118";"invento";" 5.951683e-05"
"   1";"  27";" 3.70";" -16.118";"concurso";" 5.951683e-05"
"   1";"  27";" 3.70";" -16.118";"soberanía";" 5.951683e-05"
" 105";" 338";"31.07";" -16.102";"reciente";" 6.001265e-05"
"  23";" 103";"22.33";" -16.082";"acercar";" 6.067340e-05"
"   4";"  39";"10.26";" -15.965";"binario";" 6.452644e-05"
"   4";"  39";"10.26";" -15.965";"aa";" 6.452644e-05"
"  14";"  74";"18.92";" -15.949";"mediático";" 6.506985e-05"
"   2";"  31";" 6.45";" -15.934";"fila";" 6.560085e-05"
"   2";"  31";" 6.45";" -15.934";"ocultar";" 6.560085e-05"
"   2";"  31";" 6.45";" -15.934";"nacimiento";" 6.560085e-05"
"   2";"  31";" 6.45";" -15.934";"violar";" 6.560085e-05"
"   3";"  35";" 8.57";" -15.898";"fundador";" 6.685282e-05"
"   3";"  35";" 8.57";" -15.898";"canadá";" 6.685282e-05"
"   3";"  35";" 8.57";" -15.898";"notificación";" 6.685282e-05"
"  59";" 209";"28.23";" -15.879";"música";" 6.750968e-05"
"  39";" 151";"25.83";" -15.879";"respetar";" 6.753996e-05"
"  37";" 145";"25.52";" -15.845";"agregado";" 6.875443e-05"
"   0";"  22";" 0.00";" -15.809";"publications";" 7.005502e-05"
"   0";"  22";" 0.00";" -15.809";"soviético";" 7.005502e-05"
"   0";"  22";" 0.00";" -15.809";"humania";" 7.005502e-05"
"   0";"  22";" 0.00";" -15.809";"dígito";" 7.005502e-05"
"   0";"  22";" 0.00";" -15.809";"bebé";" 7.005502e-05"
"   0";"  22";" 0.00";" -15.809";"salario";" 7.005502e-05"
"   0";"  22";" 0.00";" -15.809";"intimidad";" 7.005502e-05"
"   0";"  22";" 0.00";" -15.809";"dormir";" 7.005502e-05"
"  20";"  93";"21.51";" -15.774";"ubicar";" 7.138326e-05"
"  21";"  96";"21.88";" -15.696";"entrevistar";" 7.439050e-05"
"   6";"  46";"13.04";" -15.652";"sede";" 7.613385e-05"
"   6";"  46";"13.04";" -15.652";"obvio";" 7.613385e-05"
"   6";"  46";"13.04";" -15.652";"fallar";" 7.613385e-05"
"  10";"  60";"16.67";" -15.599";"doctorar";" 7.829328e-05"
"  10";"  60";"16.67";" -15.599";"esperanza";" 7.829328e-05"
"  10";"  60";"16.67";" -15.599";"concentración";" 7.829328e-05"
"  10";"  60";"16.67";" -15.599";"entero";" 7.829328e-05"
"   8";"  53";"15.09";" -15.555";"language";" 8.013038e-05"
"   8";"  53";"15.09";" -15.555";"consciencia";" 8.013038e-05"
"  60";" 211";"28.44";" -15.548";"regular";" 8.043055e-05"
"   5";"  42";"11.90";" -15.444";"infancia";" 8.498478e-05"
"   5";"  42";"11.90";" -15.444";"signo";" 8.498478e-05"
"   5";"  42";"11.90";" -15.444";"peligroso";" 8.498478e-05"
"  26";" 111";"23.42";" -15.441";"potente";" 8.511761e-05"
"   1";"  26";" 3.85";" -15.405";"verónica";" 8.676048e-05"
"   1";"  26";" 3.85";" -15.405";"muerte";" 8.676048e-05"
"   1";"  26";" 3.85";" -15.405";"calculadora";" 8.676048e-05"
"   1";"  26";" 3.85";" -15.405";"caminar";" 8.676048e-05"
"   1";"  26";" 3.85";" -15.405";"agravar";" 8.676048e-05"
" 142";" 436";"32.57";" -15.383";"definición";" 8.778230e-05"
"  14";"  73";"19.18";" -15.379";"latinoamericano";" 8.795909e-05"
"  11";"  63";"17.46";" -15.362";"ceibal";" 8.876486e-05"
"  11";"  63";"17.46";" -15.362";"perpetuar";" 8.876486e-05"
"  33";" 132";"25.00";" -15.352";"probablemente";" 8.921956e-05"
"  19";"  89";"21.35";" -15.329";"mar";" 9.031787e-05"
"  19";"  89";"21.35";" -15.329";"conformar";" 9.031787e-05"
"   4";"  38";"10.53";" -15.290";"stable";" 9.218572e-05"
"   4";"  38";"10.53";" -15.290";"girar";" 9.218572e-05"
"   4";"  38";"10.53";" -15.290";"secreto";" 9.218572e-05"
"   7";"  49";"14.29";" -15.264";"sexo";" 9.346693e-05"
"   7";"  49";"14.29";" -15.264";"eliminación";" 9.346693e-05"
"   9";"  56";"16.07";" -15.256";"lluvia";" 9.388265e-05"
"  20";"  92";"21.74";" -15.247";"pago";" 9.434024e-05"
"  20";"  92";"21.74";" -15.247";"claude";" 9.434024e-05"
"   2";"  30";" 6.67";" -15.232";"image";" 9.505510e-05"
"   2";"  30";" 6.67";" -15.232";"c2";" 9.505510e-05"
"   2";"  30";" 6.67";" -15.232";"tardar";" 9.505510e-05"
"   2";"  30";" 6.67";" -15.232";"firmar";" 9.505510e-05"
"   2";"  30";" 6.67";" -15.232";"devolver";" 9.505510e-05"
"  15";"  76";"19.74";" -15.231";"voluntario";" 9.514422e-05"
"   3";"  34";" 8.82";" -15.210";"violento";" 9.618954e-05"
"  22";"  98";"22.45";" -15.114";"imitar";" 1.012310e-04"
"   0";"  21";" 0.00";" -15.091";"searle";" 1.024750e-04"
"   0";"  21";" 0.00";" -15.091";"fnal";" 1.024750e-04"
"   0";"  21";" 0.00";" -15.091";"enfermo";" 1.024750e-04"
"   0";"  21";" 0.00";" -15.091";"pista";" 1.024750e-04"
"   0";"  21";" 0.00";" -15.091";"esconder";" 1.024750e-04"
"   0";"  21";" 0.00";" -15.091";"estación";" 1.024750e-04"
"   0";"  21";" 0.00";" -15.091";"campeón";" 1.024750e-04"
"   0";"  21";" 0.00";" -15.091";"vuelo";" 1.024750e-04"
"   0";"  21";" 0.00";" -15.091";"comente";" 1.024750e-04"
"   0";"  21";" 0.00";" -15.091";"cable";" 1.024750e-04"
" 108";" 343";"31.49";" -15.083";"expresión";" 1.028682e-04"
"  40";" 152";"26.32";" -15.023";"contacto";" 1.062351e-04"
"  24";" 104";"23.08";" -15.016";"implementa";" 1.065793e-04"
"   6";"  45";"13.33";" -15.004";"relato";" 1.072586e-04"
"  25";" 107";"23.36";" -14.979";"fundación";" 1.086895e-04"
"  30";" 122";"24.59";" -14.888";"geográfico";" 1.141135e-04"
" 145";" 442";"32.81";" -14.807";"control";" 1.190909e-04"
"   1";"  25";" 4.00";" -14.692";"valentini";" 1.265533e-04"
"   1";"  25";" 4.00";" -14.692";"victoria";" 1.265533e-04"
"   1";"  25";" 4.00";" -14.692";"pan";" 1.265533e-04"
"   1";"  25";" 4.00";" -14.692";"territorial";" 1.265533e-04"
"   1";"  25";" 4.00";" -14.692";"carretera";" 1.265533e-04"
"   1";"  25";" 4.00";" -14.692";"transcribir";" 1.265533e-04"
"   1";"  25";" 4.00";" -14.692";"banca";" 1.265533e-04"
"  21";"  94";"22.34";" -14.659";"colección";" 1.288196e-04"
"   7";"  48";"14.58";" -14.631";"rojo";" 1.307523e-04"
"   4";"  37";"10.81";" -14.618";"tercio";" 1.316372e-04"
"   4";"  37";"10.81";" -14.618";"exterior";" 1.316372e-04"
"  12";"  65";"18.46";" -14.573";"petición";" 1.348287e-04"
"  38";" 145";"26.21";" -14.532";"sujeto";" 1.378345e-04"
"   2";"  29";" 6.90";" -14.532";"tomás";" 1.377630e-04"
"   2";"  29";" 6.90";" -14.532";"teachable";" 1.377630e-04"
"   2";"  29";" 6.90";" -14.532";"étnico";" 1.377630e-04"
"   2";"  29";" 6.90";" -14.532";"faltar";" 1.377630e-04"
" 604";"1624";"37.19";" -14.531";"idea";" 1.378551e-04"
"   3";"  33";" 9.09";" -14.524";"daniel";" 1.383760e-04"
"   3";"  33";" 9.09";" -14.524";"cabeza";" 1.383760e-04"
"   3";"  33";" 9.09";" -14.524";"teatro";" 1.383760e-04"
"   3";"  33";" 9.09";" -14.524";"transacción";" 1.383760e-04"
"   3";"  33";" 9.09";" -14.524";"latinoamérica";" 1.383760e-04"
"   3";"  33";" 9.09";" -14.524";"autorización";" 1.383760e-04"
"  26";" 109";"23.85";" -14.462";"ingreso";" 1.430353e-04"
"  47";" 171";"27.49";" -14.448";"transparente";" 1.440582e-04"
"  30";" 121";"24.79";" -14.419";"sentimiento";" 1.463351e-04"
"  10";"  58";"17.24";" -14.397";"verbal";" 1.480270e-04"
"   0";"  20";" 0.00";" -14.372";"trained";" 1.500359e-04"
"   0";"  20";" 0.00";" -14.372";"minsky";" 1.500359e-04"
"   0";"  20";" 0.00";" -14.372";"sensor";" 1.500359e-04"
"   0";"  20";" 0.00";" -14.372";"fábrica";" 1.500359e-04"
"   0";"  20";" 0.00";" -14.372";"william";" 1.500359e-04"
"   0";"  20";" 0.00";" -14.372";"ayer";" 1.500359e-04"
"   0";"  20";" 0.00";" -14.372";"tragedia";" 1.500359e-04"
"   0";"  20";" 0.00";" -14.372";"dedo";" 1.500359e-04"
"   0";"  20";" 0.00";" -14.372";"colapso";" 1.500359e-04"
"   0";"  20";" 0.00";" -14.372";"bosque";" 1.500359e-04"
"   0";"  20";" 0.00";" -14.372";"navegador";" 1.500359e-04"
"   0";"  20";" 0.00";" -14.372";"mentira";" 1.500359e-04"
"   0";"  20";" 0.00";" -14.372";"lobanovski";" 1.500359e-04"
"   6";"  44";"13.64";" -14.360";"escoger";" 1.509603e-04"
" 561";"1514";"37.05";" -14.347";"personal";" 1.519995e-04"
"  59";" 205";"28.78";" -14.336";"operación";" 1.528732e-04"
"   8";"  51";"15.69";" -14.312";"cloud";" 1.548917e-04"
"   8";"  51";"15.69";" -14.312";"raza";" 1.548917e-04"
"   8";"  51";"15.69";" -14.312";"anunciar";" 1.548917e-04"
" 163";" 488";"33.40";" -14.263";"acuerdo";" 1.589661e-04"
"  14";"  71";"19.72";" -14.252";"fragmento";" 1.599235e-04"
"  11";"  61";"18.03";" -14.182";"computador";" 1.659101e-04"
"  67";" 227";"29.52";" -14.138";"citar";" 1.698408e-04"
"   5";"  40";"12.50";" -14.128";"ficticio";" 1.707420e-04"
"   5";"  40";"12.50";" -14.128";"automóvil";" 1.707420e-04"
"  15";"  74";"20.27";" -14.121";"maestría";" 1.713945e-04"
"  15";"  74";"20.27";" -14.121";"absoluto";" 1.713945e-04"
"  47";" 170";"27.65";" -14.041";"provocar";" 1.788548e-04"
"   9";"  54";"16.67";" -14.038";"prensa";" 1.791520e-04"
"   9";"  54";"16.67";" -14.038";"rango";" 1.791520e-04"
"  24";" 102";"23.53";" -14.024";"causa";" 1.804692e-04"
"   7";"  47";"14.89";" -14.001";"pizarra";" 1.826946e-04"
"  12";"  64";"18.75";" -13.996";"sensación";" 1.831759e-04"
"  33";" 129";"25.58";" -13.983";"correr";" 1.845138e-04"
"   1";"  24";" 4.17";" -13.980";"dartmouth";" 1.847203e-04"
"   1";"  24";" 4.17";" -13.980";"spam";" 1.847203e-04"
"   1";"  24";" 4.17";" -13.980";"jasper";" 1.847203e-04"
"   1";"  24";" 4.17";" -13.980";"frío";" 1.847203e-04"
"   1";"  24";" 4.17";" -13.980";"duro";" 1.847203e-04"
"   4";"  36";"11.11";" -13.949";"tecnologia";" 1.878722e-04"
"   4";"  36";"11.11";" -13.949";"beca";" 1.878722e-04"
"   4";"  36";"11.11";" -13.949";"préstamo";" 1.878722e-04"
"   4";"  36";"11.11";" -13.949";"desastre";" 1.878722e-04"
"  44";" 161";"27.33";" -13.900";"recorrer";" 1.928143e-04"
"   3";"  32";" 9.38";" -13.840";"genético";" 1.990245e-04"
"   3";"  32";" 9.38";" -13.840";"pacto";" 1.990245e-04"
"   3";"  32";" 9.38";" -13.840";"anotar";" 1.990245e-04"
"   3";"  32";" 9.38";" -13.840";"previsión";" 1.990245e-04"
"  13";"  67";"19.40";" -13.835";"epistémica";" 1.996172e-04"
"   2";"  28";" 7.14";" -13.834";"drive";" 1.997023e-04"
"   2";"  28";" 7.14";" -13.834";"2019a";" 1.997023e-04"
"   2";"  28";" 7.14";" -13.834";"imitación";" 1.997023e-04"
"   2";"  28";" 7.14";" -13.834";"llamativo";" 1.997023e-04"
"  10";"  57";"17.54";" -13.802";"agradecer";" 2.030743e-04"
" 243";" 696";"34.91";" -13.720";"responsabilidad";" 2.122206e-04"
"   6";"  43";"13.95";" -13.719";"the";" 2.122461e-04"
"   8";"  50";"16.00";" -13.696";"consultor";" 2.149176e-04"
"  20";"  89";"22.47";" -13.691";"proceder";" 2.154334e-04"
"  38";" 143";"26.57";" -13.665";"duración";" 2.184713e-04"
"   0";"  19";" 0.00";" -13.653";"advanced";" 2.198916e-04"
"   0";"  19";" 0.00";" -13.653";"ferrante";" 2.198916e-04"
"   0";"  19";" 0.00";" -13.653";"ricaurte";" 2.198916e-04"
"   0";"  19";" 0.00";" -13.653";"carme";" 2.198916e-04"
"   0";"  19";" 0.00";" -13.653";"alphago";" 2.198916e-04"
"   0";"  19";" 0.00";" -13.653";"rmf";" 2.198916e-04"
"   0";"  19";" 0.00";" -13.653";"milisegundo";" 2.198916e-04"
"   0";"  19";" 0.00";" -13.653";"cti";" 2.198916e-04"
"   0";"  19";" 0.00";" -13.653";"maltrato";" 2.198916e-04"
"   0";"  19";" 0.00";" -13.653";"derrotar";" 2.198916e-04"
"   0";"  19";" 0.00";" -13.653";"pelota";" 2.198916e-04"
"   0";"  19";" 0.00";" -13.653";"novelista";" 2.198916e-04"
"   0";"  19";" 0.00";" -13.653";"liga";" 2.198916e-04"
"   0";"  19";" 0.00";" -13.653";"arbitrario";" 2.198916e-04"
"   0";"  19";" 0.00";" -13.653";"a2";" 2.198916e-04"
"   0";"  19";" 0.00";" -13.653";"sanidad";" 2.198916e-04"
"   0";"  19";" 0.00";" -13.653";"explorador";" 2.198916e-04"
"  47";" 169";"27.81";" -13.638";"informáticos";" 2.216926e-04"
" 122";" 376";"32.45";" -13.608";"intelectual";" 2.252836e-04"
"  26";" 107";"24.30";" -13.500";"prejuicio";" 2.386077e-04"
"   5";"  39";"12.82";" -13.475";"guión";" 2.417131e-04"
"   5";"  39";"12.82";" -13.475";"básicamente";" 2.417131e-04"
"   9";"  53";"16.98";" -13.435";"program";" 2.469297e-04"
"   9";"  53";"16.98";" -13.435";"oculto";" 2.469297e-04"
"   9";"  53";"16.98";" -13.435";"nodo";" 2.469297e-04"
"  12";"  63";"19.05";" -13.424";"colocar";" 2.484289e-04"
"   7";"  46";"15.22";" -13.375";"ánimo";" 2.549491e-04"
"   4";"  35";"11.43";" -13.282";"japón";" 2.679736e-04"
"   4";"  35";"11.43";" -13.282";"nueve";" 2.679736e-04"
"  13";"  66";"19.70";" -13.273";"londres";" 2.693005e-04"
"   1";"  23";" 4.35";" -13.269";"portugal";" 2.698162e-04"
"   1";"  23";" 4.35";" -13.269";"oponente";" 2.698162e-04"
"   1";"  23";" 4.35";" -13.269";"genes";" 2.698162e-04"
"   1";"  23";" 4.35";" -13.269";"encabezar";" 2.698162e-04"
"   1";"  23";" 4.35";" -13.269";"confidencial";" 2.698162e-04"
"   1";"  23";" 4.35";" -13.269";"remontar";" 2.698162e-04"
"   1";"  23";" 4.35";" -13.269";"petróleo";" 2.698162e-04"
"   1";"  23";" 4.35";" -13.269";"compuesto";" 2.698162e-04"
"   1";"  23";" 4.35";" -13.269";"brillante";" 2.698162e-04"
"  37";" 139";"26.62";" -13.203";"academia";" 2.794502e-04"
"   3";"  31";" 9.68";" -13.159";"profuturo";" 2.861881e-04"
"   3";"  31";" 9.68";" -13.159";"cibernética";" 2.861881e-04"
"   3";"  31";" 9.68";" -13.159";"propietario";" 2.861881e-04"
"  14";"  69";"20.29";" -13.142";"biología";" 2.887030e-04"
"  14";"  69";"20.29";" -13.142";"rama";" 2.887030e-04"
"   2";"  27";" 7.41";" -13.137";"runway";" 2.895528e-04"
"   2";"  27";" 7.41";" -13.137";"gramas";" 2.895528e-04"
"   2";"  27";" 7.41";" -13.137";"convocar";" 2.895528e-04"
" 192";" 560";"34.29";" -13.118";"elaborar";" 2.924866e-04"
"  34";" 130";"26.15";" -13.114";"seis";" 2.930438e-04"
"  22";"  94";"23.40";" -13.100";"deseo";" 2.952190e-04"
"  22";"  94";"23.40";" -13.100";"establecimiento";" 2.952190e-04"
"   8";"  49";"16.33";" -13.084";"edtech";" 2.977753e-04"
"   8";"  49";"16.33";" -13.084";"curioso";" 2.977753e-04"
"  44";" 159";"27.67";" -13.083";"discurso";" 2.980453e-04"
"   6";"  42";"14.29";" -13.082";"generative";" 2.980781e-04"
"   6";"  42";"14.29";" -13.082";"college";" 2.980781e-04"
"   6";"  42";"14.29";" -13.082";"contratar";" 2.980781e-04"
" 116";" 358";"32.40";" -13.077";"informática";" 2.990131e-04"
"  88";" 282";"31.21";" -13.075";"perder";" 2.992538e-04"
"  23";"  97";"23.71";" -13.072";"editor";" 2.997915e-04"
"  11";"  59";"18.64";" -13.021";"press";" 3.080597e-04"
"   0";"  18";" 0.00";" -12.934";"file";" 3.226279e-04"
"   0";"  18";" 0.00";" -12.934";"adivinar";" 3.226279e-04"
"   0";"  18";" 0.00";" -12.934";"shannon";" 3.226279e-04"
"   0";"  18";" 0.00";" -12.934";"occidente";" 3.226279e-04"
"   0";"  18";" 0.00";" -12.934";"divino";" 3.226279e-04"
"   0";"  18";" 0.00";" -12.934";"adela";" 3.226279e-04"
"   0";"  18";" 0.00";" -12.934";"enciclopedia";" 3.226279e-04"
"   0";"  18";" 0.00";" -12.934";"odisea";" 3.226279e-04"
"   0";"  18";" 0.00";" -12.934";"iberoamérica";" 3.226279e-04"
"   0";"  18";" 0.00";" -12.934";"borrar";" 3.226279e-04"
"   0";"  18";" 0.00";" -12.934";"teclado";" 3.226279e-04"
"   0";"  18";" 0.00";" -12.934";"parque";" 3.226279e-04"
"   0";"  18";" 0.00";" -12.934";"morir";" 3.226279e-04"
"   0";"  18";" 0.00";" -12.934";"tranquilo";" 3.226279e-04"
"   0";"  18";" 0.00";" -12.934";"pídales";" 3.226279e-04"
"   0";"  18";" 0.00";" -12.934";"encues";" 3.226279e-04"
"   0";"  18";" 0.00";" -12.934";"asiático";" 3.226279e-04"
"   0";"  18";" 0.00";" -12.934";"ascender";" 3.226279e-04"
" 100";" 314";"31.85";" -12.856";"local";" 3.364543e-04"
"   9";"  52";"17.31";" -12.837";"filtro";" 3.398071e-04"
"   5";"  38";"13.16";" -12.826";"referencial";" 3.418692e-04"
"   5";"  38";"13.16";" -12.826";"instante";" 3.418692e-04"
"   5";"  38";"13.16";" -12.826";"aventura";" 3.418692e-04"
"   5";"  38";"13.16";" -12.826";"aparentemente";" 3.418692e-04"
"  53";" 184";"28.80";" -12.817";"traducir";" 3.434648e-04"
" 607";"1620";"37.47";" -12.806";"posible";" 3.454359e-04"
"  88";" 281";"31.32";" -12.757";"realmente";" 3.546857e-04"
"   7";"  45";"15.56";" -12.754";"regir";" 3.553011e-04"
"   7";"  45";"15.56";" -12.754";"abuso";" 3.553011e-04"
"   7";"  45";"15.56";" -12.754";"desigual";" 3.553011e-04"
"   7";"  45";"15.56";" -12.754";"sorprender";" 3.553011e-04"
"  62";" 209";"29.67";" -12.699";"exponer";" 3.658294e-04"
"  20";"  87";"22.99";" -12.678";"vulnerable";" 3.700278e-04"
"  20";"  87";"22.99";" -12.678";"confiar";" 3.700278e-04"
"  75";" 245";"30.61";" -12.661";"extraer";" 3.734416e-04"
" 243";" 691";"35.17";" -12.640";"respecto";" 3.775813e-04"
"   4";"  34";"11.76";" -12.618";"watch";" 3.819811e-04"
"   4";"  34";"11.76";" -12.618";"edificio";" 3.819811e-04"
"   4";"  34";"11.76";" -12.618";"apariencia";" 3.819811e-04"
"   4";"  34";"11.76";" -12.618";"acudir";" 3.819811e-04"
"  14";"  68";"20.59";" -12.595";"universo";" 3.867946e-04"
"  14";"  68";"20.59";" -12.595";"raíz";" 3.867946e-04"
"   1";"  22";" 4.55";" -12.558";"sabzalieva";" 3.944206e-04"
"   1";"  22";" 4.55";" -12.558";"metal";" 3.944206e-04"
"   1";"  22";" 4.55";" -12.558";"charlar";" 3.944206e-04"
"   1";"  22";" 4.55";" -12.558";"religión";" 3.944206e-04"
"   1";"  22";" 4.55";" -12.558";"quejar";" 3.944206e-04"
"   1";"  22";" 4.55";" -12.558";"tienda";" 3.944206e-04"
"   1";"  22";" 4.55";" -12.558";"propagación";" 3.944206e-04"
"   1";"  22";" 4.55";" -12.558";"misterioso";" 3.944206e-04"
"   1";"  22";" 4.55";" -12.558";"fresco";" 3.944206e-04"
"   1";"  22";" 4.55";" -12.558";"doce";" 3.944206e-04"
"   1";"  22";" 4.55";" -12.558";"caos";" 3.944206e-04"
"   1";"  22";" 4.55";" -12.558";"azul";" 3.944206e-04"
"   1";"  22";" 4.55";" -12.558";"analogía";" 3.944206e-04"
"   1";"  22";" 4.55";" -12.558";"adverso";" 3.944206e-04"
"  26";" 105";"24.76";" -12.556";"difundir";" 3.949804e-04"
"   3";"  30";"10.00";" -12.480";"museo";" 4.114148e-04"
"   3";"  30";"10.00";" -12.480";"italia";" 4.114148e-04"
"   3";"  30";"10.00";" -12.480";"policía";" 4.114148e-04"
"   8";"  48";"16.67";" -12.477";"habitualmente";" 4.119454e-04"
" 486";"1312";"37.04";" -12.458";"vida";" 4.161415e-04"
"  47";" 166";"28.31";" -12.450";"distribución";" 4.179411e-04"
"   6";"  41";"14.63";" -12.449";"oxford";" 4.181169e-04"
"   2";"  26";" 7.69";" -12.441";"paquete";" 4.199211e-04"
"   2";"  26";" 7.69";" -12.441";"gastronomía";" 4.199211e-04"
"   2";"  26";" 7.69";" -12.441";"déficit";" 4.199211e-04"
"   2";"  26";" 7.69";" -12.441";"censo";" 4.199211e-04"
"   2";"  26";" 7.69";" -12.441";"verosimilitud";" 4.199211e-04"
"   2";"  26";" 7.69";" -12.441";"metáfora";" 4.199211e-04"
"   2";"  26";" 7.69";" -12.441";"jardín";" 4.199211e-04"
"   2";"  26";" 7.69";" -12.441";"gigante";" 4.199211e-04"
"  71";" 233";"30.47";" -12.342";"verificar";" 4.429171e-04"
"  17";"  77";"22.08";" -12.331";"filtrar";" 4.454778e-04"
"  18";"  80";"22.50";" -12.270";"personalidad";" 4.603765e-04"
" 155";" 459";"33.77";" -12.263";"opinión";" 4.619968e-04"
"  34";" 128";"26.56";" -12.247";"ahí";" 4.660569e-04"
"   9";"  51";"17.65";" -12.244";"río";" 4.668309e-04"
"   9";"  51";"17.65";" -12.244";"iv";" 4.668309e-04"
"   9";"  51";"17.65";" -12.244";"grabación";" 4.668309e-04"
"   0";"  17";" 0.00";" -12.215";"eli";" 4.739422e-04"
"   0";"  17";" 0.00";" -12.215";"politécnico";" 4.739422e-04"
"   0";"  17";" 0.00";" -12.215";"michael";" 4.739422e-04"
"   0";"  17";" 0.00";" -12.215";"ht";" 4.739422e-04"
"   0";"  17";" 0.00";" -12.215";"harari";" 4.739422e-04"
"   0";"  17";" 0.00";" -12.215";"cuadrado";" 4.739422e-04"
"   0";"  17";" 0.00";" -12.215";"cmsi";" 4.739422e-04"
"   0";"  17";" 0.00";" -12.215";"windows";" 4.739422e-04"
"   0";"  17";" 0.00";" -12.215";"caloría";" 4.739422e-04"
"   0";"  17";" 0.00";" -12.215";"basura";" 4.739422e-04"
"   0";"  17";" 0.00";" -12.215";"metro";" 4.739422e-04"
"   0";"  17";" 0.00";" -12.215";"humor";" 4.739422e-04"
"   0";"  17";" 0.00";" -12.215";"hermano";" 4.739422e-04"
"   0";"  17";" 0.00";" -12.215";"bulli";" 4.739422e-04"
"   0";"  17";" 0.00";" -12.215";"alegria";" 4.739422e-04"
"   0";"  17";" 0.00";" -12.215";"terrestre";" 4.739422e-04"
"   0";"  17";" 0.00";" -12.215";"rayo";" 4.739422e-04"
"   0";"  17";" 0.00";" -12.215";"maravilla";" 4.739422e-04"
"   0";"  17";" 0.00";" -12.215";"imperfecto";" 4.739422e-04"
"   0";"  17";" 0.00";" -12.215";"belleza";" 4.739422e-04"
"   0";"  17";" 0.00";" -12.215";"supermercado";" 4.739422e-04"
"   0";"  17";" 0.00";" -12.215";"robo";" 4.739422e-04"
"   0";"  17";" 0.00";" -12.215";"rezagar";" 4.739422e-04"
"   0";"  17";" 0.00";" -12.215";"pnj";" 4.739422e-04"
"   0";"  17";" 0.00";" -12.215";"imá";" 4.739422e-04"
"   0";"  17";" 0.00";" -12.215";"costar";" 4.739422e-04"
"   0";"  17";" 0.00";" -12.215";"bicicleta";" 4.739422e-04"
"   0";"  17";" 0.00";" -12.215";"a1";" 4.739422e-04"
"   7";"  44";"15.91";" -12.137";"normal";" 4.944420e-04"
" 445";"1206";"36.90";" -12.136";"último";" 4.945672e-04"
"  25";" 101";"24.75";" -12.090";"emitir";" 5.068795e-04"
"  40";" 145";"27.59";" -12.075";"puntuación";" 5.109374e-04"
" 177";" 516";"34.30";" -12.027";"detectar";" 5.244568e-04"
"  62";" 207";"29.95";" -11.990";"manual";" 5.347472e-04"
"  15";"  70";"21.43";" -11.959";"publicidad";" 5.438288e-04"
"   4";"  33";"12.12";" -11.958";"intensidad";" 5.441057e-04"
"   4";"  33";"12.12";" -11.958";"ligeramente";" 5.441057e-04"
"   4";"  33";"12.12";" -11.958";"bajar";" 5.441057e-04"
"  45";" 159";"28.30";" -11.944";"significado";" 5.481839e-04"
" 837";"2190";"38.22";" -11.937";"ético";" 5.504359e-04"
"  11";"  57";"19.30";" -11.879";"dominante";" 5.678563e-04"
"   8";"  47";"17.02";" -11.875";"desaparecer";" 5.689621e-04"
"   8";"  47";"17.02";" -11.875";"codificar";" 5.689621e-04"
"   8";"  47";"17.02";" -11.875";"mento";" 5.689621e-04"
"   8";"  47";"17.02";" -11.875";"comúnmente";" 5.689621e-04"
"   1";"  21";" 4.76";" -11.849";"clústeres";" 5.770556e-04"
"   1";"  21";" 4.76";" -11.849";"creator";" 5.770556e-04"
"   1";"  21";" 4.76";" -11.849";"rusia";" 5.770556e-04"
"   1";"  21";" 4.76";" -11.849";"economista";" 5.770556e-04"
"   1";"  21";" 4.76";" -11.849";"compor";" 5.770556e-04"
"   1";"  21";" 4.76";" -11.849";"armar";" 5.770556e-04"
"   1";"  21";" 4.76";" -11.849";"adelantar";" 5.770556e-04"
"   1";"  21";" 4.76";" -11.849";"terremoto";" 5.770556e-04"
"   1";"  21";" 4.76";" -11.849";"maravilloso";" 5.770556e-04"
"   1";"  21";" 4.76";" -11.849";"exportación";" 5.770556e-04"
"   1";"  21";" 4.76";" -11.849";"alarma";" 5.770556e-04"
"   1";"  21";" 4.76";" -11.849";"vivienda";" 5.770556e-04"
"   1";"  21";" 4.76";" -11.849";"pinterest";" 5.770556e-04"
"   1";"  21";" 4.76";" -11.849";"levantar";" 5.770556e-04"
"   1";"  21";" 4.76";" -11.849";"barato";" 5.770556e-04"
" 458";"1237";"37.03";" -11.821";"trabajar";" 5.856871e-04"
"   6";"  40";"15.00";" -11.821";"civilización";" 5.857376e-04"
" 105";" 324";"32.41";" -11.816";"expresar";" 5.871886e-04"
"   3";"  29";"10.34";" -11.803";"don";" 5.912526e-04"
"   3";"  29";"10.34";" -11.803";"turno";" 5.912526e-04"
"   3";"  29";"10.34";" -11.803";"gpu";" 5.912526e-04"
"   3";"  29";"10.34";" -11.803";"narración";" 5.912526e-04"
"   3";"  29";"10.34";" -11.803";"lejano";" 5.912526e-04"
"   3";"  29";"10.34";" -11.803";"brasileño";" 5.912526e-04"
"   3";"  29";"10.34";" -11.803";"tremendo";" 5.912526e-04"
"   3";"  29";"10.34";" -11.803";"fabricar";" 5.912526e-04"
"   3";"  29";"10.34";" -11.803";"asombroso";" 5.912526e-04"
"   2";"  25";" 8.00";" -11.748";"massachusetts";" 6.091203e-04"
"   2";"  25";" 8.00";" -11.748";"vecino";" 6.091203e-04"
"   2";"  25";" 8.00";" -11.748";"verbo";" 6.091203e-04"
"   2";"  25";" 8.00";" -11.748";"equivaler";" 6.091203e-04"
"   2";"  25";" 8.00";" -11.748";"sorpresa";" 6.091203e-04"
"   2";"  25";" 8.00";" -11.748";"relevamiento";" 6.091203e-04"
"   2";"  25";" 8.00";" -11.748";"delicado";" 6.091203e-04"
"  48";" 167";"28.74";" -11.741";"universal";" 6.113463e-04"
"   9";"  50";"18.00";" -11.655";"world";" 6.401954e-04"
"   9";"  50";"18.00";" -11.655";"glosario";" 6.401954e-04"
"  39";" 141";"27.66";" -11.621";"periódico";" 6.522122e-04"
"   5";"  36";"13.89";" -11.538";"católico";" 6.817742e-04"
"   5";"  36";"13.89";" -11.538";"instruir";" 6.817742e-04"
"   7";"  43";"16.28";" -11.524";"gusto";" 6.870160e-04"
"   7";"  43";"16.28";" -11.524";"digitalmente";" 6.870160e-04"
"  14";"  66";"21.21";" -11.516";"index";" 6.900516e-04"
"  14";"  66";"21.21";" -11.516";"3d";" 6.900516e-04"
"  14";"  66";"21.21";" -11.516";"convivencia";" 6.900516e-04"
"  14";"  66";"21.21";" -11.516";"excepción";" 6.900516e-04"
"   0";"  16";" 0.00";" -11.497";"paris";" 6.971683e-04"
"   0";"  16";" 0.00";" -11.497";"cm";" 6.971683e-04"
"   0";"  16";" 0.00";" -11.497";"washington";" 6.971683e-04"
"   0";"  16";" 0.00";" -11.497";"gdpr";" 6.971683e-04"
"   0";"  16";" 0.00";" -11.497";"plus";" 6.971683e-04"
"   0";"  16";" 0.00";" -11.497";"frank";" 6.971683e-04"
"   0";"  16";" 0.00";" -11.497";"vn";" 6.971683e-04"
"   0";"  16";" 0.00";" -11.497";"nick";" 6.971683e-04"
"   0";"  16";" 0.00";" -11.497";"lgbti";" 6.971683e-04"
"   0";"  16";" 0.00";" -11.497";"nieve";" 6.971683e-04"
"   0";"  16";" 0.00";" -11.497";"lienzo";" 6.971683e-04"
"   0";"  16";" 0.00";" -11.497";"hilma";" 6.971683e-04"
"   0";"  16";" 0.00";" -11.497";"flosofía";" 6.971683e-04"
"   0";"  16";" 0.00";" -11.497";"akinator";" 6.971683e-04"
"   0";"  16";" 0.00";" -11.497";"fuga";" 6.971683e-04"
"   0";"  16";" 0.00";" -11.497";"camión";" 6.971683e-04"
"   0";"  16";" 0.00";" -11.497";"barlow";" 6.971683e-04"
"   0";"  16";" 0.00";" -11.497";"spotify";" 6.971683e-04"
"   0";"  16";" 0.00";" -11.497";"oreja";" 6.971683e-04"
"   0";"  16";" 0.00";" -11.497";"indec";" 6.971683e-04"
"   0";"  16";" 0.00";" -11.497";"cofundadora";" 6.971683e-04"
"   0";"  16";" 0.00";" -11.497";"telefonía";" 6.971683e-04"
"   0";"  16";" 0.00";" -11.497";"religioso";" 6.971683e-04"
"   0";"  16";" 0.00";" -11.497";"regresar";" 6.971683e-04"
"   0";"  16";" 0.00";" -11.497";"proporcionalidad";" 6.971683e-04"
"   0";"  16";" 0.00";" -11.497";"pacífico";" 6.971683e-04"
"   0";"  16";" 0.00";" -11.497";"multiplicación";" 6.971683e-04"
"   0";"  16";" 0.00";" -11.497";"describirse";" 6.971683e-04"
"   0";"  16";" 0.00";" -11.497";"calor";" 6.971683e-04"
"   0";"  16";" 0.00";" -11.497";"anonimato";" 6.971683e-04"
" 123";" 371";"33.15";" -11.474";"sección";" 7.056338e-04"
"  10";"  53";"18.87";" -11.471";"cambridge";" 7.070337e-04"
"  15";"  69";"21.74";" -11.431";"licencia";" 7.221060e-04"
" 269";" 752";"35.77";" -11.373";"patrón";" 7.450865e-04"
"  11";"  56";"19.64";" -11.315";"numérico";" 7.686970e-04"
"  11";"  56";"19.64";" -11.315";"multiplicar";" 7.686970e-04"
"  17";"  75";"22.67";" -11.304";"science";" 7.732729e-04"
"   4";"  32";"12.50";" -11.302";"militar";" 7.744325e-04"
"   4";"  32";"12.50";" -11.302";"semántico";" 7.744325e-04"
" 115";" 349";"32.95";" -11.301";"representación";" 7.745280e-04"
"  31";" 117";"26.50";" -11.291";"comentar";" 7.788635e-04"
"   8";"  46";"17.39";" -11.278";"psicólogo";" 7.844675e-04"
"  40";" 143";"27.97";" -11.271";"cuarto";" 7.872761e-04"
"  18";"  78";"23.08";" -11.258";"mx";" 7.926601e-04"
"  18";"  78";"23.08";" -11.258";"periodo";" 7.926601e-04"
"  19";"  81";"23.46";" -11.222";"democrático";" 8.081719e-04"
"  19";"  81";"23.46";" -11.222";"comienzo";" 8.081719e-04"
"  61";" 202";"30.20";" -11.219";"supuesto";" 8.097238e-04"
"   6";"  39";"15.38";" -11.197";"leonardo";" 8.194127e-04"
"   6";"  39";"15.38";" -11.197";"inesperado";" 8.194127e-04"
"  27";" 105";"25.71";" -11.192";"ods";" 8.215834e-04"
"  12";"  59";"20.34";" -11.185";"inferior";" 8.246832e-04"
"   1";"  20";" 5.00";" -11.140";"c3";" 8.450351e-04"
"   1";"  20";" 5.00";" -11.140";"b2";" 8.450351e-04"
"   1";"  20";" 5.00";" -11.140";"coe";" 8.450351e-04"
"   1";"  20";" 5.00";" -11.140";"posesión";" 8.450351e-04"
"   1";"  20";" 5.00";" -11.140";"contradicción";" 8.450351e-04"
"   1";"  20";" 5.00";" -11.140";"interrupción";" 8.450351e-04"
"   1";"  20";" 5.00";" -11.140";"favorito";" 8.450351e-04"
"   1";"  20";" 5.00";" -11.140";"engaño";" 8.450351e-04"
"   1";"  20";" 5.00";" -11.140";"borde";" 8.450351e-04"
"   3";"  28";"10.71";" -11.130";"boletín oficial del estado";" 8.493950e-04"
"   3";"  28";"10.71";" -11.130";"seguidor";" 8.493950e-04"
"   3";"  28";"10.71";" -11.130";"firme";" 8.493950e-04"
"   3";"  28";"10.71";" -11.130";"ancho";" 8.493950e-04"
"   3";"  28";"10.71";" -11.130";"hilo";" 8.493950e-04"
"   9";"  49";"18.37";" -11.072";"legítimo";" 8.762856e-04"
"   9";"  49";"18.37";" -11.072";"círculo";" 8.762856e-04"
"   2";"  24";" 8.33";" -11.057";"uk";" 8.837577e-04"
"   2";"  24";" 8.33";" -11.057";"óptico";" 8.837577e-04"
"   2";"  24";" 8.33";" -11.057";"falsificación";" 8.837577e-04"
"  43";" 151";"28.48";" -11.050";"interesado";" 8.868564e-04"
"  35";" 128";"27.34";" -11.024";"totalmente";" 8.995704e-04"
"   5";"  35";"14.29";" -10.901";"coincidencia";" 9.611286e-04"
"  77";" 245";"31.43";" -10.881";"completar";" 9.713736e-04"
"  16";"  71";"22.54";" -10.848";"exponencial";" 9.888480e-04"
"  30";" 113";"26.55";" -10.829";"cercano";" 9.992037e-04"
" 269";" 749";"35.91";" -10.796";"definir";" 1.017223e-03"
"   0";"  15";" 0.00";" -10.778";"múltiplo";" 1.027089e-03"
"   0";"  15";" 0.00";" -10.778";"isaac";" 1.027089e-03"
"   0";"  15";" 0.00";" -10.778";"insecto";" 1.027089e-03"
"   0";"  15";" 0.00";" -10.778";"barroco";" 1.027089e-03"
"   0";"  15";" 0.00";" -10.778";"núm";" 1.027089e-03"
"   0";"  15";" 0.00";" -10.778";"pitts";" 1.027089e-03"
"   0";"  15";" 0.00";" -10.778";"mcculloch";" 1.027089e-03"
"   0";"  15";" 0.00";" -10.778";"piso";" 1.027089e-03"
"   0";"  15";" 0.00";" -10.778";"menú";" 1.027089e-03"
"   0";"  15";" 0.00";" -10.778";"hashtags";" 1.027089e-03"
"   0";"  15";" 0.00";" -10.778";"fotogramas";" 1.027089e-03"
"   0";"  15";" 0.00";" -10.778";"espectáculo";" 1.027089e-03"
"   0";"  15";" 0.00";" -10.778";"antagónicas";" 1.027089e-03"
"   0";"  15";" 0.00";" -10.778";"2022a";" 1.027089e-03"
"   0";"  15";" 0.00";" -10.778";"poético";" 1.027089e-03"
"   0";"  15";" 0.00";" -10.778";"narraciones";" 1.027089e-03"
"   0";"  15";" 0.00";" -10.778";"inexistente";" 1.027089e-03"
"   0";"  15";" 0.00";" -10.778";"centenar";" 1.027089e-03"
"   0";"  15";" 0.00";" -10.778";"bolígrafos";" 1.027089e-03"
"   0";"  15";" 0.00";" -10.778";"belamy";" 1.027089e-03"
"   0";"  15";" 0.00";" -10.778";"barco";" 1.027089e-03"
"   0";"  15";" 0.00";" -10.778";"vapor";" 1.027089e-03"
"   0";"  15";" 0.00";" -10.778";"satélite";" 1.027089e-03"
"   0";"  15";" 0.00";" -10.778";"salar";" 1.027089e-03"
"   0";"  15";" 0.00";" -10.778";"padecer";" 1.027089e-03"
"   0";"  15";" 0.00";" -10.778";"mapear";" 1.027089e-03"
"   0";"  15";" 0.00";" -10.778";"leve";" 1.027089e-03"
"   0";"  15";" 0.00";" -10.778";"jerga";" 1.027089e-03"
"   0";"  15";" 0.00";" -10.778";"hermoso";" 1.027089e-03"
"   0";"  15";" 0.00";" -10.778";"erradicar";" 1.027089e-03"
"   0";"  15";" 0.00";" -10.778";"encender";" 1.027089e-03"
"   0";"  15";" 0.00";" -10.778";"ejército";" 1.027089e-03"
"   0";"  15";" 0.00";" -10.778";"chatear";" 1.027089e-03"
"   0";"  15";" 0.00";" -10.778";"ave";" 1.027089e-03"
"   0";"  15";" 0.00";" -10.778";"auditorio";" 1.027089e-03"
"   0";"  15";" 0.00";" -10.778";"alegría";" 1.027089e-03"
"   0";"  15";" 0.00";" -10.778";"advertencia";" 1.027089e-03"
"  28";" 107";"26.17";" -10.771";"aun";" 1.031072e-03"
"  18";"  77";"23.38";" -10.761";"jornada";" 1.036605e-03"
"  18";"  77";"23.38";" -10.761";"exclusión";" 1.036605e-03"
"  21";"  86";"24.42";" -10.699";"apuesta";" 1.071665e-03"
"  22";"  89";"24.72";" -10.694";"ítems";" 1.074997e-03"
"  23";"  92";"25.00";" -10.694";"literario";" 1.074742e-03"
"   8";"  45";"17.78";" -10.686";"conectarse";" 1.079608e-03"
"  36";" 130";"27.69";" -10.663";"sostenibilidad";" 1.092990e-03"
"   4";"  31";"12.90";" -10.649";"large";" 1.101301e-03"
"   4";"  31";"12.90";" -10.649";"catalán";" 1.101301e-03"
"   4";"  31";"12.90";" -10.649";"injusto";" 1.101301e-03"
"   4";"  31";"12.90";" -10.649";"incipiente";" 1.101301e-03"
"  58";" 192";"30.21";" -10.643";"programar";" 1.104862e-03"
"   6";"  38";"15.79";" -10.578";"Vol";" 1.144587e-03"
"   6";"  38";"15.79";" -10.578";"entrenador";" 1.144587e-03"
"   6";"  38";"15.79";" -10.578";"tabletas";" 1.144587e-03"
"   6";"  38";"15.79";" -10.578";"seguramente";" 1.144587e-03"
"   9";"  48";"18.75";" -10.495";"conversar";" 1.197043e-03"
"   3";"  27";"11.11";" -10.460";"logotipo";" 1.219733e-03"
"   3";"  27";"11.11";" -10.460";"concordancia";" 1.219733e-03"
"   3";"  27";"11.11";" -10.460";"penetración";" 1.219733e-03"
"   3";"  27";"11.11";" -10.460";"lomloe";" 1.219733e-03"
"   3";"  27";"11.11";" -10.460";"doméstico";" 1.219733e-03"
"   3";"  27";"11.11";" -10.460";"cáncer";" 1.219733e-03"
"   3";"  27";"11.11";" -10.460";"occidental";" 1.219733e-03"
"  14";"  64";"21.88";" -10.459";"rechazar";" 1.220340e-03"
"   1";"  19";" 5.26";" -10.432";"pablar";" 1.238704e-03"
"   1";"  19";" 5.26";" -10.432";"distrito";" 1.238704e-03"
"   1";"  19";" 5.26";" -10.432";"vertical";" 1.238704e-03"
"   1";"  19";" 5.26";" -10.432";"americano";" 1.238704e-03"
"   1";"  19";" 5.26";" -10.432";"presa|preso";" 1.238704e-03"
"   1";"  19";" 5.26";" -10.432";"juventud";" 1.238704e-03"
"   1";"  19";" 5.26";" -10.432";"inaceptable";" 1.238704e-03"
"   1";"  19";" 5.26";" -10.432";"honor";" 1.238704e-03"
"   1";"  19";" 5.26";" -10.432";"bruto";" 1.238704e-03"
"   1";"  19";" 5.26";" -10.432";"notificar";" 1.238704e-03"
"   1";"  19";" 5.26";" -10.432";"limpiar";" 1.238704e-03"
"   1";"  19";" 5.26";" -10.432";"jerárquico";" 1.238704e-03"
"   1";"  19";" 5.26";" -10.432";"espiritual";" 1.238704e-03"
"   1";"  19";" 5.26";" -10.432";"delincuencia";" 1.238704e-03"
" 105";" 319";"32.92";" -10.410";"individuo";" 1.253633e-03"
" 108";" 327";"33.03";" -10.404";"revolución";" 1.257267e-03"
"   2";"  23";" 8.70";" -10.368";"gov";" 1.282497e-03"
"   2";"  23";" 8.70";" -10.368";"pedro";" 1.282497e-03"
"   2";"  23";" 8.70";" -10.368";"podcasting";" 1.282497e-03"
"   2";"  23";" 8.70";" -10.368";"legislador";" 1.282497e-03"
"   2";"  23";" 8.70";" -10.368";"desencadenar";" 1.282497e-03"
"   2";"  23";" 8.70";" -10.368";"localidad";" 1.282497e-03"
"  16";"  70";"22.86";" -10.341";"atravesar";" 1.301053e-03"
"   7";"  41";"17.07";" -10.315";"australia";" 1.319704e-03"
"   5";"  34";"14.71";" -10.269";"piedra";" 1.353200e-03"
"   5";"  34";"14.71";" -10.269";"durar";" 1.353200e-03"
"  53";" 177";"29.94";" -10.263";"orden";" 1.357503e-03"
"  19";"  79";"24.05";" -10.248";"bot";" 1.368321e-03"
"  19";"  79";"24.05";" -10.248";"cuento";" 1.368321e-03"
"  24";"  94";"25.53";" -10.246";"defensa";" 1.369659e-03"
"  24";"  94";"25.53";" -10.246";"restricción";" 1.369659e-03"
"  20";"  82";"24.39";" -10.235";"razonar";" 1.378329e-03"
"  21";"  85";"24.71";" -10.228";"intento";" 1.382978e-03"
"  11";"  54";"20.37";" -10.206";"ficha";" 1.399567e-03"
"  11";"  54";"20.37";" -10.206";"historial";" 1.399567e-03"
"  33";" 120";"27.50";" -10.111";"prohibir";" 1.473500e-03"
"   8";"  44";"18.18";" -10.100";"podcast";" 1.482872e-03"
"   8";"  44";"18.18";" -10.100";"pena";" 1.482872e-03"
"  12";"  57";"21.05";" -10.099";"sala";" 1.483566e-03"
"  12";"  57";"21.05";" -10.099";"asesor";" 1.483566e-03"
"  12";"  57";"21.05";" -10.099";"indebido";" 1.483566e-03"
"  12";"  57";"21.05";" -10.099";"comportar";" 1.483566e-03"
"   0";"  14";" 0.00";" -10.059";"chi";" 1.515718e-03"
"   0";"  14";" 0.00";" -10.059";"dwyer";" 1.515718e-03"
"   0";"  14";" 0.00";" -10.059";"licenciado";" 1.515718e-03"
"   0";"  14";" 0.00";" -10.059";"fnales";" 1.515718e-03"
"   0";"  14";" 0.00";" -10.059";"esco";" 1.515718e-03"
"   0";"  14";" 0.00";" -10.059";"bruselas";" 1.515718e-03"
"   0";"  14";" 0.00";" -10.059";"rembrandt";" 1.515718e-03"
"   0";"  14";" 0.00";" -10.059";"hola";" 1.515718e-03"
"   0";"  14";" 0.00";" -10.059";"bell";" 1.515718e-03"
"   0";"  14";" 0.00";" -10.059";"ángeles";" 1.515718e-03"
"   0";"  14";" 0.00";" -10.059";"valley";" 1.515718e-03"
"   0";"  14";" 0.00";" -10.059";"toe";" 1.515718e-03"
"   0";"  14";" 0.00";" -10.059";"pincel";" 1.515718e-03"
"   0";"  14";" 0.00";" -10.059";"pareto";" 1.515718e-03"
"   0";"  14";" 0.00";" -10.059";"multinacional";" 1.515718e-03"
"   0";"  14";" 0.00";" -10.059";"latín";" 1.515718e-03"
"   0";"  14";" 0.00";" -10.059";"kilómetro";" 1.515718e-03"
"   0";"  14";" 0.00";" -10.059";"hofstadter";" 1.515718e-03"
"   0";"  14";" 0.00";" -10.059";"guardiola";" 1.515718e-03"
"   0";"  14";" 0.00";" -10.059";"crediticio";" 1.515718e-03"
"   0";"  14";" 0.00";" -10.059";"akamai";" 1.515718e-03"
"   0";"  14";" 0.00";" -10.059";"rival";" 1.515718e-03"
"   0";"  14";" 0.00";" -10.059";"reescribir";" 1.515718e-03"
"   0";"  14";" 0.00";" -10.059";"músico";" 1.515718e-03"
"   0";"  14";" 0.00";" -10.059";"lanacion";" 1.515718e-03"
"   0";"  14";" 0.00";" -10.059";"heygen";" 1.515718e-03"
"   0";"  14";" 0.00";" -10.059";"hegemonía";" 1.515718e-03"
"   0";"  14";" 0.00";" -10.059";"gemelo";" 1.515718e-03"
"   0";"  14";" 0.00";" -10.059";"cortana";" 1.515718e-03"
"   0";"  14";" 0.00";" -10.059";"chef";" 1.515718e-03"
"   0";"  14";" 0.00";" -10.059";"camia";" 1.515718e-03"
"   0";"  14";" 0.00";" -10.059";"almacenaje";" 1.515718e-03"
"   0";"  14";" 0.00";" -10.059";"vinculantes";" 1.515718e-03"
"   0";"  14";" 0.00";" -10.059";"silicon";" 1.515718e-03"
"   0";"  14";" 0.00";" -10.059";"proyector";" 1.515718e-03"
"   0";"  14";" 0.00";" -10.059";"pasaje";" 1.515718e-03"
"   0";"  14";" 0.00";" -10.059";"papelógrafo";" 1.515718e-03"
"   0";"  14";" 0.00";" -10.059";"loco";" 1.515718e-03"
"   0";"  14";" 0.00";" -10.059";"infección";" 1.515718e-03"
"   0";"  14";" 0.00";" -10.059";"gobier";" 1.515718e-03"
"   0";"  14";" 0.00";" -10.059";"frágil";" 1.515718e-03"
"   0";"  14";" 0.00";" -10.059";"deuda|deudo";" 1.515718e-03"
"   0";"  14";" 0.00";" -10.059";"desagradable";" 1.515718e-03"
"   0";"  14";" 0.00";" -10.059";"contento";" 1.515718e-03"
"   0";"  14";" 0.00";" -10.059";"caída";" 1.515718e-03"
"   0";"  14";" 0.00";" -10.059";"cansar";" 1.515718e-03"
"  13";"  60";"21.67";" -10.011";"parcial";" 1.555992e-03"
"   4";"  30";"13.33";" -10.001";"bloquear";" 1.564620e-03"
" 167";" 481";"34.72";"  -9.995";"perfil";" 1.569946e-03"
"  30";" 111";"27.03";"  -9.981";"periodismo";" 1.582025e-03"
"   6";"  37";"16.22";"  -9.964";"puerto";" 1.596204e-03"
"   6";"  37";"16.22";"  -9.964";"ortografía";" 1.596204e-03"
"  15";"  66";"22.73";"  -9.884";"tividad";" 1.667507e-03"
" 220";" 618";"35.60";"  -9.871";"revista";" 1.679318e-03"
" 139";" 407";"34.15";"  -9.854";"suponer";" 1.694206e-03"
"  16";"  69";"23.19";"  -9.840";"algorítmicos";" 1.707679e-03"
"  72";" 228";"31.58";"  -9.833";"fuerza";" 1.714369e-03"
"   3";"  26";"11.54";"  -9.794";"francisco";" 1.750690e-03"
"   3";"  26";"11.54";"  -9.794";"national";" 1.750690e-03"
"   3";"  26";"11.54";"  -9.794";"dt";" 1.750690e-03"
"   3";"  26";"11.54";"  -9.794";"estonia";" 1.750690e-03"
"   3";"  26";"11.54";"  -9.794";"isla";" 1.750690e-03"
"   3";"  26";"11.54";"  -9.794";"griego";" 1.750690e-03"
"   3";"  26";"11.54";"  -9.794";"ciberespacio";" 1.750690e-03"
"   3";"  26";"11.54";"  -9.794";"vicio";" 1.750690e-03"
"   3";"  26";"11.54";"  -9.794";"repasar";" 1.750690e-03"
"   3";"  26";"11.54";"  -9.794";"repartir";" 1.750690e-03"
"   3";"  26";"11.54";"  -9.794";"consonancia";" 1.750690e-03"
"  19";"  78";"24.36";"  -9.770";"atraer";" 1.774038e-03"
"   1";"  18";" 5.56";"  -9.725";"sites";" 1.817768e-03"
"   1";"  18";" 5.56";"  -9.725";"biesta";" 1.817768e-03"
"   1";"  18";" 5.56";"  -9.725";"célula";" 1.817768e-03"
"   1";"  18";" 5.56";"  -9.725";"robar";" 1.817768e-03"
"   1";"  18";" 5.56";"  -9.725";"reloj";" 1.817768e-03"
"   1";"  18";" 5.56";"  -9.725";"2022b";" 1.817768e-03"
"   1";"  18";" 5.56";"  -9.725";"puro";" 1.817768e-03"
"   1";"  18";" 5.56";"  -9.725";"oposición";" 1.817768e-03"
"   1";"  18";" 5.56";"  -9.725";"esquina";" 1.817768e-03"
"   1";"  18";" 5.56";"  -9.725";"subjetividades";" 1.817768e-03"
"   1";"  18";" 5.56";"  -9.725";"revelación";" 1.817768e-03"
"   1";"  18";" 5.56";"  -9.725";"cuantificar";" 1.817768e-03"
"   1";"  18";" 5.56";"  -9.725";"controvertir";" 1.817768e-03"
"   1";"  18";" 5.56";"  -9.725";"alimentario";" 1.817768e-03"
"   7";"  40";"17.50";"  -9.719";"demografía";" 1.824010e-03"
"   7";"  40";"17.50";"  -9.719";"pri";" 1.824010e-03"
"   7";"  40";"17.50";"  -9.719";"len";" 1.824010e-03"
"   7";"  40";"17.50";"  -9.719";"certeza";" 1.824010e-03"
"   2";"  22";" 9.09";"  -9.681";"optimisto";" 1.861525e-03"
"   2";"  22";" 9.09";"  -9.681";"originalmente";" 1.861525e-03"
"   2";"  22";" 9.09";"  -9.681";"notorio";" 1.861525e-03"
"   2";"  22";" 9.09";"  -9.681";"japonés";" 1.861525e-03"
"   5";"  33";"15.15";"  -9.641";"icono";" 1.902523e-03"
"   5";"  33";"15.15";"  -9.641";"club";" 1.902523e-03"
" 117";" 348";"33.62";"  -9.629";"recoger";" 1.914887e-03"
"  12";"  56";"21.43";"  -9.565";"elevado";" 1.982777e-03"
"  30";" 110";"27.27";"  -9.564";"mos";" 1.983895e-03"
"  37";" 130";"28.46";"  -9.532";"favor";" 2.018785e-03"
"  29";" 107";"27.10";"  -9.522";"suma";" 2.030269e-03"
"   8";"  43";"18.60";"  -9.520";"pared";" 2.032502e-03"
"   8";"  43";"18.60";"  -9.520";"voluntad";" 2.032502e-03"
"   8";"  43";"18.60";"  -9.520";"grabar";" 2.032502e-03"
"  13";"  59";"22.03";"  -9.488";"estable";" 2.067766e-03"
"  42";" 144";"29.17";"  -9.474";"deportar";" 2.083643e-03"
"  51";" 169";"30.18";"  -9.415";"tender";" 2.152184e-03"
"  74";" 232";"31.90";"  -9.394";"education";" 2.177043e-03"
" 263";" 726";"36.23";"  -9.385";"final";" 2.188046e-03"
"  59";" 191";"30.89";"  -9.379";"contrario";" 2.194408e-03"
"   4";"  29";"13.79";"  -9.358";"cruz";" 2.220467e-03"
"   4";"  29";"13.79";"  -9.358";"learningml";" 2.220467e-03"
"   4";"  29";"13.79";"  -9.358";"ces";" 2.220467e-03"
"   4";"  29";"13.79";"  -9.358";"carril";" 2.220467e-03"
"   4";"  29";"13.79";"  -9.358";"fp";" 2.220467e-03"
"   4";"  29";"13.79";"  -9.358";"referirse";" 2.220467e-03"
"   4";"  29";"13.79";"  -9.358";"guaje";" 2.220467e-03"
"   4";"  29";"13.79";"  -9.358";"quince";" 2.220467e-03"
"   4";"  29";"13.79";"  -9.358";"operador";" 2.220467e-03"
"   4";"  29";"13.79";"  -9.358";"disparar";" 2.220467e-03"
"   4";"  29";"13.79";"  -9.358";"conservar";" 2.220467e-03"
"   4";"  29";"13.79";"  -9.358";"carac";" 2.220467e-03"
"  40";" 138";"28.99";"  -9.341";"protocolo";" 2.240875e-03"
"   0";"  13";" 0.00";"  -9.341";"molesto";" 2.241133e-03"
"   0";"  13";" 0.00";"  -9.341";"uma";" 2.241133e-03"
"   0";"  13";" 0.00";"  -9.341";"economist";" 2.241133e-03"
"   0";"  13";" 0.00";"  -9.341";"deeper";" 2.241133e-03"
"   0";"  13";" 0.00";"  -9.341";"mail";" 2.241133e-03"
"   0";"  13";" 0.00";"  -9.341";"xviii";" 2.241133e-03"
"   0";"  13";" 0.00";"  -9.341";"parábola";" 2.241133e-03"
"   0";"  13";" 0.00";"  -9.341";"email";" 2.241133e-03"
"   0";"  13";" 0.00";"  -9.341";"dali";" 2.241133e-03"
"   0";"  13";" 0.00";"  -9.341";"redecker";" 2.241133e-03"
"   0";"  13";" 0.00";"  -9.341";"manzana";" 2.241133e-03"
"   0";"  13";" 0.00";"  -9.341";"fuego";" 2.241133e-03"
"   0";"  13";" 0.00";"  -9.341";"cepal";" 2.241133e-03"
"   0";"  13";" 0.00";"  -9.341";"tablet";" 2.241133e-03"
"   0";"  13";" 0.00";"  -9.341";"shakespeare";" 2.241133e-03"
"   0";"  13";" 0.00";"  -9.341";"tr";" 2.241133e-03"
"   0";"  13";" 0.00";"  -9.341";"cifrar";" 2.241133e-03"
"   0";"  13";" 0.00";"  -9.341";"abuelo";" 2.241133e-03"
"   0";"  13";" 0.00";"  -9.341";"viernes";" 2.241133e-03"
"   0";"  13";" 0.00";"  -9.341";"tirar";" 2.241133e-03"
"   0";"  13";" 0.00";"  -9.341";"suelto";" 2.241133e-03"
"   0";"  13";" 0.00";"  -9.341";"ropa";" 2.241133e-03"
"   0";"  13";" 0.00";"  -9.341";"nacio";" 2.241133e-03"
"   0";"  13";" 0.00";"  -9.341";"instinto";" 2.241133e-03"
"   0";"  13";" 0.00";"  -9.341";"calculadoras";" 2.241133e-03"
"   0";"  13";" 0.00";"  -9.341";"b1";" 2.241133e-03"
"   0";"  13";" 0.00";"  -9.341";"usé";" 2.241133e-03"
"   0";"  13";" 0.00";"  -9.341";"tableta";" 2.241133e-03"
"   0";"  13";" 0.00";"  -9.341";"reglamentación";" 2.241133e-03"
"   0";"  13";" 0.00";"  -9.341";"recortar";" 2.241133e-03"
"   0";"  13";" 0.00";"  -9.341";"radiografiar";" 2.241133e-03"
"   0";"  13";" 0.00";"  -9.341";"pú";" 2.241133e-03"
"   0";"  13";" 0.00";"  -9.341";"parentales";" 2.241133e-03"
"   0";"  13";" 0.00";"  -9.341";"galería";" 2.241133e-03"
"   0";"  13";" 0.00";"  -9.341";"fragmentación";" 2.241133e-03"
"   0";"  13";" 0.00";"  -9.341";"enterar";" 2.241133e-03"
"   0";"  13";" 0.00";"  -9.341";"descarte";" 2.241133e-03"
"   0";"  13";" 0.00";"  -9.341";"defnición";" 2.241133e-03"
"   0";"  13";" 0.00";"  -9.341";"bola";" 2.241133e-03"
"   0";"  13";" 0.00";"  -9.341";"autorreporte";" 2.241133e-03"
"   0";"  13";" 0.00";"  -9.341";"acuñó";" 2.241133e-03"
"  96";" 291";"32.99";"  -9.334";"actualidad";" 2.249155e-03"
"  17";"  71";"23.94";"  -9.321";"manipular";" 2.265997e-03"
"  18";"  74";"24.32";"  -9.305";"tradición";" 2.285155e-03"
"  20";"  80";"25.00";"  -9.298";"turismo";" 2.294351e-03"
"  20";"  80";"25.00";"  -9.298";"territorio";" 2.294351e-03"
"  10";"  49";"20.41";"  -9.228";"darle";" 2.383318e-03"
"  31";" 112";"27.68";"  -9.202";"habitual";" 2.417197e-03"
"   3";"  25";"12.00";"  -9.132";"word";" 2.511356e-03"
"   3";"  25";"12.00";"  -9.132";"startup";" 2.511356e-03"
"   3";"  25";"12.00";"  -9.132";"publicitario";" 2.511356e-03"
"   3";"  25";"12.00";"  -9.132";"carabinero";" 2.511356e-03"
"   3";"  25";"12.00";"  -9.132";"acontecimiento";" 2.511356e-03"
"   3";"  25";"12.00";"  -9.132";"programador";" 2.511356e-03"
"   3";"  25";"12.00";"  -9.132";"sobrevivir";" 2.511356e-03"
"   3";"  25";"12.00";"  -9.132";"interoperabilidad";" 2.511356e-03"
"   7";"  39";"17.95";"  -9.129";"nin";" 2.515910e-03"
"  11";"  52";"21.15";"  -9.123";"susceptible";" 2.524458e-03"
"  29";" 106";"27.36";"  -9.108";"ly";" 2.545454e-03"
"  12";"  55";"21.82";"  -9.039";"listado";" 2.643279e-03"
"   5";"  32";"15.62";"  -9.020";"report";" 2.670706e-03"
"   5";"  32";"15.62";"  -9.020";"assistant";" 2.670706e-03"
"   5";"  32";"15.62";"  -9.020";"info";" 2.670706e-03"
"   5";"  32";"15.62";"  -9.020";"peruano";" 2.670706e-03"
"   5";"  32";"15.62";"  -9.020";"dañar";" 2.670706e-03"
"   5";"  32";"15.62";"  -9.020";"empresario";" 2.670706e-03"
"   1";"  17";" 5.88";"  -9.020";"caf";" 2.670764e-03"
"   1";"  17";" 5.88";"  -9.020";"thomas";" 2.670764e-03"
"   1";"  17";" 5.88";"  -9.020";"franco";" 2.670764e-03"
"   1";"  17";" 5.88";"  -9.020";"ceo";" 2.670764e-03"
"   1";"  17";" 5.88";"  -9.020";"uy";" 2.670764e-03"
"   1";"  17";" 5.88";"  -9.020";"vergüenza";" 2.670764e-03"
"   1";"  17";" 5.88";"  -9.020";"dreamstudio";" 2.670764e-03"
"   1";"  17";" 5.88";"  -9.020";"suizo";" 2.670764e-03"
"   1";"  17";" 5.88";"  -9.020";"marvin";" 2.670764e-03"
"   1";"  17";" 5.88";"  -9.020";"descanso";" 2.670764e-03"
"   1";"  17";" 5.88";"  -9.020";"casual";" 2.670764e-03"
"   1";"  17";" 5.88";"  -9.020";"bloqueo";" 2.670764e-03"
"   1";"  17";" 5.88";"  -9.020";"arma";" 2.670764e-03"
"   1";"  17";" 5.88";"  -9.020";"superficie";" 2.670764e-03"
"   1";"  17";" 5.88";"  -9.020";"reparación";" 2.670764e-03"
"   1";"  17";" 5.88";"  -9.020";"p2p";" 2.670764e-03"
"   1";"  17";" 5.88";"  -9.020";"enemigo";" 2.670764e-03"
"   1";"  17";" 5.88";"  -9.020";"encargo";" 2.670764e-03"
"   1";"  17";" 5.88";"  -9.020";"atacar";" 2.670764e-03"
"   1";"  17";" 5.88";"  -9.020";"vulnerabilidades";" 2.670764e-03"
"   1";"  17";" 5.88";"  -9.020";"extrañar";" 2.670764e-03"
"   1";"  17";" 5.88";"  -9.020";"etnia";" 2.670764e-03"
"   2";"  21";" 9.52";"  -8.998";"next";" 2.702497e-03"
"   2";"  21";" 9.52";"  -8.998";"carbono";" 2.702497e-03"
"   2";"  21";" 9.52";"  -8.998";"incapaz";" 2.702497e-03"
"   2";"  21";" 9.52";"  -8.998";"descifrar";" 2.702497e-03"
"   2";"  21";" 9.52";"  -8.998";"abajo";" 2.702497e-03"
"   2";"  21";" 9.52";"  -8.998";"simplicidad";" 2.702497e-03"
"   2";"  21";" 9.52";"  -8.998";"juez";" 2.702497e-03"
"   2";"  21";" 9.52";"  -8.998";"estadísticamente";" 2.702497e-03"
" 468";"1243";"37.65";"  -8.973";"obtener";" 2.739934e-03"
"  13";"  58";"22.41";"  -8.972";"disparidad";" 2.740799e-03"
"  34";" 120";"28.33";"  -8.968";"perplexity";" 2.747822e-03"
"  18";"  73";"24.66";"  -8.833";"celebrar";" 2.958875e-03"
"  19";"  76";"25.00";"  -8.832";"conciso";" 2.959313e-03"
"  84";" 257";"32.68";"  -8.819";"edición";" 2.980285e-03"
"  37";" 128";"28.91";"  -8.770";"reportar";" 3.061676e-03"
"   6";"  35";"17.14";"  -8.755";"emisión";" 3.087507e-03"
"   6";"  35";"17.14";"  -8.755";"llenar";" 3.087507e-03"
"   4";"  28";"14.29";"  -8.720";"agrupación";" 3.147444e-03"
"  10";"  48";"20.83";"  -8.684";"restar";" 3.210217e-03"
"  10";"  48";"20.83";"  -8.684";"estricto";" 3.210217e-03"
"   0";"  12";" 0.00";"  -8.622";"guide";" 3.321056e-03"
"   0";"  12";" 0.00";"  -8.622";"services";" 3.321056e-03"
"   0";"  12";" 0.00";"  -8.622";"economics";" 3.321056e-03"
"   0";"  12";" 0.00";"  -8.622";"link";" 3.321056e-03"
"   0";"  12";" 0.00";"  -8.622";"act";" 3.321056e-03"
"   0";"  12";" 0.00";"  -8.622";"pipa";" 3.321056e-03"
"   0";"  12";" 0.00";"  -8.622";"lens";" 3.321056e-03"
"   0";"  12";" 0.00";"  -8.622";"royal";" 3.321056e-03"
"   0";"  12";" 0.00";"  -8.622";"laird";" 3.321056e-03"
"   0";"  12";" 0.00";"  -8.622";"guia";" 3.321056e-03"
"   0";"  12";" 0.00";"  -8.622";"deepfake";" 3.321056e-03"
"   0";"  12";" 0.00";"  -8.622";"hrc";" 3.321056e-03"
"   0";"  12";" 0.00";"  -8.622";"uber";" 3.321056e-03"
"   0";"  12";" 0.00";"  -8.622";"pez";" 3.321056e-03"
"   0";"  12";" 0.00";"  -8.622";"ompi";" 3.321056e-03"
"   0";"  12";" 0.00";"  -8.622";"tim";" 3.321056e-03"
"   0";"  12";" 0.00";"  -8.622";"iipe";" 3.321056e-03"
"   0";"  12";" 0.00";"  -8.622";"fc";" 3.321056e-03"
"   0";"  12";" 0.00";"  -8.622";"zapato";" 3.321056e-03"
"   0";"  12";" 0.00";"  -8.622";"juvenil";" 3.321056e-03"
"   0";"  12";" 0.00";"  -8.622";"amar";" 3.321056e-03"
"   0";"  12";" 0.00";"  -8.622";"ml4k";" 3.321056e-03"
"   0";"  12";" 0.00";"  -8.622";"incorrectamente";" 3.321056e-03"
"   0";"  12";" 0.00";"  -8.622";"identifcar";" 3.321056e-03"
"   0";"  12";" 0.00";"  -8.622";"concientización";" 3.321056e-03"
"   0";"  12";" 0.00";"  -8.622";"climática";" 3.321056e-03"
"   0";"  12";" 0.00";"  -8.622";"chocolate";" 3.321056e-03"
"   0";"  12";" 0.00";"  -8.622";"taron";" 3.321056e-03"
"   0";"  12";" 0.00";"  -8.622";"salesforce";" 3.321056e-03"
"   0";"  12";" 0.00";"  -8.622";"propaganda";" 3.321056e-03"
"   0";"  12";" 0.00";"  -8.622";"paridad";" 3.321056e-03"
"   0";"  12";" 0.00";"  -8.622";"municipal";" 3.321056e-03"
"   0";"  12";" 0.00";"  -8.622";"mamá";" 3.321056e-03"
"   0";"  12";" 0.00";"  -8.622";"fotográfico";" 3.321056e-03"
"   0";"  12";" 0.00";"  -8.622";"fitbit";" 3.321056e-03"
"   0";"  12";" 0.00";"  -8.622";"embajador";" 3.321056e-03"
"   0";"  12";" 0.00";"  -8.622";"consecutivo";" 3.321056e-03"
"   0";"  12";" 0.00";"  -8.622";"anunciantes";" 3.321056e-03"
"   0";"  12";" 0.00";"  -8.622";"terrorista";" 3.321056e-03"
"   0";"  12";" 0.00";"  -8.622";"subconjunto";" 3.321056e-03"
"   0";"  12";" 0.00";"  -8.622";"salar|salir";" 3.321056e-03"
"   0";"  12";" 0.00";"  -8.622";"mímesis";" 3.321056e-03"
"   0";"  12";" 0.00";"  -8.622";"multicapa";" 3.321056e-03"
"   0";"  12";" 0.00";"  -8.622";"melodía";" 3.321056e-03"
"   0";"  12";" 0.00";"  -8.622";"jurisdicción";" 3.321056e-03"
"   0";"  12";" 0.00";"  -8.622";"intergubernamentales";" 3.321056e-03"
"   0";"  12";" 0.00";"  -8.622";"inequidad";" 3.321056e-03"
"   0";"  12";" 0.00";"  -8.622";"incorrectos";" 3.321056e-03"
"   0";"  12";" 0.00";"  -8.622";"granjero";" 3.321056e-03"
"   0";"  12";" 0.00";"  -8.622";"fisher";" 3.321056e-03"
"   0";"  12";" 0.00";"  -8.622";"factura";" 3.321056e-03"
"   0";"  12";" 0.00";"  -8.622";"depresión";" 3.321056e-03"
"   0";"  12";" 0.00";"  -8.622";"célebre";" 3.321056e-03"
"   0";"  12";" 0.00";"  -8.622";"contes";" 3.321056e-03"
"   0";"  12";" 0.00";"  -8.622";"ciberataques";" 3.321056e-03"
"   0";"  12";" 0.00";"  -8.622";"chispa";" 3.321056e-03"
"   0";"  12";" 0.00";"  -8.622";"asimov";" 3.321056e-03"
"   0";"  12";" 0.00";"  -8.622";"apego";" 3.321056e-03"
"   0";"  12";" 0.00";"  -8.622";"anonimizados";" 3.321056e-03"
"   0";"  12";" 0.00";"  -8.622";"adjetivos";" 3.321056e-03"
"  11";"  51";"21.57";"  -8.591";"prohibición";" 3.377473e-03"
"  34";" 119";"28.57";"  -8.581";"matriz";" 3.396165e-03"
"  34";" 119";"28.57";"  -8.581";"cognición";" 3.396165e-03"
"  33";" 116";"28.45";"  -8.521";"generador";" 3.510511e-03"
"  12";"  54";"22.22";"  -8.519";"financiamiento";" 3.514450e-03"
" 401";"1071";"37.44";"  -8.509";"responsable";" 3.533423e-03"
" 129";" 375";"34.40";"  -8.498";"significar";" 3.555680e-03"
"  24";"  90";"26.67";"  -8.489";"abstracto";" 3.572299e-03"
"   3";"  24";"12.50";"  -8.475";"johnson";" 3.600156e-03"
"   3";"  24";"12.50";"  -8.475";"bostrom";" 3.600156e-03"
"   3";"  24";"12.50";"  -8.475";"acierto";" 3.600156e-03"
"   3";"  24";"12.50";"  -8.475";"vigilar";" 3.600156e-03"
"   3";"  24";"12.50";"  -8.475";"4o";" 3.600156e-03"
"  13";"  57";"22.81";"  -8.464";"sentar";" 3.623106e-03"
"   5";"  31";"16.13";"  -8.405";"rector";" 3.742698e-03"
"   5";"  31";"16.13";"  -8.405";"muestreo";" 3.742698e-03"
"   5";"  31";"16.13";"  -8.405";"quitar";" 3.742698e-03"
"   5";"  31";"16.13";"  -8.405";"patente";" 3.742698e-03"
"   8";"  41";"19.51";"  -8.381";"marginar";" 3.792263e-03"
"  19";"  75";"25.33";"  -8.374";"excelencia";" 3.806834e-03"
"  17";"  69";"24.64";"  -8.368";"representativo";" 3.819778e-03"
"  97";" 290";"33.45";"  -8.359";"diario";" 3.836800e-03"
"  30";" 107";"28.04";"  -8.350";"usarse";" 3.856970e-03"
"  30";" 107";"28.04";"  -8.350";"liderar";" 3.856970e-03"
"  30";" 107";"28.04";"  -8.350";"apreciar";" 3.856970e-03"
"   2";"  20";"10.00";"  -8.319";"nature";" 3.924072e-03"
"   2";"  20";"10.00";"  -8.319";"impar";" 3.924072e-03"
"   2";"  20";"10.00";"  -8.319";"escola";" 3.924072e-03"
"   2";"  20";"10.00";"  -8.319";"enigma";" 3.924072e-03"
"   2";"  20";"10.00";"  -8.319";"inversor";" 3.924072e-03"
"   2";"  20";"10.00";"  -8.319";"fantasía";" 3.924072e-03"
"   2";"  20";"10.00";"  -8.319";"plo";" 3.924072e-03"
"   2";"  20";"10.00";"  -8.319";"mandar";" 3.924072e-03"
"   2";"  20";"10.00";"  -8.319";"limpieza";" 3.924072e-03"
"   2";"  20";"10.00";"  -8.319";"chats";" 3.924072e-03"
"   1";"  16";" 6.25";"  -8.316";"int";" 3.929296e-03"
"   1";"  16";" 6.25";"  -8.316";"fair";" 3.929296e-03"
"   1";"  16";" 6.25";"  -8.316";"doc";" 3.929296e-03"
"   1";"  16";" 6.25";"  -8.316";"ariel";" 3.929296e-03"
"   1";"  16";" 6.25";"  -8.316";"cat";" 3.929296e-03"
"   1";"  16";" 6.25";"  -8.316";"recuento";" 3.929296e-03"
"   1";"  16";" 6.25";"  -8.316";"accenture";" 3.929296e-03"
"   1";"  16";" 6.25";"  -8.316";"labs";" 3.929296e-03"
"   1";"  16";" 6.25";"  -8.316";"equals";" 3.929296e-03"
"   1";"  16";" 6.25";"  -8.316";"craiyon";" 3.929296e-03"
"   1";"  16";" 6.25";"  -8.316";"buolamwini";" 3.929296e-03"
"   1";"  16";" 6.25";"  -8.316";"geometría";" 3.929296e-03"
"   1";"  16";" 6.25";"  -8.316";"suave";" 3.929296e-03"
"   1";"  16";" 6.25";"  -8.316";"sociotécnicos";" 3.929296e-03"
"   1";"  16";" 6.25";"  -8.316";"paciencia";" 3.929296e-03"
"   1";"  16";" 6.25";"  -8.316";"gas";" 3.929296e-03"
"   1";"  16";" 6.25";"  -8.316";"fiesta";" 3.929296e-03"
"   1";"  16";" 6.25";"  -8.316";"escapar";" 3.929296e-03"
"   1";"  16";" 6.25";"  -8.316";"emirato";" 3.929296e-03"
"   1";"  16";" 6.25";"  -8.316";"copy";" 3.929296e-03"
"   1";"  16";" 6.25";"  -8.316";"transportar";" 3.929296e-03"
"   1";"  16";" 6.25";"  -8.316";"supervivencia";" 3.929296e-03"
"   1";"  16";" 6.25";"  -8.316";"socioeconómica";" 3.929296e-03"
"   1";"  16";" 6.25";"  -8.316";"gratis";" 3.929296e-03"
"   1";"  16";" 6.25";"  -8.316";"creíble";" 3.929296e-03"
"   1";"  16";" 6.25";"  -8.316";"corrector";" 3.929296e-03"
"   1";"  16";" 6.25";"  -8.316";"cienti";" 3.929296e-03"
"   9";"  44";"20.45";"  -8.250";"imaginario";" 4.075219e-03"
" 390";"1041";"37.46";"  -8.183";"necesitar";" 4.228247e-03"
"  83";" 252";"32.94";"  -8.177";"computación";" 4.243196e-03"
" 161";" 457";"35.23";"  -8.175";"organizar";" 4.247987e-03"
"  26";"  95";"27.37";"  -8.150";"filosofía";" 4.305968e-03"
"  10";"  47";"21.28";"  -8.147";"explotación";" 4.312506e-03"
"  25";"  92";"27.17";"  -8.106";"importar";" 4.410781e-03"
"   4";"  27";"14.81";"  -8.088";"crawford";" 4.455408e-03"
"   4";"  27";"14.81";"  -8.088";"partners";" 4.455408e-03"
"   4";"  27";"14.81";"  -8.088";"gan";" 4.455408e-03"
"   4";"  27";"14.81";"  -8.088";"rincón";" 4.455408e-03"
"   4";"  27";"14.81";"  -8.088";"tro";" 4.455408e-03"
"   4";"  27";"14.81";"  -8.088";"secuencial";" 4.455408e-03"
"   4";"  27";"14.81";"  -8.088";"gesto";" 4.455408e-03"
"  11";"  50";"22.00";"  -8.068";"trasladar";" 4.506341e-03"
"  11";"  50";"22.00";"  -8.068";"preocupante";" 4.506341e-03"
"  24";"  89";"26.97";"  -8.066";"papá";" 4.510565e-03"
"  24";"  89";"26.97";"  -8.066";"sumar";" 4.510565e-03"
" 124";" 360";"34.44";"  -8.059";"funcionamiento";" 4.528668e-03"
"  50";" 162";"30.86";"  -7.990";"agregar";" 4.704024e-03"
"   7";"  37";"18.92";"  -7.971";"exhibir";" 4.754516e-03"
"  13";"  56";"23.21";"  -7.962";"sintético";" 4.775898e-03"
" 101";" 299";"33.78";"  -7.951";"gracia";" 4.806747e-03"
"  14";"  59";"23.73";"  -7.931";"deportivo";" 4.858474e-03"
"  15";"  62";"24.19";"  -7.912";"explicabilidad";" 4.910899e-03"
"  15";"  62";"24.19";"  -7.912";"acumular";" 4.910899e-03"
"   0";"  11";" 0.00";"  -7.904";"neural";" 4.933924e-03"
"   0";"  11";" 0.00";"  -7.904";"speech";" 4.933924e-03"
"   0";"  11";" 0.00";"  -7.904";"senior";" 4.933924e-03"
"   0";"  11";" 0.00";"  -7.904";"lex";" 4.933924e-03"
"   0";"  11";" 0.00";"  -7.904";"dolor";" 4.933924e-03"
"   0";"  11";" 0.00";"  -7.904";"Dominique Strauss-Kahn ";" 4.933924e-03"
"   0";"  11";" 0.00";"  -7.904";"maps";" 4.933924e-03"
"   0";"  11";" 0.00";"  -7.904";"pf0000385146_spa";" 4.933924e-03"
"   0";"  11";" 0.00";"  -7.904";"moderation";" 4.933924e-03"
"   0";"  11";" 0.00";"  -7.904";"medina";" 4.933924e-03"
"   0";"  11";" 0.00";"  -7.904";"austral";" 4.933924e-03"
"   0";"  11";" 0.00";"  -7.904";"weizenbaum";" 4.933924e-03"
"   0";"  11";" 0.00";"  -7.904";"hinton";" 4.933924e-03"
"   0";"  11";" 0.00";"  -7.904";"congress";" 4.933924e-03"
"   0";"  11";" 0.00";"  -7.904";"sd";" 4.933924e-03"
"   0";"  11";" 0.00";"  -7.904";"quillbot";" 4.933924e-03"
"   0";"  11";" 0.00";"  -7.904";"lecun";" 4.933924e-03"
"   0";"  11";" 0.00";"  -7.904";"lago";" 4.933924e-03"
"   0";"  11";" 0.00";"  -7.904";"est";" 4.933924e-03"
"   0";"  11";" 0.00";"  -7.904";"andrew";" 4.933924e-03"
"   0";"  11";" 0.00";"  -7.904";"2017b";" 4.933924e-03"
"   0";"  11";" 0.00";"  -7.904";"run";" 4.933924e-03"
"   0";"  11";" 0.00";"  -7.904";"roca";" 4.933924e-03"
"   0";"  11";" 0.00";"  -7.904";"pdfs";" 4.933924e-03"
"   0";"  11";" 0.00";"  -7.904";"hipoteca";" 4.933924e-03"
"   0";"  11";" 0.00";"  -7.904";"gptzero";" 4.933924e-03"
"   0";"  11";" 0.00";"  -7.904";"depósito";" 4.933924e-03"
"   0";"  11";" 0.00";"  -7.904";"codificador";" 4.933924e-03"
"   0";"  11";" 0.00";"  -7.904";"benjamin";" 4.933924e-03"
"   0";"  11";" 0.00";"  -7.904";"presidencia";" 4.933924e-03"
"   0";"  11";" 0.00";"  -7.904";"iceberg";" 4.933924e-03"
"   0";"  11";" 0.00";"  -7.904";"franja";" 4.933924e-03"
"   0";"  11";" 0.00";"  -7.904";"arabia ";" 4.933924e-03"
"   0";"  11";" 0.00";"  -7.904";"sussex";" 4.933924e-03"
"   0";"  11";" 0.00";"  -7.904";"primavera";" 4.933924e-03"
"   0";"  11";" 0.00";"  -7.904";"penal";" 4.933924e-03"
"   0";"  11";" 0.00";"  -7.904";"jurar";" 4.933924e-03"
"   0";"  11";" 0.00";"  -7.904";"hive";" 4.933924e-03"
"   0";"  11";" 0.00";"  -7.904";"guionistas";" 4.933924e-03"
"   0";"  11";" 0.00";"  -7.904";"detector";" 4.933924e-03"
"   0";"  11";" 0.00";"  -7.904";"carlab";" 4.933924e-03"
"   0";"  11";" 0.00";"  -7.904";"votar";" 4.933924e-03"
"   0";"  11";" 0.00";"  -7.904";"varianza";" 4.933924e-03"
"   0";"  11";" 0.00";"  -7.904";"tuits";" 4.933924e-03"
"   0";"  11";" 0.00";"  -7.904";"triste";" 4.933924e-03"
"   0";"  11";" 0.00";"  -7.904";"tribunal";" 4.933924e-03"
"   0";"  11";" 0.00";"  -7.904";"trazo";" 4.933924e-03"
"   0";"  11";" 0.00";"  -7.904";"sep";" 4.933924e-03"
"   0";"  11";" 0.00";"  -7.904";"sangre";" 4.933924e-03"
"   0";"  11";" 0.00";"  -7.904";"protestar";" 4.933924e-03"
"   0";"  11";" 0.00";"  -7.904";"noruego";" 4.933924e-03"
"   0";"  11";" 0.00";"  -7.904";"moustakás";" 4.933924e-03"
"   0";"  11";" 0.00";"  -7.904";"interrogador";" 4.933924e-03"
"   0";"  11";" 0.00";"  -7.904";"huelga";" 4.933924e-03"
"   0";"  11";" 0.00";"  -7.904";"gol";" 4.933924e-03"
"   0";"  11";" 0.00";"  -7.904";"ginebra";" 4.933924e-03"
"   0";"  11";" 0.00";"  -7.904";"edmon";" 4.933924e-03"
"   0";"  11";" 0.00";"  -7.904";"convolucionales";" 4.933924e-03"
"   0";"  11";" 0.00";"  -7.904";"cinturón";" 4.933924e-03"
"   0";"  11";" 0.00";"  -7.904";"chrome";" 4.933924e-03"
"   0";"  11";" 0.00";"  -7.904";"burro";" 4.933924e-03"
"   0";"  11";" 0.00";"  -7.904";"apretar";" 4.933924e-03"
"   0";"  11";" 0.00";"  -7.904";"subsahariana";" 4.933924e-03"
"   0";"  11";" 0.00";"  -7.904";"sinapsis";" 4.933924e-03"
"   0";"  11";" 0.00";"  -7.904";"sancionar";" 4.933924e-03"
"   0";"  11";" 0.00";"  -7.904";"retropropagación";" 4.933924e-03"
"   0";"  11";" 0.00";"  -7.904";"propagar";" 4.933924e-03"
"   0";"  11";" 0.00";"  -7.904";"molestar";" 4.933924e-03"
"   0";"  11";" 0.00";"  -7.904";"mintic";" 4.933924e-03"
"   0";"  11";" 0.00";"  -7.904";"kasparov";" 4.933924e-03"
"   0";"  11";" 0.00";"  -7.904";"inequidades";" 4.933924e-03"
"   0";"  11";" 0.00";"  -7.904";"indicarle";" 4.933924e-03"
"   0";"  11";" 0.00";"  -7.904";"implementadores";" 4.933924e-03"
"   0";"  11";" 0.00";"  -7.904";"hueco";" 4.933924e-03"
"   0";"  11";" 0.00";"  -7.904";"histo";" 4.933924e-03"
"   0";"  11";" 0.00";"  -7.904";"etario";" 4.933924e-03"
"   0";"  11";" 0.00";"  -7.904";"disco";" 4.933924e-03"
"   0";"  11";" 0.00";"  -7.904";"digcomporg";" 4.933924e-03"
"   0";"  11";" 0.00";"  -7.904";"criminalidad";" 4.933924e-03"
"   0";"  11";" 0.00";"  -7.904";"cosecha";" 4.933924e-03"
"   0";"  11";" 0.00";"  -7.904";"azúcar";" 4.933924e-03"
"   0";"  11";" 0.00";"  -7.904";"autonómico";" 4.933924e-03"
"   0";"  11";" 0.00";"  -7.904";"amantar";" 4.933924e-03"
"   0";"  11";" 0.00";"  -7.904";"ados";" 4.933924e-03"
"  16";"  65";"24.62";"  -7.903";"alejar";" 4.936535e-03"
"  29";" 103";"28.16";"  -7.900";"estadística";" 4.942805e-03"
"  35";" 120";"29.17";"  -7.893";"experimento";" 4.963424e-03"
"  28";" 100";"28.00";"  -7.845";"familiar";" 5.095070e-03"
"  63";" 197";"31.98";"  -7.840";"unidad";" 5.111062e-03"
"   3";"  23";"13.04";"  -7.824";"information";" 5.157031e-03"
"   3";"  23";"13.04";"  -7.824";"ethics";" 5.157031e-03"
"   3";"  23";"13.04";"  -7.824";"offline";" 5.157031e-03"
"   3";"  23";"13.04";"  -7.824";"viñetas";" 5.157031e-03"
"   3";"  23";"13.04";"  -7.824";"vencer";" 5.157031e-03"
"   3";"  23";"13.04";"  -7.824";"oe";" 5.157031e-03"
"   8";"  40";"20.00";"  -7.822";"2023b";" 5.160560e-03"
"   5";"  30";"16.67";"  -7.796";"model";" 5.235177e-03"
"   5";"  30";"16.67";"  -7.796";"santiago";" 5.235177e-03"
"   5";"  30";"16.67";"  -7.796";"metainteligencia";" 5.235177e-03"
"   5";"  30";"16.67";"  -7.796";"cerebral";" 5.235177e-03"
"   5";"  30";"16.67";"  -7.796";"minoría";" 5.235177e-03"
"  26";"  94";"27.66";"  -7.742";"pérdida";" 5.394520e-03"
" 233";" 640";"36.41";"  -7.738";"disponible";" 5.407820e-03"
"   9";"  43";"20.93";"  -7.707";"diapositiva";" 5.500273e-03"
" 148";" 421";"35.15";"  -7.701";"referir";" 5.520553e-03"
"   2";"  19";"10.53";"  -7.643";"london";" 5.698650e-03"
"   2";"  19";"10.53";"  -7.643";"simon";" 5.698650e-03"
"   2";"  19";"10.53";"  -7.643";"um";" 5.698650e-03"
"   2";"  19";"10.53";"  -7.643";"reina";" 5.698650e-03"
"   2";"  19";"10.53";"  -7.643";"colonialismo";" 5.698650e-03"
"   2";"  19";"10.53";"  -7.643";"dimh";" 5.698650e-03"
"   2";"  19";"10.53";"  -7.643";"powerpoint";" 5.698650e-03"
"   2";"  19";"10.53";"  -7.643";"boom";" 5.698650e-03"
"   2";"  19";"10.53";"  -7.643";"batalla";" 5.698650e-03"
"   2";"  19";"10.53";"  -7.643";"tormenta";" 5.698650e-03"
"   2";"  19";"10.53";"  -7.643";"omisión";" 5.698650e-03"
"   2";"  19";"10.53";"  -7.643";"vigencia";" 5.698650e-03"
"   2";"  19";"10.53";"  -7.643";"sueco";" 5.698650e-03"
"   2";"  19";"10.53";"  -7.643";"salvaguardar";" 5.698650e-03"
"   2";"  19";"10.53";"  -7.643";"restrictivo";" 5.698650e-03"
"  10";"  46";"21.74";"  -7.619";"mentos";" 5.776941e-03"
"   1";"  15";" 6.67";"  -7.615";"hall";" 5.789497e-03"
"   1";"  15";" 6.67";"  -7.615";"mark";" 5.789497e-03"
"   1";"  15";" 6.67";"  -7.615";"elsevier";" 5.789497e-03"
"   1";"  15";" 6.67";"  -7.615";"c1";" 5.789497e-03"
"   1";"  15";" 6.67";"  -7.615";"reciclaje";" 5.789497e-03"
"   1";"  15";" 6.67";"  -7.615";"generalitat";" 5.789497e-03"
"   1";"  15";" 6.67";"  -7.615";"caro";" 5.789497e-03"
"   1";"  15";" 6.67";"  -7.615";"berlín";" 5.789497e-03"
"   1";"  15";" 6.67";"  -7.615";"neto";" 5.789497e-03"
"   1";"  15";" 6.67";"  -7.615";"lavar";" 5.789497e-03"
"   1";"  15";" 6.67";"  -7.615";"cv";" 5.789497e-03"
"   1";"  15";" 6.67";"  -7.615";"gerente";" 5.789497e-03"
"   1";"  15";" 6.67";"  -7.615";"coalition";" 5.789497e-03"
"   1";"  15";" 6.67";"  -7.615";"sudáfrica";" 5.789497e-03"
"   1";"  15";" 6.67";"  -7.615";"p8";" 5.789497e-03"
"   1";"  15";" 6.67";"  -7.615";"constitución";" 5.789497e-03"
"   1";"  15";" 6.67";"  -7.615";"textura";" 5.789497e-03"
"   1";"  15";" 6.67";"  -7.615";"sembrar";" 5.789497e-03"
"   1";"  15";" 6.67";"  -7.615";"promotor";" 5.789497e-03"
"   1";"  15";" 6.67";"  -7.615";"respues";" 5.789497e-03"
"   1";"  15";" 6.67";"  -7.615";"optimizado";" 5.789497e-03"
"   1";"  15";" 6.67";"  -7.615";"montaña";" 5.789497e-03"
"   1";"  15";" 6.67";"  -7.615";"imparcialidad";" 5.789497e-03"
"   1";"  15";" 6.67";"  -7.615";"grá";" 5.789497e-03"
"   1";"  15";" 6.67";"  -7.615";"drones";" 5.789497e-03"
"   1";"  15";" 6.67";"  -7.615";"colgar";" 5.789497e-03"
"   1";"  15";" 6.67";"  -7.615";"asombro";" 5.789497e-03"
"   1";"  15";" 6.67";"  -7.615";"acústica";" 5.789497e-03"
"  23";"  85";"27.06";"  -7.607";"finanza";" 5.813496e-03"
" 447";"1180";"37.88";"  -7.593";"existir";" 5.860329e-03"
"  49";" 158";"31.01";"  -7.582";"prioridad";" 5.894963e-03"
"   6";"  33";"18.18";"  -7.574";"cátedra";" 5.922605e-03"
"   6";"  33";"18.18";"  -7.574";"moderación";" 5.922605e-03"
"   6";"  33";"18.18";"  -7.574";"confundir";" 5.922605e-03"
"   6";"  33";"18.18";"  -7.574";"mensajería";" 5.922605e-03"
"  22";"  82";"26.83";"  -7.569";"cómputo";" 5.939158e-03"
"  22";"  82";"26.83";"  -7.569";"solucionar";" 5.939158e-03"
"  11";"  49";"22.45";"  -7.552";"apa";" 5.995110e-03"
"  12";"  52";"23.08";"  -7.503";"coeficiente";" 6.159942e-03"
"  13";"  55";"23.64";"  -7.469";"composición";" 6.276794e-03"
"   4";"  26";"15.38";"  -7.463";"metáforas";" 6.297389e-03"
"   4";"  26";"15.38";"  -7.463";"intermediario";" 6.297389e-03"
"   4";"  26";"15.38";"  -7.463";"digno";" 6.297389e-03"
"   4";"  26";"15.38";"  -7.463";"rondar";" 6.297389e-03"
"   4";"  26";"15.38";"  -7.463";"retirar";" 6.297389e-03"
"   4";"  26";"15.38";"  -7.463";"pasión";" 6.297389e-03"
"  14";"  58";"24.14";"  -7.448";"internacional ";" 6.350956e-03"
"  14";"  58";"24.14";"  -7.448";"dilema";" 6.350956e-03"
"  14";"  58";"24.14";"  -7.448";"instalar";" 6.350956e-03"
"  14";"  58";"24.14";"  -7.448";"abandonar";" 6.350956e-03"
"  15";"  61";"24.59";"  -7.438";"extracción";" 6.387483e-03"
"  16";"  64";"25.00";"  -7.437";"madurez";" 6.391105e-03"
" 238";" 651";"36.56";"  -7.432";"experto";" 6.405739e-03"
"   7";"  36";"19.44";"  -7.403";"reaccionar";" 6.511685e-03"
"  73";" 222";"32.88";"  -7.288";"probar";" 6.942962e-03"
"  93";" 275";"33.82";"  -7.239";"for";" 7.131859e-03"
"   5";"  29";"17.24";"  -7.196";"envío";" 7.307711e-03"
"   5";"  29";"17.24";"  -7.196";"parar";" 7.307711e-03"
"   0";"  10";" 0.00";"  -7.185";"create";" 7.351955e-03"
"   0";"  10";" 0.00";"  -7.185";"america";" 7.351955e-03"
"   0";"  10";" 0.00";"  -7.185";"lan";" 7.351955e-03"
"   0";"  10";" 0.00";"  -7.185";"documents";" 7.351955e-03"
"   0";"  10";" 0.00";"  -7.185";"check";" 7.351955e-03"
"   0";"  10";" 0.00";"  -7.185";"machinery";" 7.351955e-03"
"   0";"  10";" 0.00";"  -7.185";"voice";" 7.351955e-03"
"   0";"  10";" 0.00";"  -7.185";"elizabeth";" 7.351955e-03"
"   0";"  10";" 0.00";"  -7.185";"sm";" 7.351955e-03"
"   0";"  10";" 0.00";"  -7.185";"jrc";" 7.351955e-03"
"   0";"  10";" 0.00";"  -7.185";"punie";" 7.351955e-03"
"   0";"  10";" 0.00";"  -7.185";"à";" 7.351955e-03"
"   0";"  10";" 0.00";"  -7.185";"viii";" 7.351955e-03"
"   0";"  10";" 0.00";"  -7.185";"estados unidos";" 7.351955e-03"
"   0";"  10";" 0.00";"  -7.185";"ais";" 7.351955e-03"
"   0";"  10";" 0.00";"  -7.185";"laberintos";" 7.351955e-03"
"   0";"  10";" 0.00";"  -7.185";"cal";" 7.351955e-03"
"   0";"  10";" 0.00";"  -7.185";"replicate";" 7.351955e-03"
"   0";"  10";" 0.00";"  -7.185";"minciencia";" 7.351955e-03"
"   0";"  10";" 0.00";"  -7.185";"francis";" 7.351955e-03"
"   0";"  10";" 0.00";"  -7.185";"iadb";" 7.351955e-03"
"   0";"  10";" 0.00";"  -7.185";"tesla";" 7.351955e-03"
"   0";"  10";" 0.00";"  -7.185";"tabasco";" 7.351955e-03"
"   0";"  10";" 0.00";"  -7.185";"maddy";" 7.351955e-03"
"   0";"  10";" 0.00";"  -7.185";"luminoso";" 7.351955e-03"
"   0";"  10";" 0.00";"  -7.185";"unad";" 7.351955e-03"
"   0";"  10";" 0.00";"  -7.185";"traza";" 7.351955e-03"
"   0";"  10";" 0.00";"  -7.185";"reactivas";" 7.351955e-03"
"   0";"  10";" 0.00";"  -7.185";"originario";" 7.351955e-03"
"   0";"  10";" 0.00";"  -7.185";"infobae";" 7.351955e-03"
"   0";"  10";" 0.00";"  -7.185";"icesi";" 7.351955e-03"
"   0";"  10";" 0.00";"  -7.185";"galaxia";" 7.351955e-03"
"   0";"  10";" 0.00";"  -7.185";"cuello";" 7.351955e-03"
"   0";"  10";" 0.00";"  -7.185";"caballo";" 7.351955e-03"
"   0";"  10";" 0.00";"  -7.185";"walter";" 7.351955e-03"
"   0";"  10";" 0.00";"  -7.185";"rna";" 7.351955e-03"
"   0";"  10";" 0.00";"  -7.185";"píxeles";" 7.351955e-03"
"   0";"  10";" 0.00";"  -7.185";"millennials";" 7.351955e-03"
"   0";"  10";" 0.00";"  -7.185";"irlanda";" 7.351955e-03"
"   0";"  10";" 0.00";"  -7.185";"frankétienne";" 7.351955e-03"
"   0";"  10";" 0.00";"  -7.185";"federación";" 7.351955e-03"
"   0";"  10";" 0.00";"  -7.185";"espan";" 7.351955e-03"
"   0";"  10";" 0.00";"  -7.185";"comisario";" 7.351955e-03"
"   0";"  10";" 0.00";"  -7.185";"boca";" 7.351955e-03"
"   0";"  10";" 0.00";"  -7.185";"andersen";" 7.351955e-03"
"   0";"  10";" 0.00";"  -7.185";"acá";" 7.351955e-03"
"   0";"  10";" 0.00";"  -7.185";"voto";" 7.351955e-03"
"   0";"  10";" 0.00";"  -7.185";"trazado";" 7.351955e-03"
"   0";"  10";" 0.00";"  -7.185";"terciaria";" 7.351955e-03"
"   0";"  10";" 0.00";"  -7.185";"subsecretaría";" 7.351955e-03"
"   0";"  10";" 0.00";"  -7.185";"selfie";" 7.351955e-03"
"   0";"  10";" 0.00";"  -7.185";"renuncia";" 7.351955e-03"
"   0";"  10";" 0.00";"  -7.185";"porquería";" 7.351955e-03"
"   0";"  10";" 0.00";"  -7.185";"oriental";" 7.351955e-03"
"   0";"  10";" 0.00";"  -7.185";"oeste";" 7.351955e-03"
"   0";"  10";" 0.00";"  -7.185";"objeción";" 7.351955e-03"
"   0";"  10";" 0.00";"  -7.185";"multar";" 7.351955e-03"
"   0";"  10";" 0.00";"  -7.185";"maridaje";" 7.351955e-03"
"   0";"  10";" 0.00";"  -7.185";"locura";" 7.351955e-03"
"   0";"  10";" 0.00";"  -7.185";"leche";" 7.351955e-03"
"   0";"  10";" 0.00";"  -7.185";"fantástico";" 7.351955e-03"
"   0";"  10";" 0.00";"  -7.185";"embebida";" 7.351955e-03"
"   0";"  10";" 0.00";"  -7.185";"disculpa";" 7.351955e-03"
"   0";"  10";" 0.00";"  -7.185";"constitucional";" 7.351955e-03"
"   0";"  10";" 0.00";"  -7.185";"cenozoica";" 7.351955e-03"
"   0";"  10";" 0.00";"  -7.185";"biométrica";" 7.351955e-03"
"   0";"  10";" 0.00";"  -7.185";"autodeterminación";" 7.351955e-03"
"   0";"  10";" 0.00";"  -7.185";"antidisciplinarios";" 7.351955e-03"
"   0";"  10";" 0.00";"  -7.185";"vimeo";" 7.351955e-03"
"   0";"  10";" 0.00";"  -7.185";"tituciones";" 7.351955e-03"
"   0";"  10";" 0.00";"  -7.185";"texturas";" 7.351955e-03"
"   0";"  10";" 0.00";"  -7.185";"sintáctico";" 7.351955e-03"
"   0";"  10";" 0.00";"  -7.185";"récord";" 7.351955e-03"
"   0";"  10";" 0.00";"  -7.185";"relevadas";" 7.351955e-03"
"   0";"  10";" 0.00";"  -7.185";"recaudar";" 7.351955e-03"
"   0";"  10";" 0.00";"  -7.185";"preentrenado";" 7.351955e-03"
"   0";"  10";" 0.00";"  -7.185";"paí";" 7.351955e-03"
"   0";"  10";" 0.00";"  -7.185";"pastel";" 7.351955e-03"
"   0";"  10";" 0.00";"  -7.185";"pasaporte";" 7.351955e-03"
"   0";"  10";" 0.00";"  -7.185";"marginación";" 7.351955e-03"
"   0";"  10";" 0.00";"  -7.185";"maquinaria";" 7.351955e-03"
"   0";"  10";" 0.00";"  -7.185";"mago";" 7.351955e-03"
"   0";"  10";" 0.00";"  -7.185";"magnético";" 7.351955e-03"
"   0";"  10";" 0.00";"  -7.185";"inestabilidad";" 7.351955e-03"
"   0";"  10";" 0.00";"  -7.185";"ilegal";" 7.351955e-03"
"   0";"  10";" 0.00";"  -7.185";"haití";" 7.351955e-03"
"   0";"  10";" 0.00";"  -7.185";"especular";" 7.351955e-03"
"   0";"  10";" 0.00";"  -7.185";"epopeya";" 7.351955e-03"
"   0";"  10";" 0.00";"  -7.185";"epidemia";" 7.351955e-03"
"   0";"  10";" 0.00";"  -7.185";"enseguida";" 7.351955e-03"
"   0";"  10";" 0.00";"  -7.185";"disertaciones";" 7.351955e-03"
"   0";"  10";" 0.00";"  -7.185";"cuadrícula";" 7.351955e-03"
"   0";"  10";" 0.00";"  -7.185";"colmar";" 7.351955e-03"
"   0";"  10";" 0.00";"  -7.185";"cielo";" 7.351955e-03"
"   0";"  10";" 0.00";"  -7.185";"cg2";" 7.351955e-03"
"   0";"  10";" 0.00";"  -7.185";"celebración";" 7.351955e-03"
"   0";"  10";" 0.00";"  -7.185";"carpeta";" 7.351955e-03"
"   0";"  10";" 0.00";"  -7.185";"capcut";" 7.351955e-03"
"   0";"  10";" 0.00";"  -7.185";"brote";" 7.351955e-03"
"   0";"  10";" 0.00";"  -7.185";"bonito";" 7.351955e-03"
"   0";"  10";" 0.00";"  -7.185";"avisar";" 7.351955e-03"
"   0";"  10";" 0.00";"  -7.185";"amarillo";" 7.351955e-03"
"   3";"  22";"13.64";"  -7.178";"what";" 7.380499e-03"
"   3";"  22";"13.64";"  -7.178";"joan";" 7.380499e-03"
"   3";"  22";"13.64";"  -7.178";"retraso";" 7.380499e-03"
"   3";"  22";"13.64";"  -7.178";"opuesto";" 7.380499e-03"
"   3";"  22";"13.64";"  -7.178";"ilusión";" 7.380499e-03"
"   3";"  22";"13.64";"  -7.178";"sabiduría";" 7.380499e-03"
"   3";"  22";"13.64";"  -7.178";"misterio";" 7.380499e-03"
"   3";"  22";"13.64";"  -7.178";"mensual";" 7.380499e-03"
"   3";"  22";"13.64";"  -7.178";"fracción";" 7.380499e-03"
"   9";"  42";"21.43";"  -7.173";"independencia";" 7.402153e-03"
"  62";" 192";"32.29";"  -7.163";"interno";" 7.443126e-03"
"  21";"  78";"26.92";"  -7.109";"presión";" 7.669044e-03"
" 200";" 552";"36.23";"  -7.103";"instrucción";" 7.694597e-03"
"  10";"  45";"22.22";"  -7.098";"variante";" 7.715483e-03"
"  10";"  45";"22.22";"  -7.098";"educaixa";" 7.715483e-03"
"  20";"  75";"26.67";"  -7.073";"entretenimiento";" 7.825314e-03"
"  11";"  48";"22.92";"  -7.044";"turnitin";" 7.951314e-03"
"  12";"  51";"23.53";"  -7.007";"similitud";" 8.117984e-03"
"  27";"  95";"28.42";"  -7.005";"ausencia";" 8.128399e-03"
"   6";"  32";"18.75";"  -6.995";"sombra";" 8.173401e-03"
"   6";"  32";"18.75";"  -6.995";"incompleto";" 8.173401e-03"
"   6";"  32";"18.75";"  -6.995";"deriva";" 8.173401e-03"
"   6";"  32";"18.75";"  -6.995";"vuelta";" 8.173401e-03"
"  17";"  66";"25.76";"  -6.993";"view";" 8.181284e-03"
"  13";"  54";"24.07";"  -6.984";"apps";" 8.223645e-03"
"  16";"  63";"25.40";"  -6.979";"violencia";" 8.248658e-03"
"  14";"  57";"24.56";"  -6.973";"candidato";" 8.276002e-03"
"   2";"  18";"11.11";"  -6.973";"ec";" 8.276615e-03"
"   2";"  18";"11.11";"  -6.973";"kelly";" 8.276615e-03"
"   2";"  18";"11.11";"  -6.973";"dialogflow";" 8.276615e-03"
"   2";"  18";"11.11";"  -6.973";"ami";" 8.276615e-03"
"   2";"  18";"11.11";"  -6.973";"significantes";" 8.276615e-03"
"   2";"  18";"11.11";"  -6.973";"corrupción";" 8.276615e-03"
"   2";"  18";"11.11";"  -6.973";"studio";" 8.276615e-03"
"   2";"  18";"11.11";"  -6.973";"pi";" 8.276615e-03"
"   2";"  18";"11.11";"  -6.973";"vacación";" 8.276615e-03"
"   2";"  18";"11.11";"  -6.973";"patio";" 8.276615e-03"
"   2";"  18";"11.11";"  -6.973";"matar";" 8.276615e-03"
"   2";"  18";"11.11";"  -6.973";"censurar";" 8.276615e-03"
"   2";"  18";"11.11";"  -6.973";"bearlyai";" 8.276615e-03"
"   2";"  18";"11.11";"  -6.973";"vendar|vender";" 8.276615e-03"
"   2";"  18";"11.11";"  -6.973";"públicamente";" 8.276615e-03"
"   2";"  18";"11.11";"  -6.973";"castigo";" 8.276615e-03"
"  15";"  60";"25.00";"  -6.971";"cero";" 8.282177e-03"
"  15";"  60";"25.00";"  -6.971";"sanitario";" 8.282177e-03"
"  26";"  92";"28.26";"  -6.947";"otorgar";" 8.396884e-03"
"  26";"  92";"28.26";"  -6.947";"confirmar";" 8.396884e-03"
"   1";"  14";" 7.14";"  -6.916";"from";" 8.544572e-03"
"   1";"  14";" 7.14";"  -6.916";"publishing";" 8.544572e-03"
"   1";"  14";" 7.14";"  -6.916";"if";" 8.544572e-03"
"   1";"  14";" 7.14";"  -6.916";"processing";" 8.544572e-03"
"   1";"  14";" 7.14";"  -6.916";"boston";" 8.544572e-03"
"   1";"  14";" 7.14";"  -6.916";"organización internacional del trabajo";" 8.544572e-03"
"   1";"  14";" 7.14";"  -6.916";"fraser";" 8.544572e-03"
"   1";"  14";" 7.14";"  -6.916";"tablets";" 8.544572e-03"
"   1";"  14";" 7.14";"  -6.916";"temporada";" 8.544572e-03"
"   1";"  14";" 7.14";"  -6.916";"cinta";" 8.544572e-03"
"   1";"  14";" 7.14";"  -6.916";"sentencia";" 8.544572e-03"
"   1";"  14";" 7.14";"  -6.916";"pulsar";" 8.544572e-03"
"   1";"  14";" 7.14";"  -6.916";"juguete";" 8.544572e-03"
"   1";"  14";" 7.14";"  -6.916";"dieta";" 8.544572e-03"
"   1";"  14";" 7.14";"  -6.916";"cronbach";" 8.544572e-03"
"   1";"  14";" 7.14";"  -6.916";"asi";" 8.544572e-03"
"   1";"  14";" 7.14";"  -6.916";"tijera";" 8.544572e-03"
"   1";"  14";" 7.14";"  -6.916";"representatividad";" 8.544572e-03"
"   1";"  14";" 7.14";"  -6.916";"regulatoria";" 8.544572e-03"
"   1";"  14";" 7.14";"  -6.916";"portugués";" 8.544572e-03"
"   1";"  14";" 7.14";"  -6.916";"plagar";" 8.544572e-03"
"   1";"  14";" 7.14";"  -6.916";"oficio";" 8.544572e-03"
"   1";"  14";" 7.14";"  -6.916";"monumental";" 8.544572e-03"
"   1";"  14";" 7.14";"  -6.916";"jamás";" 8.544572e-03"
"   1";"  14";" 7.14";"  -6.916";"habilitadores";" 8.544572e-03"
"   1";"  14";" 7.14";"  -6.916";"dramático";" 8.544572e-03"
"   1";"  14";" 7.14";"  -6.916";"delito";" 8.544572e-03"
"   1";"  14";" 7.14";"  -6.916";"crimen";" 8.544572e-03"
"   1";"  14";" 7.14";"  -6.916";"contundente";" 8.544572e-03"
"   1";"  14";" 7.14";"  -6.916";"cartel";" 8.544572e-03"
"   1";"  14";" 7.14";"  -6.916";"beta";" 8.544572e-03"
"   1";"  14";" 7.14";"  -6.916";"almacén";" 8.544572e-03"
" 340";" 906";"37.53";"  -6.902";"tratar";" 8.610436e-03"
"   4";"  25";"16.00";"  -6.846";"chequear";" 8.885743e-03"
"   4";"  25";"16.00";"  -6.846";"pódcast";" 8.885743e-03"
"   4";"  25";"16.00";"  -6.846";"intel";" 8.885743e-03"
"   4";"  25";"16.00";"  -6.846";"adn";" 8.885743e-03"
"   4";"  25";"16.00";"  -6.846";"agrícola";" 8.885743e-03"
"   4";"  25";"16.00";"  -6.846";"terísticas";" 8.885743e-03"
"   4";"  25";"16.00";"  -6.846";"autoconciencia";" 8.885743e-03"
"   7";"  35";"20.00";"  -6.844";"lab";" 8.893729e-03"
"   7";"  35";"20.00";"  -6.844";"aprobación";" 8.893729e-03"
"   7";"  35";"20.00";"  -6.844";"ambicioso";" 8.893729e-03"
"  24";"  86";"27.91";"  -6.837";"arrojar";" 8.929097e-03"
"  23";"  83";"27.71";"  -6.786";"imaginación";" 9.189010e-03"
"  64";" 196";"32.65";"  -6.767";"modificar";" 9.283502e-03"
"  43";" 139";"30.94";"  -6.765";"torre";" 9.298239e-03"
" 266";" 718";"37.05";"  -6.749";"representar";" 9.379594e-03"
"   8";"  38";"21.05";"  -6.731";"táctica";" 9.475822e-03"
"   8";"  38";"21.05";"  -6.731";"metadatos";" 9.475822e-03"
"   8";"  38";"21.05";"  -6.731";"movilizar";" 9.475822e-03"
"   8";"  38";"21.05";"  -6.731";"gasto";" 9.475822e-03"
"  27";"  94";"28.72";"  -6.622";"fundar";" 1.007528e-02"
"  27";"  94";"28.72";"  -6.622";"diferenciar";" 1.007528e-02"
"   5";"  28";"17.86";"  -6.604";"régimen";" 1.017745e-02"
"   5";"  28";"17.86";"  -6.604";"descartar";" 1.017745e-02"
"   5";"  28";"17.86";"  -6.604";"defensor";" 1.017745e-02"
"   5";"  28";"17.86";"  -6.604";"amenazar";" 1.017745e-02"
"  11";"  47";"23.40";"  -6.546";"presuponer";" 1.051167e-02"
"  11";"  47";"23.40";"  -6.546";"sesgar";" 1.051167e-02"
"   3";"  21";"14.29";"  -6.539";"access";" 1.055139e-02"
"   3";"  21";"14.29";"  -6.539";"books";" 1.055139e-02"
"   3";"  21";"14.29";"  -6.539";"home";" 1.055139e-02"
"   3";"  21";"14.29";"  -6.539";"play";" 1.055139e-02"
"   3";"  21";"14.29";"  -6.539";"molecular";" 1.055139e-02"
"   3";"  21";"14.29";"  -6.539";"aws";" 1.055139e-02"
"   3";"  21";"14.29";"  -6.539";"oponer";" 1.055139e-02"
"  15";"  59";"25.42";"  -6.514";"especificidad";" 1.070394e-02"
"  15";"  59";"25.42";"  -6.514";"desplazar";" 1.070394e-02"
"   0";"   9";" 0.00";"  -6.466";"bias";" 1.099377e-02"
"   0";"   9";" 0.00";"  -6.466";"images";" 1.099377e-02"
"   0";"   9";" 0.00";"  -6.466";"networks";" 1.099377e-02"
"   0";"   9";" 0.00";"  -6.466";"reuters";" 1.099377e-02"
"   0";"   9";" 0.00";"  -6.466";"seq";" 1.099377e-02"
"   0";"   9";" 0.00";"  -6.466";"translation";" 1.099377e-02"
"   0";"   9";" 0.00";"  -6.466";"png";" 1.099377e-02"
"   0";"   9";" 0.00";"  -6.466";"ie";" 1.099377e-02"
"   0";"   9";" 0.00";"  -6.466";"altman";" 1.099377e-02"
"   0";"   9";" 0.00";"  -6.466";"st";" 1.099377e-02"
"   0";"   9";" 0.00";"  -6.466";"nist";" 1.099377e-02"
"   0";"   9";" 0.00";"  -6.466";"mexico";" 1.099377e-02"
"   0";"   9";" 0.00";"  -6.466";"sadosky";" 1.099377e-02"
"   0";"   9";" 0.00";"  -6.466";"acosta";" 1.099377e-02"
"   0";"   9";" 0.00";"  -6.466";"uganda";" 1.099377e-02"
"   0";"   9";" 0.00";"  -6.466";"rosenblatt";" 1.099377e-02"
"   0";"   9";" 0.00";"  -6.466";"prize";" 1.099377e-02"
"   0";"   9";" 0.00";"  -6.466";"picasso";" 1.099377e-02"
"   0";"   9";" 0.00";"  -6.466";"cuadrante";" 1.099377e-02"
"   0";"   9";" 0.00";"  -6.466";"2018b";" 1.099377e-02"
"   0";"   9";" 0.00";"  -6.466";"samuel";" 1.099377e-02"
"   0";"   9";" 0.00";"  -6.466";"rana";" 1.099377e-02"
"   0";"   9";" 0.00";"  -6.466";"pedró";" 1.099377e-02"
"   0";"   9";" 0.00";"  -6.466";"museum";" 1.099377e-02"
"   0";"   9";" 0.00";"  -6.466";"mp";" 1.099377e-02"
"   0";"   9";" 0.00";"  -6.466";"magdalena";" 1.099377e-02"
"   0";"   9";" 0.00";"  -6.466";"lope";" 1.099377e-02"
"   0";"   9";" 0.00";"  -6.466";"ferran";" 1.099377e-02"
"   0";"   9";" 0.00";"  -6.466";"douglas";" 1.099377e-02"
"   0";"   9";" 0.00";"  -6.466";"alexander";" 1.099377e-02"
"   0";"   9";" 0.00";"  -6.466";"tps";" 1.099377e-02"
"   0";"   9";" 0.00";"  -6.466";"tokens";" 1.099377e-02"
"   0";"   9";" 0.00";"  -6.466";"tencent";" 1.099377e-02"
"   0";"   9";" 0.00";"  -6.466";"subdirectora";" 1.099377e-02"
"   0";"   9";" 0.00";"  -6.466";"pf0000368303";" 1.099377e-02"
"   0";"   9";" 0.00";"  -6.466";"fsm";" 1.099377e-02"
"   0";"   9";" 0.00";"  -6.466";"boden";" 1.099377e-02"
"   0";"   9";" 0.00";"  -6.466";"berry";" 1.099377e-02"
"   0";"   9";" 0.00";"  -6.466";"baidu";" 1.099377e-02"
"   0";"   9";" 0.00";"  -6.466";"analytica";" 1.099377e-02"
"   0";"   9";" 0.00";"  -6.466";"zapateros";" 1.099377e-02"
"   0";"   9";" 0.00";"  -6.466";"yann";" 1.099377e-02"
"   0";"   9";" 0.00";"  -6.466";"sobreviviente";" 1.099377e-02"
"   0";"   9";" 0.00";"  -6.466";"granja";" 1.099377e-02"
"   0";"   9";" 0.00";"  -6.466";"gigabytes";" 1.099377e-02"
"   0";"   9";" 0.00";"  -6.466";"fliki";" 1.099377e-02"
"   0";"   9";" 0.00";"  -6.466";"discriminador";" 1.099377e-02"
"   0";"   9";" 0.00";"  -6.466";"dashboards";" 1.099377e-02"
"   0";"   9";" 0.00";"  -6.466";"dama";" 1.099377e-02"
"   0";"   9";" 0.00";"  -6.466";"connotación";" 1.099377e-02"
"   0";"   9";" 0.00";"  -6.466";"compilación";" 1.099377e-02"
"   0";"   9";" 0.00";"  -6.466";"árbitro";" 1.099377e-02"
"   0";"   9";" 0.00";"  -6.466";"xvii";" 1.099377e-02"
"   0";"   9";" 0.00";"  -6.466";"x2";" 1.099377e-02"
"   0";"   9";" 0.00";"  -6.466";"vaca";" 1.099377e-02"
"   0";"   9";" 0.00";"  -6.466";"ucrania";" 1.099377e-02"
"   0";"   9";" 0.00";"  -6.466";"transpor";" 1.099377e-02"
"   0";"   9";" 0.00";"  -6.466";"tranquilidad";" 1.099377e-02"
"   0";"   9";" 0.00";"  -6.466";"tesoro";" 1.099377e-02"
"   0";"   9";" 0.00";"  -6.466";"starnone";" 1.099377e-02"
"   0";"   9";" 0.00";"  -6.466";"platón";" 1.099377e-02"
"   0";"   9";" 0.00";"  -6.466";"palo";" 1.099377e-02"
"   0";"   9";" 0.00";"  -6.466";"nariz";" 1.099377e-02"
"   0";"   9";" 0.00";"  -6.466";"musk";" 1.099377e-02"
"   0";"   9";" 0.00";"  -6.466";"lac";" 1.099377e-02"
"   0";"   9";" 0.00";"  -6.466";"klint";" 1.099377e-02"
"   0";"   9";" 0.00";"  -6.466";"kant";" 1.099377e-02"
"   0";"   9";" 0.00";"  -6.466";"juntar";" 1.099377e-02"
"   0";"   9";" 0.00";"  -6.466";"incitación";" 1.099377e-02"
"   0";"   9";" 0.00";"  -6.466";"héroe";" 1.099377e-02"
"   0";"   9";" 0.00";"  -6.466";"hollywood";" 1.099377e-02"
"   0";"   9";" 0.00";"  -6.466";"harina";" 1.099377e-02"
"   0";"   9";" 0.00";"  -6.466";"fatiga";" 1.099377e-02"
"   0";"   9";" 0.00";"  -6.466";"enojar";" 1.099377e-02"
"   0";"   9";" 0.00";"  -6.466";"enmendar";" 1.099377e-02"
"   0";"   9";" 0.00";"  -6.466";"elevenlabs";" 1.099377e-02"
"   0";"   9";" 0.00";"  -6.466";"decodificador";" 1.099377e-02"
"   0";"   9";" 0.00";"  -6.466";"conexo";" 1.099377e-02"
"   0";"   9";" 0.00";"  -6.466";"comprador";" 1.099377e-02"
"   0";"   9";" 0.00";"  -6.466";"cg1";" 1.099377e-02"
"   0";"   9";" 0.00";"  -6.466";"berners";" 1.099377e-02"
"   0";"   9";" 0.00";"  -6.466";"aviación";" 1.099377e-02"
"   0";"   9";" 0.00";"  -6.466";"autómatas";" 1.099377e-02"
"   0";"   9";" 0.00";"  -6.466";"accionar";" 1.099377e-02"
"   0";"   9";" 0.00";"  -6.466";"últimamente";" 1.099377e-02"
"   0";"   9";" 0.00";"  -6.466";"éticom";" 1.099377e-02"
"   0";"   9";" 0.00";"  -6.466";"waze";" 1.099377e-02"
"   0";"   9";" 0.00";"  -6.466";"verosímiles";" 1.099377e-02"
"   0";"   9";" 0.00";"  -6.466";"típicamente";" 1.099377e-02"
"   0";"   9";" 0.00";"  -6.466";"trar";" 1.099377e-02"
"   0";"   9";" 0.00";"  -6.466";"telegrama";" 1.099377e-02"
"   0";"   9";" 0.00";"  -6.466";"taza";" 1.099377e-02"
"   0";"   9";" 0.00";"  -6.466";"tad";" 1.099377e-02"
"   0";"   9";" 0.00";"  -6.466";"sucesión";" 1.099377e-02"
"   0";"   9";" 0.00";"  -6.466";"resguardar";" 1.099377e-02"
"   0";"   9";" 0.00";"  -6.466";"ratón";" 1.099377e-02"
"   0";"   9";" 0.00";"  -6.466";"pregúnteles";" 1.099377e-02"
"   0";"   9";" 0.00";"  -6.466";"polí";" 1.099377e-02"
"   0";"   9";" 0.00";"  -6.466";"picar";" 1.099377e-02"
"   0";"   9";" 0.00";"  -6.466";"pelo";" 1.099377e-02"
"   0";"   9";" 0.00";"  -6.466";"paráfrasis";" 1.099377e-02"
"   0";"   9";" 0.00";"  -6.466";"onda";" 1.099377e-02"
"   0";"   9";" 0.00";"  -6.466";"noble";" 1.099377e-02"
"   0";"   9";" 0.00";"  -6.466";"nobel";" 1.099377e-02"
"   0";"   9";" 0.00";"  -6.466";"nevera";" 1.099377e-02"
"   0";"   9";" 0.00";"  -6.466";"naranja";" 1.099377e-02"
"   0";"   9";" 0.00";"  -6.466";"llave";" 1.099377e-02"
"   0";"   9";" 0.00";"  -6.466";"jeopardy";" 1.099377e-02"
"   0";"   9";" 0.00";"  -6.466";"ingesta";" 1.099377e-02"
"   0";"   9";" 0.00";"  -6.466";"hugging";" 1.099377e-02"
"   0";"   9";" 0.00";"  -6.466";"holocausto";" 1.099377e-02"
"   0";"   9";" 0.00";"  -6.466";"gisele";" 1.099377e-02"
"   0";"   9";" 0.00";"  -6.466";"geolocalización";" 1.099377e-02"
"   0";"   9";" 0.00";"  -6.466";"genio";" 1.099377e-02"
"   0";"   9";" 0.00";"  -6.466";"flecha";" 1.099377e-02"
"   0";"   9";" 0.00";"  -6.466";"exponente";" 1.099377e-02"
"   0";"   9";" 0.00";"  -6.466";"eterno";" 1.099377e-02"
"   0";"   9";" 0.00";"  -6.466";"esqueleto";" 1.099377e-02"
"   0";"   9";" 0.00";"  -6.466";"esposo";" 1.099377e-02"
"   0";"   9";" 0.00";"  -6.466";"enciclopedias";" 1.099377e-02"
"   0";"   9";" 0.00";"  -6.466";"domiciliaria";" 1.099377e-02"
"   0";"   9";" 0.00";"  -6.466";"defende";" 1.099377e-02"
"   0";"   9";" 0.00";"  -6.466";"condena";" 1.099377e-02"
"   0";"   9";" 0.00";"  -6.466";"cometa";" 1.099377e-02"
"   0";"   9";" 0.00";"  -6.466";"comencemos";" 1.099377e-02"
"   0";"   9";" 0.00";"  -6.466";"cena";" 1.099377e-02"
"   0";"   9";" 0.00";"  -6.466";"cabina";" 1.099377e-02"
"   0";"   9";" 0.00";"  -6.466";"bretaña";" 1.099377e-02"
"   0";"   9";" 0.00";"  -6.466";"bocetos";" 1.099377e-02"
"   0";"   9";" 0.00";"  -6.466";"billete";" 1.099377e-02"
"   0";"   9";" 0.00";"  -6.466";"barbarie";" 1.099377e-02"
"   0";"   9";" 0.00";"  -6.466";"bailar";" 1.099377e-02"
"   0";"   9";" 0.00";"  -6.466";"asustar";" 1.099377e-02"
"   0";"   9";" 0.00";"  -6.466";"apocalipsis";" 1.099377e-02"
"   0";"   9";" 0.00";"  -6.466";"apegar";" 1.099377e-02"
"  30";" 102";"29.41";"  -6.450";"research";" 1.109795e-02"
"  24";"  85";"28.24";"  -6.442";"vocabulario";" 1.114597e-02"
"   6";"  31";"19.35";"  -6.426";"descarga";" 1.124919e-02"
"   6";"  31";"19.35";"  -6.426";"streaming";" 1.124919e-02"
"   6";"  31";"19.35";"  -6.426";"cautela";" 1.124919e-02"
"  63";" 192";"32.81";"  -6.400";"derivar";" 1.141170e-02"
"  69";" 208";"33.17";"  -6.390";"disponibilidad";" 1.147669e-02"
"  23";"  82";"28.05";"  -6.386";"documental";" 1.150065e-02"
" 161";" 448";"35.94";"  -6.381";"encostar|encuestar";" 1.153590e-02"
"  53";" 165";"32.12";"  -6.376";"sentar|sentir";" 1.156925e-02"
"  42";" 135";"31.11";"  -6.359";"cuerpo";" 1.168027e-02"
"   2";"  17";"11.76";"  -6.308";"inteligência";" 1.202139e-02"
"   2";"  17";"11.76";"  -6.308";"casto";" 1.202139e-02"
"   2";"  17";"11.76";"  -6.308";"alfredo";" 1.202139e-02"
"   2";"  17";"11.76";"  -6.308";"gebru";" 1.202139e-02"
"   2";"  17";"11.76";"  -6.308";"sec";" 1.202139e-02"
"   2";"  17";"11.76";"  -6.308";"divertir";" 1.202139e-02"
"   2";"  17";"11.76";"  -6.308";"adolescencia";" 1.202139e-02"
"   2";"  17";"11.76";"  -6.308";"organización no gubernamental";" 1.202139e-02"
"   2";"  17";"11.76";"  -6.308";"latex";" 1.202139e-02"
"   2";"  17";"11.76";"  -6.308";"judicial";" 1.202139e-02"
"   2";"  17";"11.76";"  -6.308";"consejero";" 1.202139e-02"
"   2";"  17";"11.76";"  -6.308";"agresivo";" 1.202139e-02"
"   2";"  17";"11.76";"  -6.308";"agendas";" 1.202139e-02"
"   2";"  17";"11.76";"  -6.308";"remitir";" 1.202139e-02"
"   7";"  34";"20.59";"  -6.295";"higher";" 1.211094e-02"
"   7";"  34";"20.59";"  -6.295";"atribución";" 1.211094e-02"
"   7";"  34";"20.59";"  -6.295";"cuesta";" 1.211094e-02"
"   7";"  34";"20.59";"  -6.295";"explosión";" 1.211094e-02"
"   7";"  34";"20.59";"  -6.295";"individualmente";" 1.211094e-02"
"   4";"  24";"16.67";"  -6.237";"it";" 1.251383e-02"
"   4";"  24";"16.67";"  -6.237";"tensorflow";" 1.251383e-02"
"   4";"  24";"16.67";"  -6.237";"bello";" 1.251383e-02"
"   4";"  24";"16.67";"  -6.237";"sal";" 1.251383e-02"
"   4";"  24";"16.67";"  -6.237";"conformidad";" 1.251383e-02"
"   4";"  24";"16.67";"  -6.237";"asegúrese";" 1.251383e-02"
"   4";"  24";"16.67";"  -6.237";"tamente";" 1.251383e-02"
"   1";"  13";" 7.69";"  -6.220";"theory";" 1.263436e-02"
"   1";"  13";" 7.69";"  -6.220";"strategy";" 1.263436e-02"
"   1";"  13";" 7.69";"  -6.220";"generation";" 1.263436e-02"
"   1";"  13";" 7.69";"  -6.220";"library";" 1.263436e-02"
"   1";"  13";" 7.69";"  -6.220";"top";" 1.263436e-02"
"   1";"  13";" 7.69";"  -6.220";"pág";" 1.263436e-02"
"   1";"  13";" 7.69";"  -6.220";"monitor";" 1.263436e-02"
"   1";"  13";" 7.69";"  -6.220";"poblar";" 1.263436e-02"
"   1";"  13";" 7.69";"  -6.220";"ods4";" 1.263436e-02"
"   1";"  13";" 7.69";"  -6.220";"ucl";" 1.263436e-02"
"   1";"  13";" 7.69";"  -6.220";"pregúntame";" 1.263436e-02"
"   1";"  13";" 7.69";"  -6.220";"league";" 1.263436e-02"
"   1";"  13";" 7.69";"  -6.220";"lucas";" 1.263436e-02"
"   1";"  13";" 7.69";"  -6.220";"pucp";" 1.263436e-02"
"   1";"  13";" 7.69";"  -6.220";"negnevitsky";" 1.263436e-02"
"   1";"  13";" 7.69";"  -6.220";"hospital";" 1.263436e-02"
"   1";"  13";" 7.69";"  -6.220";"oxman";" 1.263436e-02"
"   1";"  13";" 7.69";"  -6.220";"nave";" 1.263436e-02"
"   1";"  13";" 7.69";"  -6.220";"lewin";" 1.263436e-02"
"   1";"  13";" 7.69";"  -6.220";"cor";" 1.263436e-02"
"   1";"  13";" 7.69";"  -6.220";"vistazo";" 1.263436e-02"
"   1";"  13";" 7.69";"  -6.220";"vii";" 1.263436e-02"
"   1";"  13";" 7.69";"  -6.220";"poesía";" 1.263436e-02"
"   1";"  13";" 7.69";"  -6.220";"p9";" 1.263436e-02"
"   1";"  13";" 7.69";"  -6.220";"malasia";" 1.263436e-02"
"   1";"  13";" 7.69";"  -6.220";"salvaje";" 1.263436e-02"
"   1";"  13";" 7.69";"  -6.220";"regenerar";" 1.263436e-02"
"   1";"  13";" 7.69";"  -6.220";"puntajes";" 1.263436e-02"
"   1";"  13";" 7.69";"  -6.220";"pequen";" 1.263436e-02"
"   1";"  13";" 7.69";"  -6.220";"pata";" 1.263436e-02"
"   1";"  13";" 7.69";"  -6.220";"ligero";" 1.263436e-02"
"   1";"  13";" 7.69";"  -6.220";"indus";" 1.263436e-02"
"   1";"  13";" 7.69";"  -6.220";"i00";" 1.263436e-02"
"   1";"  13";" 7.69";"  -6.220";"azure";" 1.263436e-02"
"   1";"  13";" 7.69";"  -6.220";"6aspectos";" 1.263436e-02"
"   1";"  13";" 7.69";"  -6.220";"sagrado";" 1.263436e-02"
"   1";"  13";" 7.69";"  -6.220";"proximidad";" 1.263436e-02"
"   1";"  13";" 7.69";"  -6.220";"inclinar";" 1.263436e-02"
"   1";"  13";" 7.69";"  -6.220";"inapropiadas";" 1.263436e-02"
"   1";"  13";" 7.69";"  -6.220";"económicamente";" 1.263436e-02"
"   1";"  13";" 7.69";"  -6.220";"desafi";" 1.263436e-02"
"   1";"  13";" 7.69";"  -6.220";"deducción";" 1.263436e-02"
"   1";"  13";" 7.69";"  -6.220";"conflictivo";" 1.263436e-02"
"   1";"  13";" 7.69";"  -6.220";"bolsa";" 1.263436e-02"
"   1";"  13";" 7.69";"  -6.220";"aterrizar";" 1.263436e-02"
"   1";"  13";" 7.69";"  -6.220";"aristas";" 1.263436e-02"
"   8";"  37";"21.62";"  -6.199";"is";" 1.278064e-02"
"   8";"  37";"21.62";"  -6.199";"acoso";" 1.278064e-02"
"   8";"  37";"21.62";"  -6.199";"enumerar";" 1.278064e-02"
"1421";"3570";"39.80";"  -6.182";"generar";" 1.290540e-02"
"  18";"  67";"26.87";"  -6.153";"relativamente";" 1.311985e-02"
"   9";"  40";"22.50";"  -6.132";"versus";" 1.327936e-02"
"  35";" 115";"30.43";"  -6.122";"cara";" 1.335240e-02"
"  17";"  64";"26.56";"  -6.118";"sofisticación";" 1.338066e-02"
"  25";"  87";"28.74";"  -6.116";"típico";" 1.339324e-02"
"  50";" 156";"32.05";"  -6.115";"esquema";" 1.340726e-02"
"  30";" 101";"29.70";"  -6.090";"erróneo";" 1.359736e-02"
"  16";"  61";"26.23";"  -6.089";"visible";" 1.360577e-02"
"  16";"  61";"26.23";"  -6.089";"nas";" 1.360577e-02"
"  16";"  61";"26.23";"  -6.089";"rasgo";" 1.360577e-02"
"  10";"  43";"23.26";"  -6.086";"movilidad";" 1.362858e-02"
"  10";"  43";"23.26";"  -6.086";"localizar";" 1.362858e-02"
"  11";"  46";"23.91";"  -6.057";"synthesia";" 1.384878e-02"
"  24";"  84";"28.57";"  -6.055";"technology";" 1.387037e-02"
"  14";"  55";"25.45";"  -6.049";"vacío";" 1.391376e-02"
"  12";"  49";"24.49";"  -6.043";"salto";" 1.395878e-02"
"  12";"  49";"24.49";"  -6.043";"margen";" 1.395878e-02"
"  12";"  49";"24.49";"  -6.043";"tados";" 1.395878e-02"
"  13";"  52";"25.00";"  -6.041";"cataluña";" 1.397546e-02"
"  13";"  52";"25.00";"  -6.041";"dependiente";" 1.397546e-02"
"   5";"  27";"18.52";"  -6.021";"society";" 1.413825e-02"
"   5";"  27";"18.52";"  -6.021";"docs";" 1.413825e-02"
"   5";"  27";"18.52";"  -6.021";"ses";" 1.413825e-02"
"   5";"  27";"18.52";"  -6.021";"aritmético";" 1.413825e-02"
"   5";"  27";"18.52";"  -6.021";"sutil";" 1.413825e-02"
"   3";"  20";"15.00";"  -5.909";"facer";" 1.506562e-02"
"   3";"  20";"15.00";"  -5.909";"tamiento";" 1.506562e-02"
"   3";"  20";"15.00";"  -5.909";"giro";" 1.506562e-02"
"   3";"  20";"15.00";"  -5.909";"gastar";" 1.506562e-02"
"   3";"  20";"15.00";"  -5.909";"diccionario";" 1.506562e-02"
"   3";"  20";"15.00";"  -5.909";"velar";" 1.506562e-02"
"   3";"  20";"15.00";"  -5.909";"inverso";" 1.506562e-02"
"   3";"  20";"15.00";"  -5.909";"episodio";" 1.506562e-02"
"   3";"  20";"15.00";"  -5.909";"desequilibrio";" 1.506562e-02"
"  27";"  92";"29.35";"  -5.877";"olvidar";" 1.534317e-02"
"   6";"  30";"20.00";"  -5.866";"harvard";" 1.543675e-02"
"   6";"  30";"20.00";"  -5.866";"david";" 1.543675e-02"
"   6";"  30";"20.00";"  -5.866";"juana";" 1.543675e-02"
"   6";"  30";"20.00";"  -5.866";"competición";" 1.543675e-02"
"   6";"  30";"20.00";"  -5.866";"geografía";" 1.543675e-02"
"   6";"  30";"20.00";"  -5.866";"entrelazada";" 1.543675e-02"
"  20";"  72";"27.78";"  -5.830";"extremo";" 1.575727e-02"
"  20";"  72";"27.78";"  -5.830";"pleno";" 1.575727e-02"
"  85";" 248";"34.27";"  -5.802";"controlar";" 1.600432e-02"
"  19";"  69";"27.54";"  -5.781";"pieza";" 1.620338e-02"
"   7";"  33";"21.21";"  -5.755";"framework";" 1.643857e-02"
"   7";"  33";"21.21";"  -5.755";"scopus";" 1.643857e-02"
"   7";"  33";"21.21";"  -5.755";"ria";" 1.643857e-02"
"   7";"  33";"21.21";"  -5.755";"conversión";" 1.643857e-02"
" 120";" 339";"35.40";"  -5.748";"tus";" 1.650807e-02"
"   0";"   8";" 0.00";"  -5.748";"antonio";" 1.650964e-02"
"   0";"   8";" 0.00";"  -5.748";"policies";" 1.650964e-02"
"   0";"   8";" 0.00";"  -5.748";"standards";" 1.650964e-02"
"   0";"   8";" 0.00";"  -5.748";"risk";" 1.650964e-02"
"   0";"   8";" 0.00";"  -5.748";"now";" 1.650964e-02"
"   0";"   8";" 0.00";"  -5.748";"eur";" 1.650964e-02"
"   0";"   8";" 0.00";"  -5.748";"oliveira";" 1.650964e-02"
"   0";"   8";" 0.00";"  -5.748";"wayne";" 1.650964e-02"
"   0";"   8";" 0.00";"  -5.748";"pretérito";" 1.650964e-02"
"   0";"   8";" 0.00";"  -5.748";"list";" 1.650964e-02"
"   0";"   8";" 0.00";"  -5.748";"mc";" 1.650964e-02"
"   0";"   8";" 0.00";"  -5.748";"hal";" 1.650964e-02"
"   0";"   8";" 0.00";"  -5.748";"draw";" 1.650964e-02"
"   0";"   8";" 0.00";"  -5.748";"detail";" 1.650964e-02"
"   0";"   8";" 0.00";"  -5.748";"smartphones";" 1.650964e-02"
"   0";"   8";" 0.00";"  -5.748";"susskind";" 1.650964e-02"
"   0";"   8";" 0.00";"  -5.748";"panorámica";" 1.650964e-02"
"   0";"   8";" 0.00";"  -5.748";"panda";" 1.650964e-02"
"   0";"   8";" 0.00";"  -5.748";"metropolitano";" 1.650964e-02"
"   0";"   8";" 0.00";"  -5.748";"germán";" 1.650964e-02"
"   0";"   8";" 0.00";"  -5.748";"food";" 1.650964e-02"
"   0";"   8";" 0.00";"  -5.748";"diputado";" 1.650964e-02"
"   0";"   8";" 0.00";"  -5.748";"cre";" 1.650964e-02"
"   0";"   8";" 0.00";"  -5.748";"catedrático";" 1.650964e-02"
"   0";"   8";" 0.00";"  -5.748";"botella";" 1.650964e-02"
"   0";"   8";" 0.00";"  -5.748";"arthur";" 1.650964e-02"
"   0";"   8";" 0.00";"  -5.748";"notion";" 1.650964e-02"
"   0";"   8";" 0.00";"  -5.748";"junior";" 1.650964e-02"
"   0";"   8";" 0.00";"  -5.748";"estupidez";" 1.650964e-02"
"   0";"   8";" 0.00";"  -5.748";"yi";" 1.650964e-02"
"   0";"   8";" 0.00";"  -5.748";"von";" 1.650964e-02"
"   0";"   8";" 0.00";"  -5.748";"thy";" 1.650964e-02"
"   0";"   8";" 0.00";"  -5.748";"star";" 1.650964e-02"
"   0";"   8";" 0.00";"  -5.748";"oso";" 1.650964e-02"
"   0";"   8";" 0.00";"  -5.748";"magritte";" 1.650964e-02"
"   0";"   8";" 0.00";"  -5.748";"likes";" 1.650964e-02"
"   0";"   8";" 0.00";"  -5.748";"hannah";" 1.650964e-02"
"   0";"   8";" 0.00";"  -5.748";"graham";" 1.650964e-02"
"   0";"   8";" 0.00";"  -5.748";"continental";" 1.650964e-02"
"   0";"   8";" 0.00";"  -5.748";"ascensor";" 1.650964e-02"
"   0";"   8";" 0.00";"  -5.748";"adrià";" 1.650964e-02"
"   0";"   8";" 0.00";"  -5.748";"óleo";" 1.650964e-02"
"   0";"   8";" 0.00";"  -5.748";"vocal";" 1.650964e-02"
"   0";"   8";" 0.00";"  -5.748";"tomate";" 1.650964e-02"
"   0";"   8";" 0.00";"  -5.748";"rnn";" 1.650964e-02"
"   0";"   8";" 0.00";"  -5.748";"panamá";" 1.650964e-02"
"   0";"   8";" 0.00";"  -5.748";"mccar";" 1.650964e-02"
"   0";"   8";" 0.00";"  -5.748";"goo";" 1.650964e-02"
"   0";"   8";" 0.00";"  -5.748";"criar";" 1.650964e-02"
"   0";"   8";" 0.00";"  -5.748";"conahcyt";" 1.650964e-02"
"   0";"   8";" 0.00";"  -5.748";"atletismo";" 1.650964e-02"
"   0";"   8";" 0.00";"  -5.748";"tuyas";" 1.650964e-02"
"   0";"   8";" 0.00";"  -5.748";"tontería";" 1.650964e-02"
"   0";"   8";" 0.00";"  -5.748";"semáforo";" 1.650964e-02"
"   0";"   8";" 0.00";"  -5.748";"saudito";" 1.650964e-02"
"   0";"   8";" 0.00";"  -5.748";"satelitales";" 1.650964e-02"
"   0";"   8";" 0.00";"  -5.748";"samsung";" 1.650964e-02"
"   0";"   8";" 0.00";"  -5.748";"rga";" 1.650964e-02"
"   0";"   8";" 0.00";"  -5.748";"pregunt";" 1.650964e-02"
"   0";"   8";" 0.00";"  -5.748";"novio";" 1.650964e-02"
"   0";"   8";" 0.00";"  -5.748";"neu";" 1.650964e-02"
"   0";"   8";" 0.00";"  -5.748";"mobileye";" 1.650964e-02"
"   0";"   8";" 0.00";"  -5.748";"kindle";" 1.650964e-02"
"   0";"   8";" 0.00";"  -5.748";"k12";" 1.650964e-02"
"   0";"   8";" 0.00";"  -5.748";"investigaciód";" 1.650964e-02"
"   0";"   8";" 0.00";"  -5.748";"intersectoriales";" 1.650964e-02"
"   0";"   8";" 0.00";"  -5.748";"herfteducator";" 1.650964e-02"
"   0";"   8";" 0.00";"  -5.748";"geológico";" 1.650964e-02"
"   0";"   8";" 0.00";"  -5.748";"generalista";" 1.650964e-02"
"   0";"   8";" 0.00";"  -5.748";"fibra";" 1.650964e-02"
"   0";"   8";" 0.00";"  -5.748";"erasmus";" 1.650964e-02"
"   0";"   8";" 0.00";"  -5.748";"elon";" 1.650964e-02"
"   0";"   8";" 0.00";"  -5.748";"décima|décimo";" 1.650964e-02"
"   0";"   8";" 0.00";"  -5.748";"desnudo";" 1.650964e-02"
"   0";"   8";" 0.00";"  -5.748";"desajuste";" 1.650964e-02"
"   0";"   8";" 0.00";"  -5.748";"cubista";" 1.650964e-02"
"   0";"   8";" 0.00";"  -5.748";"csv";" 1.650964e-02"
"   0";"   8";" 0.00";"  -5.748";"colectivismo";" 1.650964e-02"
"   0";"   8";" 0.00";"  -5.748";"cinematic";" 1.650964e-02"
"   0";"   8";" 0.00";"  -5.748";"capuleto";" 1.650964e-02"
"   0";"   8";" 0.00";"  -5.748";"bra";" 1.650964e-02"
"   0";"   8";" 0.00";"  -5.748";"afección";" 1.650964e-02"
"   0";"   8";" 0.00";"  -5.748";"acuñado";" 1.650964e-02"
"  18";"  66";"27.27";"  -5.735";"acreditación";" 1.662823e-02"
"  18";"  66";"27.27";"  -5.735";"atributo";" 1.662823e-02"
"  34";" 111";"30.63";"  -5.707";"rodear";" 1.689949e-02"
"  38";" 122";"31.15";"  -5.706";"informático";" 1.690364e-02"
"  17";"  63";"26.98";"  -5.694";"semestre";" 1.702443e-02"
"  17";"  63";"26.98";"  -5.694";"alterar";" 1.702443e-02"
" 195";" 531";"36.72";"  -5.680";"comportamiento";" 1.715955e-02"
"   8";"  36";"22.22";"  -5.678";"opinar";" 1.717906e-02"
"   8";"  36";"22.22";"  -5.678";"repositorios";" 1.717906e-02"
"   8";"  36";"22.22";"  -5.678";"delante";" 1.717906e-02"
"   2";"  16";"12.50";"  -5.650";"search";" 1.745998e-02"
"   2";"  16";"12.50";"  -5.650";"vega";" 1.745998e-02"
"   2";"  16";"12.50";"  -5.650";"prisma";" 1.745998e-02"
"   2";"  16";"12.50";"  -5.650";"floridi";" 1.745998e-02"
"   2";"  16";"12.50";"  -5.650";"nvidia";" 1.745998e-02"
"   2";"  16";"12.50";"  -5.650";"intérprete";" 1.745998e-02"
"   2";"  16";"12.50";"  -5.650";"campeonato";" 1.745998e-02"
"   2";"  16";"12.50";"  -5.650";"vino";" 1.745998e-02"
"   2";"  16";"12.50";"  -5.650";"especulativo";" 1.745998e-02"
"   2";"  16";"12.50";"  -5.650";"ausente";" 1.745998e-02"
"   2";"  16";"12.50";"  -5.650";"asociarse";" 1.745998e-02"
"   2";"  16";"12.50";"  -5.650";"íntimo";" 1.745998e-02"
"   2";"  16";"12.50";"  -5.650";"visar";" 1.745998e-02"
"   2";"  16";"12.50";"  -5.650";"ubicaciones";" 1.745998e-02"
"   2";"  16";"12.50";"  -5.650";"rescatar";" 1.745998e-02"
"   2";"  16";"12.50";"  -5.650";"planetario";" 1.745998e-02"
"   2";"  16";"12.50";"  -5.650";"javascript";" 1.745998e-02"
"   2";"  16";"12.50";"  -5.650";"electoral";" 1.745998e-02"
"   2";"  16";"12.50";"  -5.650";"discreto";" 1.745998e-02"
"   2";"  16";"12.50";"  -5.650";"destrucción";" 1.745998e-02"
"   2";"  16";"12.50";"  -5.650";"compartirlos";" 1.745998e-02"
"   2";"  16";"12.50";"  -5.650";"combustible";" 1.745998e-02"
"   2";"  16";"12.50";"  -5.650";"aproximado";" 1.745998e-02"
"   4";"  23";"17.39";"  -5.637";"leyenda";" 1.758475e-02"
"   4";"  23";"17.39";"  -5.637";"revisoras";" 1.758475e-02"
"   4";"  23";"17.39";"  -5.637";"tratarse";" 1.758475e-02"
"   4";"  23";"17.39";"  -5.637";"suscripción";" 1.758475e-02"
"   4";"  23";"17.39";"  -5.637";"correc";" 1.758475e-02"
"  15";"  57";"26.32";"  -5.626";"posiblemente";" 1.769418e-02"
"   9";"  39";"23.08";"  -5.626";"interactuando";" 1.769407e-02"
"  14";"  54";"25.93";"  -5.602";"github";" 1.794503e-02"
"  14";"  54";"25.93";"  -5.602";"intercambiar";" 1.794503e-02"
"  10";"  42";"23.81";"  -5.594";"semiconductor";" 1.801726e-02"
"  10";"  42";"23.81";"  -5.594";"finlandia";" 1.801726e-02"
"  10";"  42";"23.81";"  -5.594";"ola";" 1.801726e-02"
"  11";"  45";"24.44";"  -5.579";"2023a";" 1.817896e-02"
"  11";"  45";"24.44";"  -5.579";"trastorno";" 1.817896e-02"
"  12";"  48";"25.00";"  -5.576";"amplificar";" 1.820591e-02"
"  40";" 127";"31.50";"  -5.558";"correspondiente";" 1.839147e-02"
"  22";"  77";"28.57";"  -5.549";"capturar";" 1.848605e-02"
"   1";"  12";" 8.33";"  -5.527";"age";" 1.872133e-02"
"   1";"  12";" 8.33";"  -5.527";"dra";" 1.872133e-02"
"   1";"  12";" 8.33";"  -5.527";"europe";" 1.872133e-02"
"   1";"  12";" 8.33";"  -5.527";"uba";" 1.872133e-02"
"   1";"  12";" 8.33";"  -5.527";"wide";" 1.872133e-02"
"   1";"  12";" 8.33";"  -5.527";"page";" 1.872133e-02"
"   1";"  12";" 8.33";"  -5.527";"ts";" 1.872133e-02"
"   1";"  12";" 8.33";"  -5.527";"consulting";" 1.872133e-02"
"   1";"  12";" 8.33";"  -5.527";"artigas";" 1.872133e-02"
"   1";"  12";" 8.33";"  -5.527";"rae";" 1.872133e-02"
"   1";"  12";" 8.33";"  -5.527";"helsinki";" 1.872133e-02"
"   1";"  12";" 8.33";"  -5.527";"ratio";" 1.872133e-02"
"   1";"  12";" 8.33";"  -5.527";"kevin";" 1.872133e-02"
"   1";"  12";" 8.33";"  -5.527";"fca";" 1.872133e-02"
"   1";"  12";" 8.33";"  -5.527";"android";" 1.872133e-02"
"   1";"  12";" 8.33";"  -5.527";"runwayml";" 1.872133e-02"
"   1";"  12";" 8.33";"  -5.527";"ensamblajes";" 1.872133e-02"
"   1";"  12";" 8.33";"  -5.527";"sor";" 1.872133e-02"
"   1";"  12";" 8.33";"  -5.527";"identificable";" 1.872133e-02"
"   1";"  12";" 8.33";"  -5.527";"hambre";" 1.872133e-02"
"   1";"  12";" 8.33";"  -5.527";"fotosíntesis";" 1.872133e-02"
"   1";"  12";" 8.33";"  -5.527";"estrato";" 1.872133e-02"
"   1";"  12";" 8.33";"  -5.527";"edtechs";" 1.872133e-02"
"   1";"  12";" 8.33";"  -5.527";"crónico";" 1.872133e-02"
"   1";"  12";" 8.33";"  -5.527";"conmigo";" 1.872133e-02"
"   1";"  12";" 8.33";"  -5.527";"averiguar";" 1.872133e-02"
"   1";"  12";" 8.33";"  -5.527";"antigüedad";" 1.872133e-02"
"   1";"  12";" 8.33";"  -5.527";"unilateral";" 1.872133e-02"
"   1";"  12";" 8.33";"  -5.527";"terminal";" 1.872133e-02"
"   1";"  12";" 8.33";"  -5.527";"suspender";" 1.872133e-02"
"   1";"  12";" 8.33";"  -5.527";"superponer";" 1.872133e-02"
"   1";"  12";" 8.33";"  -5.527";"solar|soler";" 1.872133e-02"
"   1";"  12";" 8.33";"  -5.527";"sinónimos";" 1.872133e-02"
"   1";"  12";" 8.33";"  -5.527";"reparar";" 1.872133e-02"
"   1";"  12";" 8.33";"  -5.527";"relatar";" 1.872133e-02"
"   1";"  12";" 8.33";"  -5.527";"porción";" 1.872133e-02"
"   1";"  12";" 8.33";"  -5.527";"pid2019";" 1.872133e-02"
"   1";"  12";" 8.33";"  -5.527";"mrcdd";" 1.872133e-02"
"   1";"  12";" 8.33";"  -5.527";"ministerial";" 1.872133e-02"
"   1";"  12";" 8.33";"  -5.527";"insatisfacción";" 1.872133e-02"
"   1";"  12";" 8.33";"  -5.527";"ingenio";" 1.872133e-02"
"   1";"  12";" 8.33";"  -5.527";"heredar";" 1.872133e-02"
"   1";"  12";" 8.33";"  -5.527";"firefly";" 1.872133e-02"
"   1";"  12";" 8.33";"  -5.527";"euler";" 1.872133e-02"
"   1";"  12";" 8.33";"  -5.527";"estatuto";" 1.872133e-02"
"   1";"  12";" 8.33";"  -5.527";"escanear";" 1.872133e-02"
"   1";"  12";" 8.33";"  -5.527";"enfrentamiento";" 1.872133e-02"
"   1";"  12";" 8.33";"  -5.527";"creci";" 1.872133e-02"
"   1";"  12";" 8.33";"  -5.527";"ayudes";" 1.872133e-02"
"   1";"  12";" 8.33";"  -5.527";"arrancar";" 1.872133e-02"
"   1";"  12";" 8.33";"  -5.527";"apasionar";" 1.872133e-02"
"   1";"  12";" 8.33";"  -5.527";"analogías";" 1.872133e-02"
"   1";"  12";" 8.33";"  -5.527";"104285gb";" 1.872133e-02"
"  56";" 170";"32.94";"  -5.504";"marketing";" 1.897226e-02"
"  21";"  74";"28.38";"  -5.490";"open";" 1.912796e-02"
"  39";" 124";"31.45";"  -5.474";"textual";" 1.930313e-02"
"   5";"  26";"19.23";"  -5.449";"intimidación";" 1.958509e-02"
"   5";"  26";"19.23";"  -5.449";"agradecimiento";" 1.958509e-02"
"   5";"  26";"19.23";"  -5.449";"adjunto";" 1.958509e-02"
"   5";"  26";"19.23";"  -5.449";"temer";" 1.958509e-02"
"   5";"  26";"19.23";"  -5.449";"rendir";" 1.958509e-02"
"   5";"  26";"19.23";"  -5.449";"reafirmar";" 1.958509e-02"
"   5";"  26";"19.23";"  -5.449";"figurar";" 1.958509e-02"
"  26";"  88";"29.55";"  -5.444";"prevenir";" 1.963674e-02"
"  20";"  71";"28.17";"  -5.433";"hacerse";" 1.976500e-02"
"  67";" 199";"33.67";"  -5.431";"lengua";" 1.977679e-02"
"  42";" 132";"31.82";"  -5.422";"entregar";" 1.988101e-02"
"  55";" 167";"32.93";"  -5.415";"aparición";" 1.996085e-02"
"  25";"  85";"29.41";"  -5.373";"cerrar";" 2.044614e-02"
" 155";" 427";"36.30";"  -5.353";"equidad";" 2.069225e-02"
"   6";"  29";"20.69";"  -5.317";"fe";" 2.111444e-02"
"   6";"  29";"20.69";"  -5.317";"echar";" 2.111444e-02"
"   6";"  29";"20.69";"  -5.317";"síntoma";" 2.111444e-02"
"   6";"  29";"20.69";"  -5.317";"hd";" 2.111444e-02"
"   6";"  29";"20.69";"  -5.317";"ganancia";" 2.111444e-02"
"   6";"  29";"20.69";"  -5.317";"fráncfort";" 2.111444e-02"
"   6";"  29";"20.69";"  -5.317";"chileno";" 2.111444e-02"
"   6";"  29";"20.69";"  -5.317";"biotecnología";" 2.111444e-02"
"   6";"  29";"20.69";"  -5.317";"lente";" 2.111444e-02"
"   6";"  29";"20.69";"  -5.317";"sexto";" 2.111444e-02"
"   3";"  19";"15.79";"  -5.287";"technologies";" 2.147909e-02"
"   3";"  19";"15.79";"  -5.287";"high";" 2.147909e-02"
"   3";"  19";"15.79";"  -5.287";"laura";" 2.147909e-02"
"   3";"  19";"15.79";"  -5.287";"sc";" 2.147909e-02"
"   3";"  19";"15.79";"  -5.287";"colombiano";" 2.147909e-02"
"   3";"  19";"15.79";"  -5.287";"imprenta";" 2.147909e-02"
"   3";"  19";"15.79";"  -5.287";"lidiar";" 2.147909e-02"
"   3";"  19";"15.79";"  -5.287";"libremente";" 2.147909e-02"
"   3";"  19";"15.79";"  -5.287";"coger";" 2.147909e-02"
"  17";"  62";"27.42";"  -5.279";"intermedio";" 2.158220e-02"
"  17";"  62";"27.42";"  -5.279";"arroyo";" 2.158220e-02"
"  23";"  79";"29.11";"  -5.237";"infantil";" 2.211679e-02"
"  56";" 169";"33.14";"  -5.234";"http";" 2.215401e-02"
"   7";"  32";"21.88";"  -5.227";"mito";" 2.223409e-02"
"   7";"  32";"21.88";"  -5.227";"fusión";" 2.223409e-02"
"  15";"  56";"26.79";"  -5.197";"localización";" 2.262437e-02"
"  15";"  56";"26.79";"  -5.197";"atribuir";" 2.262437e-02"
"   8";"  35";"22.86";"  -5.168";"reservar";" 2.300593e-02"
"  14";"  53";"26.42";"  -5.164";"convencer";" 2.305684e-02"
"  13";"  50";"26.00";"  -5.138";"vygotsky";" 2.340722e-02"
"  13";"  50";"26.00";"  -5.138";"sensibilidad";" 2.340722e-02"
"   9";"  38";"23.68";"  -5.132";"mediano";" 2.348701e-02"
"  12";"  47";"25.53";"  -5.120";"intuición";" 2.365391e-02"
"  85";" 245";"34.69";"  -5.111";"suficiente";" 2.377476e-02"
"  11";"  44";"25.00";"  -5.111";"monterrey";" 2.377101e-02"
"  51";" 155";"32.90";"  -5.060";"posteriormente";" 2.447797e-02"
"  97";" 276";"35.14";"  -5.053";"interpretar";" 2.458784e-02"
"   4";"  22";"18.18";"  -5.048";"timar";" 2.464898e-02"
"   4";"  22";"18.18";"  -5.048";"esteban";" 2.464898e-02"
"   4";"  22";"18.18";"  -5.048";"espejo";" 2.464898e-02"
"   4";"  22";"18.18";"  -5.048";"ideología";" 2.464898e-02"
"   4";"  22";"18.18";"  -5.048";"anomalía";" 2.464898e-02"
"   4";"  22";"18.18";"  -5.048";"reportaje";" 2.464898e-02"
"   4";"  22";"18.18";"  -5.048";"limpio";" 2.464898e-02"
"   4";"  22";"18.18";"  -5.048";"compar";" 2.464898e-02"
"   4";"  22";"18.18";"  -5.048";"clasi";" 2.464898e-02"
"   4";"  22";"18.18";"  -5.048";"órgano";" 2.464898e-02"
"   4";"  22";"18.18";"  -5.048";"prolongar";" 2.464898e-02"
"   4";"  22";"18.18";"  -5.048";"estatus";" 2.464898e-02"
"   4";"  22";"18.18";"  -5.048";"diariamente";" 2.464898e-02"
"   0";"   7";" 0.00";"  -5.029";"training";" 2.492302e-02"
"   0";"   7";" 0.00";"  -5.029";"could";" 2.492302e-02"
"   0";"   7";" 0.00";"  -5.029";"nc";" 2.492302e-02"
"   0";"   7";" 0.00";"  -5.029";"security";" 2.492302e-02"
"   0";"   7";" 0.00";"  -5.029";"españa ";" 2.492302e-02"
"   0";"   7";" 0.00";"  -5.029";"reports";" 2.492302e-02"
"   0";"   7";" 0.00";"  -5.029";"print";" 2.492302e-02"
"   0";"   7";" 0.00";"  -5.029";"cetic";" 2.492302e-02"
"   0";"   7";" 0.00";"  -5.029";"tinyurl";" 2.492302e-02"
"   0";"   7";" 0.00";"  -5.029";"committee";" 2.492302e-02"
"   0";"   7";" 0.00";"  -5.029";"salvador";" 2.492302e-02"
"   0";"   7";" 0.00";"  -5.029";"d2l";" 2.492302e-02"
"   0";"   7";" 0.00";"  -5.029";"aea";" 2.492302e-02"
"   0";"   7";" 0.00";"  -5.029";"iisue";" 2.492302e-02"
"   0";"   7";" 0.00";"  -5.029";"dir";" 2.492302e-02"
"   0";"   7";" 0.00";"  -5.029";"presentations";" 2.492302e-02"
"   0";"   7";" 0.00";"  -5.029";"berkeley";" 2.492302e-02"
"   0";"   7";" 0.00";"  -5.029";"virginia";" 2.492302e-02"
"   0";"   7";" 0.00";"  -5.029";"crue";" 2.492302e-02"
"   0";"   7";" 0.00";"  -5.029";"miller";" 2.492302e-02"
"   0";"   7";" 0.00";"  -5.029";"kg";" 2.492302e-02"
"   0";"   7";" 0.00";"  -5.029";"aberta";" 2.492302e-02"
"   0";"   7";" 0.00";"  -5.029";"wipo";" 2.492302e-02"
"   0";"   7";" 0.00";"  -5.029";"telos";" 2.492302e-02"
"   0";"   7";" 0.00";"  -5.029";"summer";" 2.492302e-02"
"   0";"   7";" 0.00";"  -5.029";"natalia";" 2.492302e-02"
"   0";"   7";" 0.00";"  -5.029";"montserrat";" 2.492302e-02"
"   0";"   7";" 0.00";"  -5.029";"inai";" 2.492302e-02"
"   0";"   7";" 0.00";"  -5.029";"hui";" 2.492302e-02"
"   0";"   7";" 0.00";"  -5.029";"green";" 2.492302e-02"
"   0";"   7";" 0.00";"  -5.029";"cnn";" 2.492302e-02"
"   0";"   7";" 0.00";"  -5.029";"bin";" 2.492302e-02"
"   0";"   7";" 0.00";"  -5.029";"steinberg";" 2.492302e-02"
"   0";"   7";" 0.00";"  -5.029";"sluban";" 2.492302e-02"
"   0";"   7";" 0.00";"  -5.029";"ross";" 2.492302e-02"
"   0";"   7";" 0.00";"  -5.029";"quick";" 2.492302e-02"
"   0";"   7";" 0.00";"  -5.029";"partnership";" 2.492302e-02"
"   0";"   7";" 0.00";"  -5.029";"wiki";" 2.492302e-02"
"   0";"   7";" 0.00";"  -5.029";"translate";" 2.492302e-02"
"   0";"   7";" 0.00";"  -5.029";"retablo";" 2.492302e-02"
"   0";"   7";" 0.00";"  -5.029";"kurzweil";" 2.492302e-02"
"   0";"   7";" 0.00";"  -5.029";"ib";" 2.492302e-02"
"   0";"   7";" 0.00";"  -5.029";"helen";" 2.492302e-02"
"   0";"   7";" 0.00";"  -5.029";"faba";" 2.492302e-02"
"   0";"   7";" 0.00";"  -5.029";"dulce";" 2.492302e-02"
"   0";"   7";" 0.00";"  -5.029";"click";" 2.492302e-02"
"   0";"   7";" 0.00";"  -5.029";"citron";" 2.492302e-02"
"   0";"   7";" 0.00";"  -5.029";"bebida";" 2.492302e-02"
"   0";"   7";" 0.00";"  -5.029";"ascendant";" 2.492302e-02"
"   0";"   7";" 0.00";"  -5.029";"reader";" 2.492302e-02"
"   0";"   7";" 0.00";"  -5.029";"mín";" 2.492302e-02"
"   0";"   7";" 0.00";"  -5.029";"ferroso";" 2.492302e-02"
"   0";"   7";" 0.00";"  -5.029";"aquiles";" 2.492302e-02"
"   0";"   7";" 0.00";"  -5.029";"writesonic";" 2.492302e-02"
"   0";"   7";" 0.00";"  -5.029";"wolf";" 2.492302e-02"
"   0";"   7";" 0.00";"  -5.029";"vietnam";" 2.492302e-02"
"   0";"   7";" 0.00";"  -5.029";"teatral";" 2.492302e-02"
"   0";"   7";" 0.00";"  -5.029";"store";" 2.492302e-02"
"   0";"   7";" 0.00";"  -5.029";"roumate";" 2.492302e-02"
"   0";"   7";" 0.00";"  -5.029";"regalo";" 2.492302e-02"
"   0";"   7";" 0.00";"  -5.029";"pizza";" 2.492302e-02"
"   0";"   7";" 0.00";"  -5.029";"kwl";" 2.492302e-02"
"   0";"   7";" 0.00";"  -5.029";"herbert";" 2.492302e-02"
"   0";"   7";" 0.00";"  -5.029";"henry";" 2.492302e-02"
"   0";"   7";" 0.00";"  -5.029";"graeber";" 2.492302e-02"
"   0";"   7";" 0.00";"  -5.029";"gle";" 2.492302e-02"
"   0";"   7";" 0.00";"  -5.029";"frankenthaler";" 2.492302e-02"
"   0";"   7";" 0.00";"  -5.029";"fengchun";" 2.492302e-02"
"   0";"   7";" 0.00";"  -5.029";"dorado";" 2.492302e-02"
"   0";"   7";" 0.00";"  -5.029";"dibujante";" 2.492302e-02"
"   0";"   7";" 0.00";"  -5.029";"descript";" 2.492302e-02"
"   0";"   7";" 0.00";"  -5.029";"culinario";" 2.492302e-02"
"   0";"   7";" 0.00";"  -5.029";"conicet";" 2.492302e-02"
"   0";"   7";" 0.00";"  -5.029";"cn";" 2.492302e-02"
"   0";"   7";" 0.00";"  -5.029";"capitán";" 2.492302e-02"
"   0";"   7";" 0.00";"  -5.029";"bolsillo|bolso";" 2.492302e-02"
"   0";"   7";" 0.00";"  -5.029";"audec";" 2.492302e-02"
"   0";"   7";" 0.00";"  -5.029";"anomia";" 2.492302e-02"
" 137";" 379";"36.15";"  -5.013";"introducir";" 2.515074e-02"
"   2";"  15";"13.33";"  -4.999";"publication";" 2.535550e-02"
"   2";"  15";"13.33";"  -4.999";"book";" 2.535550e-02"
"   2";"  15";"13.33";"  -4.999";"dc";" 2.535550e-02"
"   2";"  15";"13.33";"  -4.999";"default";" 2.535550e-02"
"   2";"  15";"13.33";"  -4.999";"portada";" 2.535550e-02"
"   2";"  15";"13.33";"  -4.999";"gmail";" 2.535550e-02"
"   2";"  15";"13.33";"  -4.999";"posts";" 2.535550e-02"
"   2";"  15";"13.33";"  -4.999";"pers";" 2.535550e-02"
"   2";"  15";"13.33";"  -4.999";"numerar";" 2.535550e-02"
"   2";"  15";"13.33";"  -4.999";"joseph";" 2.535550e-02"
"   2";"  15";"13.33";"  -4.999";"transformers";" 2.535550e-02"
"   2";"  15";"13.33";"  -4.999";"romo";" 2.535550e-02"
"   2";"  15";"13.33";"  -4.999";"norteamericano";" 2.535550e-02"
"   2";"  15";"13.33";"  -4.999";"medioambiente";" 2.535550e-02"
"   2";"  15";"13.33";"  -4.999";"digitalizar";" 2.535550e-02"
"   2";"  15";"13.33";"  -4.999";"condicional";" 2.535550e-02"
"   2";"  15";"13.33";"  -4.999";"ofensivo";" 2.535550e-02"
"   2";"  15";"13.33";"  -4.999";"modesto";" 2.535550e-02"
"   2";"  15";"13.33";"  -4.999";"minoritario";" 2.535550e-02"
"   2";"  15";"13.33";"  -4.999";"mercancía";" 2.535550e-02"
"   2";"  15";"13.33";"  -4.999";"interminable";" 2.535550e-02"
"   2";"  15";"13.33";"  -4.999";"herramientasdeia";" 2.535550e-02"
"   2";"  15";"13.33";"  -4.999";"atrapar";" 2.535550e-02"
"   2";"  15";"13.33";"  -4.999";"arriesgar";" 2.535550e-02"
"   2";"  15";"13.33";"  -4.999";"afortunado";" 2.535550e-02"
"  50";" 152";"32.89";"  -4.972";"mediación";" 2.576435e-02"
"  33";" 106";"31.13";"  -4.971";"use";" 2.577136e-02"
"  24";"  81";"29.63";"  -4.942";"variación";" 2.621431e-02"
" 156";" 427";"36.53";"  -4.907";"físico";" 2.674949e-02"
"  61";" 181";"33.70";"  -4.899";"robótica";" 2.687798e-02"
" 250";" 665";"37.59";"  -4.894";"recibir";" 2.695416e-02"
"   5";"  25";"20.00";"  -4.888";"recreación";" 2.704496e-02"
"   5";"  25";"20.00";"  -4.888";"aviso";" 2.704496e-02"
"   5";"  25";"20.00";"  -4.888";"dueño";" 2.704496e-02"
"   5";"  25";"20.00";"  -4.888";"plasmar";" 2.704496e-02"
"   5";"  25";"20.00";"  -4.888";"competenciales";" 2.704496e-02"
" 295";" 778";"37.92";"  -4.887";"tabla";" 2.706625e-02"
"  55";" 165";"33.33";"  -4.880";"cita";" 2.717492e-02"
" 121";" 337";"35.91";"  -4.846";"histórico";" 2.771419e-02"
"   1";"  11";" 9.09";"  -4.840";"kenya";" 2.780804e-02"
"   1";"  11";" 9.09";"  -4.840";"links";" 2.780804e-02"
"   1";"  11";" 9.09";"  -4.840";"izquierdo";" 2.780804e-02"
"   1";"  11";" 9.09";"  -4.840";"pwc";" 2.780804e-02"
"   1";"  11";" 9.09";"  -4.840";"portar";" 2.780804e-02"
"   1";"  11";" 9.09";"  -4.840";"ltd";" 2.780804e-02"
"   1";"  11";" 9.09";"  -4.840";"pop";" 2.780804e-02"
"   1";"  11";" 9.09";"  -4.840";"relatividad";" 2.780804e-02"
"   1";"  11";" 9.09";"  -4.840";"ios";" 2.780804e-02"
"   1";"  11";" 9.09";"  -4.840";"educomunicación";" 2.780804e-02"
"   1";"  11";" 9.09";"  -4.840";"cinematográfico";" 2.780804e-02"
"   1";"  11";" 9.09";"  -4.840";"youtu";" 2.780804e-02"
"   1";"  11";" 9.09";"  -4.840";"santander";" 2.780804e-02"
"   1";"  11";" 9.09";"  -4.840";"nps";" 2.780804e-02"
"   1";"  11";" 9.09";"  -4.840";"erudición";" 2.780804e-02"
"   1";"  11";" 9.09";"  -4.840";"renacimiento";" 2.780804e-02"
"   1";"  11";" 9.09";"  -4.840";"orquestar";" 2.780804e-02"
"   1";"  11";" 9.09";"  -4.840";"finito";" 2.780804e-02"
"   1";"  11";" 9.09";"  -4.840";"etiquetadas";" 2.780804e-02"
"   1";"  11";" 9.09";"  -4.840";"cortar";" 2.780804e-02"
"   1";"  11";" 9.09";"  -4.840";"comunidad autónoma";" 2.780804e-02"
"   1";"  11";" 9.09";"  -4.840";"cantar";" 2.780804e-02"
"   1";"  11";" 9.09";"  -4.840";"afinidad";" 2.780804e-02"
"   1";"  11";" 9.09";"  -4.840";"acrónimo";" 2.780804e-02"
"   1";"  11";" 9.09";"  -4.840";"4aspectos";" 2.780804e-02"
"   1";"  11";" 9.09";"  -4.840";"veraz";" 2.780804e-02"
"   1";"  11";" 9.09";"  -4.840";"tualmente";" 2.780804e-02"
"   1";"  11";" 9.09";"  -4.840";"referenciar";" 2.780804e-02"
"   1";"  11";" 9.09";"  -4.840";"recolectan";" 2.780804e-02"
"   1";"  11";" 9.09";"  -4.840";"reciclar";" 2.780804e-02"
"   1";"  11";" 9.09";"  -4.840";"poblacionales";" 2.780804e-02"
"   1";"  11";" 9.09";"  -4.840";"pictory";" 2.780804e-02"
"   1";"  11";" 9.09";"  -4.840";"pequeñas y medianas empresas";" 2.780804e-02"
"   1";"  11";" 9.09";"  -4.840";"nú";" 2.780804e-02"
"   1";"  11";" 9.09";"  -4.840";"muestral";" 2.780804e-02"
"   1";"  11";" 9.09";"  -4.840";"inexacto";" 2.780804e-02"
"   1";"  11";" 9.09";"  -4.840";"inapropiados";" 2.780804e-02"
"   1";"  11";" 9.09";"  -4.840";"humanoides";" 2.780804e-02"
"   1";"  11";" 9.09";"  -4.840";"hiperactividad";" 2.780804e-02"
"   1";"  11";" 9.09";"  -4.840";"gofai";" 2.780804e-02"
"   1";"  11";" 9.09";"  -4.840";"falsedad";" 2.780804e-02"
"   1";"  11";" 9.09";"  -4.840";"fabricante";" 2.780804e-02"
"   1";"  11";" 9.09";"  -4.840";"exacerba";" 2.780804e-02"
"   1";"  11";" 9.09";"  -4.840";"estadio";" 2.780804e-02"
"   1";"  11";" 9.09";"  -4.840";"epicentro";" 2.780804e-02"
"   1";"  11";" 9.09";"  -4.840";"docentesf";" 2.780804e-02"
"   1";"  11";" 9.09";"  -4.840";"dimensionalidad";" 2.780804e-02"
"   1";"  11";" 9.09";"  -4.840";"clasificador";" 2.780804e-02"
"   1";"  11";" 9.09";"  -4.840";"bidimensional";" 2.780804e-02"
"   1";"  11";" 9.09";"  -4.840";"bach";" 2.780804e-02"
"   1";"  11";" 9.09";"  -4.840";"atrever";" 2.780804e-02"
"   1";"  11";" 9.09";"  -4.840";"abstracciones";" 2.780804e-02"
"  92";" 262";"35.11";"  -4.839";"límite";" 2.781694e-02"
"  42";" 130";"32.31";"  -4.829";"prever";" 2.797826e-02"
"  16";"  58";"27.59";"  -4.824";"periodístico";" 2.805936e-02"
"   6";"  28";"21.43";"  -4.781";"skills";" 2.877730e-02"
"   6";"  28";"21.43";"  -4.781";"juzgar";" 2.877730e-02"
" 485";"1250";"38.80";"  -4.723";"ciencia";" 2.975946e-02"
"   7";"  31";"22.58";"  -4.712";"creative";" 2.995757e-02"
"   7";"  31";"22.58";"  -4.712";"pronóstico";" 2.995757e-02"
"   7";"  31";"22.58";"  -4.712";"gramaticales";" 2.995757e-02"
"  13";"  49";"26.53";"  -4.703";"perfectamente";" 3.011336e-02"
"   3";"  18";"16.67";"  -4.677";"life";" 3.056820e-02"
"   3";"  18";"16.67";"  -4.677";"clúster";" 3.056820e-02"
"   3";"  18";"16.67";"  -4.677";"iluminación";" 3.056820e-02"
"   3";"  18";"16.67";"  -4.677";"2024a";" 3.056820e-02"
"   3";"  18";"16.67";"  -4.677";"pendiente";" 3.056820e-02"
"   3";"  18";"16.67";"  -4.677";"anterioridad";" 3.056820e-02"
"   3";"  18";"16.67";"  -4.677";"competidor";" 3.056820e-02"
"   3";"  18";"16.67";"  -4.677";"dispersión";" 3.056820e-02"
"  12";"  46";"26.09";"  -4.675";"instalación";" 3.060713e-02"
"   8";"  34";"23.53";"  -4.670";"suministro";" 3.068629e-02"
"   8";"  34";"23.53";"  -4.670";"influyente";" 3.068629e-02"
"   8";"  34";"23.53";"  -4.670";"perjudicar";" 3.068629e-02"
"   8";"  34";"23.53";"  -4.670";"nombrar";" 3.068629e-02"
"   8";"  34";"23.53";"  -4.670";"exponencialmente";" 3.068629e-02"
"   8";"  34";"23.53";"  -4.670";"consumir";" 3.068629e-02"
"  33";" 105";"31.43";"  -4.655";"recurrir";" 3.097121e-02"
"   9";"  37";"24.32";"  -4.650";"desacuerdo";" 3.104963e-02"
"   9";"  37";"24.32";"  -4.650";"ml";" 3.104963e-02"
" 168";" 456";"36.84";"  -4.647";"ar";" 3.110157e-02"
"  10";"  40";"25.00";"  -4.646";"corazón";" 3.111965e-02"
"  10";"  40";"25.00";"  -4.646";"conducción";" 3.111965e-02"
"  10";"  40";"25.00";"  -4.646";"mención";" 3.111965e-02"
"  63";" 185";"34.05";"  -4.581";"rico";" 3.232484e-02"
"  28";"  91";"30.77";"  -4.562";"cadena";" 3.268957e-02"
"  98";" 276";"35.51";"  -4.518";"rápidamente";" 3.354056e-02"
"  23";"  77";"29.87";"  -4.514";"lleno";" 3.362247e-02"
"  38";" 118";"32.20";"  -4.480";"temporal";" 3.430002e-02"
"   4";"  21";"19.05";"  -4.472";"salvaguardias";" 3.445252e-02"
"   4";"  21";"19.05";"  -4.472";"fig";" 3.445252e-02"
"   4";"  21";"19.05";"  -4.472";"ideológico";" 3.445252e-02"
"   4";"  21";"19.05";"  -4.472";"vigor";" 3.445252e-02"
"   4";"  21";"19.05";"  -4.472";"regulatorias";" 3.445252e-02"
"   4";"  21";"19.05";"  -4.472";"mira";" 3.445252e-02"
"   4";"  21";"19.05";"  -4.472";"innumerable";" 3.445252e-02"
"   4";"  21";"19.05";"  -4.472";"confuso";" 3.445252e-02"
" 172";" 465";"36.99";"  -4.463";"seleccionar";" 3.463999e-02"
"  50";" 150";"33.33";"  -4.435";"ambiental";" 3.520608e-02"
"  34";" 107";"31.78";"  -4.431";"marca";" 3.528519e-02"
"  15";"  54";"27.78";"  -4.371";"corporativo";" 3.655015e-02"
"  15";"  54";"27.78";"  -4.371";"extremadamente";" 3.655015e-02"
"   2";"  14";"14.29";"  -4.359";"springer";" 3.681062e-02"
"   2";"  14";"14.29";"  -4.359";"jorge";" 3.681062e-02"
"   2";"  14";"14.29";"  -4.359";"usp";" 3.681062e-02"
"   2";"  14";"14.29";"  -4.359";"mcluhan";" 3.681062e-02"
"   2";"  14";"14.29";"  -4.359";"alexandre";" 3.681062e-02"
"   2";"  14";"14.29";"  -4.359";"whisper";" 3.681062e-02"
"   2";"  14";"14.29";"  -4.359";"radar";" 3.681062e-02"
"   2";"  14";"14.29";"  -4.359";"directorio";" 3.681062e-02"
"   2";"  14";"14.29";"  -4.359";"shoham";" 3.681062e-02"
"   2";"  14";"14.29";"  -4.359";"af";" 3.681062e-02"
"   2";"  14";"14.29";"  -4.359";"veloz";" 3.681062e-02"
"   2";"  14";"14.29";"  -4.359";"acento";" 3.681062e-02"
"   2";"  14";"14.29";"  -4.359";"mitología";" 3.681062e-02"
"   2";"  14";"14.29";"  -4.359";"khanmigo";" 3.681062e-02"
"   2";"  14";"14.29";"  -4.359";"pu";" 3.681062e-02"
"   2";"  14";"14.29";"  -4.359";"premium";" 3.681062e-02"
"   2";"  14";"14.29";"  -4.359";"monopolio";" 3.681062e-02"
"   2";"  14";"14.29";"  -4.359";"idéntico";" 3.681062e-02"
"   2";"  14";"14.29";"  -4.359";"genially";" 3.681062e-02"
"   2";"  14";"14.29";"  -4.359";"empeorar";" 3.681062e-02"
"   2";"  14";"14.29";"  -4.359";"conocé";" 3.681062e-02"
"   2";"  14";"14.29";"  -4.359";"adop";" 3.681062e-02"
"   2";"  14";"14.29";"  -4.359";"admiración";" 3.681062e-02"
"   2";"  14";"14.29";"  -4.359";"visionado";" 3.681062e-02"
"   2";"  14";"14.29";"  -4.359";"verso";" 3.681062e-02"
"   2";"  14";"14.29";"  -4.359";"tolerancia";" 3.681062e-02"
"   2";"  14";"14.29";"  -4.359";"ries";" 3.681062e-02"
"   2";"  14";"14.29";"  -4.359";"resonancia";" 3.681062e-02"
"   2";"  14";"14.29";"  -4.359";"polarización";" 3.681062e-02"
"   2";"  14";"14.29";"  -4.359";"pirámide";" 3.681062e-02"
"   2";"  14";"14.29";"  -4.359";"perfección";" 3.681062e-02"
"   2";"  14";"14.29";"  -4.359";"maestrofcompetenciaf";" 3.681062e-02"
"   2";"  14";"14.29";"  -4.359";"lideran";" 3.681062e-02"
"   2";"  14";"14.29";"  -4.359";"generamos";" 3.681062e-02"
"   2";"  14";"14.29";"  -4.359";"gafas";" 3.681062e-02"
"   2";"  14";"14.29";"  -4.359";"fracasar";" 3.681062e-02"
"   2";"  14";"14.29";"  -4.359";"encon";" 3.681062e-02"
"   2";"  14";"14.29";"  -4.359";"disfrute";" 3.681062e-02"
"   2";"  14";"14.29";"  -4.359";"comodidad";" 3.681062e-02"
" 142";" 388";"36.60";"  -4.349";"escala";" 3.703378e-02"
"   5";"  24";"20.83";"  -4.341";"cuaderno";" 3.721452e-02"
"   5";"  24";"20.83";"  -4.341";"ada";" 3.721452e-02"
"   5";"  24";"20.83";"  -4.341";"sano";" 3.721452e-02"
"   5";"  24";"20.83";"  -4.341";"intervalo";" 3.721452e-02"
"   5";"  24";"20.83";"  -4.341";"reciente|recién";" 3.721452e-02"
"   5";"  24";"20.83";"  -4.341";"optativo";" 3.721452e-02"
"   5";"  24";"20.83";"  -4.341";"ficos";" 3.721452e-02"
"   5";"  24";"20.83";"  -4.341";"adherir";" 3.721452e-02"
"   5";"  24";"20.83";"  -4.341";"aconsejar";" 3.721452e-02"
"  14";"  51";"27.45";"  -4.323";"auditoría";" 3.760467e-02"
"  29";"  93";"31.18";"  -4.319";"ideal";" 3.767818e-02"
"   0";"   6";" 0.00";"  -4.311";"this";" 3.787321e-02"
"   0";"   6";" 0.00";"  -4.311";"we";" 3.787321e-02"
"   0";"   6";" 0.00";"  -4.311";"staff";" 3.787321e-02"
"   0";"   6";" 0.00";"  -4.311";"protection";" 3.787321e-02"
"   0";"   6";" 0.00";"  -4.311";"mario";" 3.787321e-02"
"   0";"   6";" 0.00";"  -4.311";"ing";" 3.787321e-02"
"   0";"   6";" 0.00";"  -4.311";"machines";" 3.787321e-02"
"   0";"   6";" 0.00";"  -4.311";"transparency";" 3.787321e-02"
"   0";"   6";" 0.00";"  -4.311";"lucir";" 3.787321e-02"
"   0";"   6";" 0.00";"  -4.311";"pesquisar";" 3.787321e-02"
"   0";"   6";" 0.00";"  -4.311";"master";" 3.787321e-02"
"   0";"   6";" 0.00";"  -4.311";"janeiro";" 3.787321e-02"
"   0";"   6";" 0.00";"  -4.311";"journals";" 3.787321e-02"
"   0";"   6";" 0.00";"  -4.311";"itu";" 3.787321e-02"
"   0";"   6";" 0.00";"  -4.311";"cope";" 3.787321e-02"
"   0";"   6";" 0.00";"  -4.311";"copyright";" 3.787321e-02"
"   0";"   6";" 0.00";"  -4.311";"agrawal";" 3.787321e-02"
"   0";"   6";" 0.00";"  -4.311";"trial";" 3.787321e-02"
"   0";"   6";" 0.00";"  -4.311";"santaella";" 3.787321e-02"
"   0";"   6";" 0.00";"  -4.311";"ruano";" 3.787321e-02"
"   0";"   6";" 0.00";"  -4.311";"wilson";" 3.787321e-02"
"   0";"   6";" 0.00";"  -4.311";"ojs";" 3.787321e-02"
"   0";"   6";" 0.00";"  -4.311";"nov";" 3.787321e-02"
"   0";"   6";" 0.00";"  -4.311";"brynjolfsson";" 3.787321e-02"
"   0";"   6";" 0.00";"  -4.311";"bill";" 3.787321e-02"
"   0";"   6";" 0.00";"  -4.311";"voices";" 3.787321e-02"
"   0";"   6";" 0.00";"  -4.311";"hipertext";" 3.787321e-02"
"   0";"   6";" 0.00";"  -4.311";"gallina";" 3.787321e-02"
"   0";"   6";" 0.00";"  -4.311";"diegocraig";" 3.787321e-02"
"   0";"   6";" 0.00";"  -4.311";"palavra";" 3.787321e-02"
"   0";"   6";" 0.00";"  -4.311";"mancha";" 3.787321e-02"
"   0";"   6";" 0.00";"  -4.311";"front";" 3.787321e-02"
"   0";"   6";" 0.00";"  -4.311";"fakes";" 3.787321e-02"
"   0";"   6";" 0.00";"  -4.311";"database";" 3.787321e-02"
"   0";"   6";" 0.00";"  -4.311";"comp";" 3.787321e-02"
"   0";"   6";" 0.00";"  -4.311";"bolivia";" 3.787321e-02"
"   0";"   6";" 0.00";"  -4.311";"pub";" 3.787321e-02"
"   0";"   6";" 0.00";"  -4.311";"novel";" 3.787321e-02"
"   0";"   6";" 0.00";"  -4.311";"máx";" 3.787321e-02"
"   0";"   6";" 0.00";"  -4.311";"liliana";" 3.787321e-02"
"   0";"   6";" 0.00";"  -4.311";"klavdij";" 3.787321e-02"
"   0";"   6";" 0.00";"  -4.311";"apellido";" 3.787321e-02"
"   0";"   6";" 0.00";"  -4.311";"20de";" 3.787321e-02"
"   0";"   6";" 0.00";"  -4.311";"newell";" 3.787321e-02"
"   0";"   6";" 0.00";"  -4.311";"kar";" 3.787321e-02"
"   0";"   6";" 0.00";"  -4.311";"interpretable";" 3.787321e-02"
"   0";"   6";" 0.00";"  -4.311";"ingeniera";" 3.787321e-02"
"   0";"   6";" 0.00";"  -4.311";"inc";" 3.787321e-02"
"   0";"   6";" 0.00";"  -4.311";"haraway";" 3.787321e-02"
"   0";"   6";" 0.00";"  -4.311";"celeste";" 3.787321e-02"
"   0";"   6";" 0.00";"  -4.311";"blasco";" 3.787321e-02"
"   0";"   6";" 0.00";"  -4.311";"ask";" 3.787321e-02"
"   0";"   6";" 0.00";"  -4.311";"angwin";" 3.787321e-02"
"   0";"   6";" 0.00";"  -4.311";"acrónimos";" 3.787321e-02"
"   0";"   6";" 0.00";"  -4.311";"águila";" 3.787321e-02"
"   0";"   6";" 0.00";"  -4.311";"withgoogle";" 3.787321e-02"
"   0";"   6";" 0.00";"  -4.311";"sounds";" 3.787321e-02"
"   0";"   6";" 0.00";"  -4.311";"mondar";" 3.787321e-02"
"   0";"   6";" 0.00";"  -4.311";"madera";" 3.787321e-02"
"   0";"   6";" 0.00";"  -4.311";"lunes";" 3.787321e-02"
"   0";"   6";" 0.00";"  -4.311";"laptop";" 3.787321e-02"
"   0";"   6";" 0.00";"  -4.311";"hs";" 3.787321e-02"
"   0";"   6";" 0.00";"  -4.311";"hierro";" 3.787321e-02"
"   0";"   6";" 0.00";"  -4.311";"ellis";" 3.787321e-02"
"   0";"   6";" 0.00";"  -4.311";"edit";" 3.787321e-02"
"   0";"   6";" 0.00";"  -4.311";"dans";" 3.787321e-02"
"   0";"   6";" 0.00";"  -4.311";"csic";" 3.787321e-02"
"   0";"   6";" 0.00";"  -4.311";"coreano";" 3.787321e-02"
"   0";"   6";" 0.00";"  -4.311";"coeckelbergh";" 3.787321e-02"
"   0";"   6";" 0.00";"  -4.311";"bommasani";" 3.787321e-02"
"   0";"   6";" 0.00";"  -4.311";"body";" 3.787321e-02"
"   0";"   6";" 0.00";"  -4.311";"01aa75ed71a1";" 3.787321e-02"
"  20";"  68";"29.41";"  -4.298";"copia";" 3.816344e-02"
"   6";"  27";"22.22";"  -4.258";"models";" 3.906658e-02"
"   6";"  27";"22.22";"  -4.258";"corporal";" 3.906658e-02"
"   6";"  27";"22.22";"  -4.258";"sentado";" 3.906658e-02"
"   6";"  27";"22.22";"  -4.258";"trazar";" 3.906658e-02"
"  85";" 241";"35.27";"  -4.246";"familia";" 3.933895e-02"
"  24";"  79";"30.38";"  -4.244";"permanecer";" 3.938590e-02"
"  12";"  45";"26.67";"  -4.242";"hincapié";" 3.943375e-02"
"  28";"  90";"31.11";"  -4.237";"documentación";" 3.956168e-02"
"  11";"  42";"26.19";"  -4.212";"article";" 4.013683e-02"
"   7";"  30";"23.33";"  -4.210";"2019b";" 4.019503e-02"
"   7";"  30";"23.33";"  -4.210";"mitigación";" 4.019503e-02"
"   7";"  30";"23.33";"  -4.210";"bancario";" 4.019503e-02"
"  10";"  39";"25.64";"  -4.191";"maría";" 4.063577e-02"
"  10";"  39";"25.64";"  -4.191";"ben";" 4.063577e-02"
"  10";"  39";"25.64";"  -4.191";"viejo";" 4.063577e-02"
"   8";"  33";"24.24";"  -4.186";"miao";" 4.075399e-02"
"   8";"  33";"24.24";"  -4.186";"predefinir";" 4.075399e-02"
"   9";"  36";"25.00";"  -4.181";"comercialización";" 4.086781e-02"
"  47";" 141";"33.33";"  -4.169";"fácilmente";" 4.118145e-02"
"   1";"  10";"10.00";"  -4.159";"not";" 4.142008e-02"
"   1";"  10";"10.00";"  -4.159";"sciences";" 4.142008e-02"
"   1";"  10";"10.00";"  -4.159";"platform";" 4.142008e-02"
"   1";"  10";"10.00";"  -4.159";"sp";" 4.142008e-02"
"   1";"  10";"10.00";"  -4.159";"forms";" 4.142008e-02"
"   1";"  10";"10.00";"  -4.159";"frontier";" 4.142008e-02"
"   1";"  10";"10.00";"  -4.159";"rochester";" 4.142008e-02"
"   1";"  10";"10.00";"  -4.159";"pedreño";" 4.142008e-02"
"   1";"  10";"10.00";"  -4.159";"gartner";" 4.142008e-02"
"   1";"  10";"10.00";"  -4.159";"ou";" 4.142008e-02"
"   1";"  10";"10.00";"  -4.159";"melina";" 4.142008e-02"
"   1";"  10";"10.00";"  -4.159";"cdt";" 4.142008e-02"
"   1";"  10";"10.00";"  -4.159";"virus";" 4.142008e-02"
"   1";"  10";"10.00";"  -4.159";"malta";" 4.142008e-02"
"   1";"  10";"10.00";"  -4.159";"renta";" 4.142008e-02"
"   1";"  10";"10.00";"  -4.159";"mr";" 4.142008e-02"
"   1";"  10";"10.00";"  -4.159";"hai";" 4.142008e-02"
"   1";"  10";"10.00";"  -4.159";"paradocentes";" 4.142008e-02"
"   1";"  10";"10.00";"  -4.159";"deepl";" 4.142008e-02"
"   1";"  10";"10.00";"  -4.159";"élite";" 4.142008e-02"
"   1";"  10";"10.00";"  -4.159";"vial";" 4.142008e-02"
"   1";"  10";"10.00";"  -4.159";"suleyman";" 4.142008e-02"
"   1";"  10";"10.00";"  -4.159";"sir";" 4.142008e-02"
"   1";"  10";"10.00";"  -4.159";"presidencial";" 4.142008e-02"
"   1";"  10";"10.00";"  -4.159";"paréntesis";" 4.142008e-02"
"   1";"  10";"10.00";"  -4.159";"partícula";" 4.142008e-02"
"   1";"  10";"10.00";"  -4.159";"nietzsche";" 4.142008e-02"
"   1";"  10";"10.00";"  -4.159";"multisectorial";" 4.142008e-02"
"   1";"  10";"10.00";"  -4.159";"jurisprudencia";" 4.142008e-02"
"   1";"  10";"10.00";"  -4.159";"aburrir";" 4.142008e-02"
"   1";"  10";"10.00";"  -4.159";"vuestro";" 4.142008e-02"
"   1";"  10";"10.00";"  -4.159";"verificable";" 4.142008e-02"
"   1";"  10";"10.00";"  -4.159";"usuaria";" 4.142008e-02"
"   1";"  10";"10.00";"  -4.159";"trave";" 4.142008e-02"
"   1";"  10";"10.00";"  -4.159";"transcurrir";" 4.142008e-02"
"   1";"  10";"10.00";"  -4.159";"sapiens";" 4.142008e-02"
"   1";"  10";"10.00";"  -4.159";"reseñar";" 4.142008e-02"
"   1";"  10";"10.00";"  -4.159";"reguladoras";" 4.142008e-02"
"   1";"  10";"10.00";"  -4.159";"parafraseo";" 4.142008e-02"
"   1";"  10";"10.00";"  -4.159";"obedecer";" 4.142008e-02"
"   1";"  10";"10.00";"  -4.159";"máqui";" 4.142008e-02"
"   1";"  10";"10.00";"  -4.159";"minar";" 4.142008e-02"
"   1";"  10";"10.00";"  -4.159";"inventariar";" 4.142008e-02"
"   1";"  10";"10.00";"  -4.159";"instru";" 4.142008e-02"
"   1";"  10";"10.00";"  -4.159";"incurrir";" 4.142008e-02"
"   1";"  10";"10.00";"  -4.159";"emisor";" 4.142008e-02"
"   1";"  10";"10.00";"  -4.159";"difuso";" 4.142008e-02"
"   1";"  10";"10.00";"  -4.159";"desaparición";" 4.142008e-02"
"   1";"  10";"10.00";"  -4.159";"dere";" 4.142008e-02"
"   1";"  10";"10.00";"  -4.159";"demográfico";" 4.142008e-02"
"   1";"  10";"10.00";"  -4.159";"degradación";" 4.142008e-02"
"   1";"  10";"10.00";"  -4.159";"danza";" 4.142008e-02"
"   1";"  10";"10.00";"  -4.159";"crianza";" 4.142008e-02"
"   1";"  10";"10.00";"  -4.159";"convergència i unió";" 4.142008e-02"
"   1";"  10";"10.00";"  -4.159";"cionados";" 4.142008e-02"
"   1";"  10";"10.00";"  -4.159";"bono";" 4.142008e-02"
"   1";"  10";"10.00";"  -4.159";"ariadna";" 4.142008e-02"
"   1";"  10";"10.00";"  -4.159";"alternativamente";" 4.142008e-02"
"   1";"  10";"10.00";"  -4.159";"almuerzo";" 4.142008e-02"
"  27";"  87";"31.03";"  -4.154";"anexo";" 4.153404e-02"
"  17";"  59";"28.81";"  -4.097";"espacial";" 4.295838e-02"
"   3";"  17";"17.65";"  -4.079";"power";" 4.341037e-02"
"   3";"  17";"17.65";"  -4.079";"American";" 4.341037e-02"
"   3";"  17";"17.65";"  -4.079";"pc";" 4.341037e-02"
"   3";"  17";"17.65";"  -4.079";"reutilización";" 4.341037e-02"
"   3";"  17";"17.65";"  -4.079";"confinamiento";" 4.341037e-02"
"   3";"  17";"17.65";"  -4.079";"soñar";" 4.341037e-02"
"   3";"  17";"17.65";"  -4.079";"primo";" 4.341037e-02"
"   3";"  17";"17.65";"  -4.079";"historiador";" 4.341037e-02"
"   3";"  17";"17.65";"  -4.079";"ctim";" 4.341037e-02"
"   3";"  17";"17.65";"  -4.079";"observables";" 4.341037e-02"
"   3";"  17";"17.65";"  -4.079";"clusterización";" 4.341037e-02"
"   3";"  17";"17.65";"  -4.079";"vago";" 4.341037e-02"
"   3";"  17";"17.65";"  -4.079";"trato";" 4.341037e-02"
"   3";"  17";"17.65";"  -4.079";"renovable";" 4.341037e-02"
"   3";"  17";"17.65";"  -4.079";"prevalencia";" 4.341037e-02"
"   3";"  17";"17.65";"  -4.079";"inventario";" 4.341037e-02"
"   3";"  17";"17.65";"  -4.079";"interconectadas";" 4.341037e-02"
"   3";"  17";"17.65";"  -4.079";"innecesario";" 4.341037e-02"
"   3";"  17";"17.65";"  -4.079";"inclinación";" 4.341037e-02"
"   3";"  17";"17.65";"  -4.079";"dispo";" 4.341037e-02"
"   3";"  17";"17.65";"  -4.079";"descomponer";" 4.341037e-02"
"   3";"  17";"17.65";"  -4.079";"amable";" 4.341037e-02"
"  16";"  56";"28.57";"  -4.035";"machado";" 4.456983e-02"
" 381";" 985";"38.68";"  -4.010";"acción";" 4.523912e-02"
"  29";"  92";"31.52";"  -4.005";"linkedin";" 4.537434e-02"
"  48";" 143";"33.57";"  -3.998";"tasa";" 4.554486e-02"
"  39";" 119";"32.77";"  -3.998";"necesariamente";" 4.556647e-02"
" 250";" 658";"37.99";"  -3.966";"particular";" 4.642870e-02"
"  64";" 185";"34.59";"  -3.965";"costo";" 4.646717e-02"
"  20";"  67";"29.85";"  -3.940";"enunciar";" 4.715574e-02"
"  28";"  89";"31.46";"  -3.920";"paciente";" 4.771297e-02"
"  14";"  50";"28.00";"  -3.920";"considerado";" 4.771415e-02"
" 235";" 620";"37.90";"  -3.915";"producto";" 4.786208e-02"
"  47";" 140";"33.57";"  -3.910";"mitigar";" 4.801208e-02"
"   4";"  20";"20.00";"  -3.910";"black";" 4.799716e-02"
"   4";"  20";"20.00";"  -3.910";"james";" 4.799716e-02"
"   4";"  20";"20.00";"  -3.910";"chips";" 4.799716e-02"
"   4";"  20";"20.00";"  -3.910";"operacional";" 4.799716e-02"
"   4";"  20";"20.00";"  -3.910";"australiano";" 4.799716e-02"
"   4";"  20";"20.00";"  -3.910";"proposición";" 4.799716e-02"
"   4";"  20";"20.00";"  -3.910";"concertar";" 4.799716e-02"
"   4";"  20";"20.00";"  -3.910";"capitulo";" 4.799716e-02"
"  19";"  64";"29.69";"  -3.867";"nal";" 4.925229e-02"
"  19";"  64";"29.69";"  -3.867";"cierre";" 4.925229e-02"
"  90";" 252";"35.71";"  -3.857";"caber";" 4.953528e-02"
"  23";"  75";"30.67";"  -3.829";"inadecuado";" 5.036601e-02"
"  12";"  44";"27.27";"  -3.822";"signi";" 5.057417e-02"
"  12";"  44";"27.27";"  -3.822";"ambigüedad";" 5.057417e-02"
"   5";"  23";"21.74";"  -3.808";"logo";" 5.100502e-02"
"   5";"  23";"21.74";"  -3.808";"iaf";" 5.100502e-02"
"   5";"  23";"21.74";"  -3.808";"ral";" 5.100502e-02"
"   5";"  23";"21.74";"  -3.808";"deducir";" 5.100502e-02"
"   5";"  23";"21.74";"  -3.808";"consensuar";" 5.100502e-02"
"   5";"  23";"21.74";"  -3.808";"comparable";" 5.100502e-02"
"   5";"  23";"21.74";"  -3.808";"pausa";" 5.100502e-02"
"   5";"  23";"21.74";"  -3.808";"ini";" 5.100502e-02"
"   5";"  23";"21.74";"  -3.808";"contrarrestar";" 5.100502e-02"
"   5";"  23";"21.74";"  -3.808";"aparente";" 5.100502e-02"
"  30";"  94";"31.91";"  -3.785";"encargar";" 5.171480e-02"
"  11";"  41";"26.83";"  -3.782";"avatar";" 5.179967e-02"
"  11";"  41";"26.83";"  -3.782";"perjudicial";" 5.179967e-02"
"   6";"  26";"23.08";"  -3.750";"be";" 5.280342e-02"
"  22";"  72";"30.56";"  -3.750";"totalidad";" 5.281984e-02"
"  10";"  38";"26.32";"  -3.750";"emprendedor";" 5.281331e-02"
"   6";"  26";"23.08";"  -3.750";"logística";" 5.280342e-02"
"   6";"  26";"23.08";"  -3.750";"huma";" 5.280342e-02"
"   6";"  26";"23.08";"  -3.750";"apelar";" 5.280342e-02"
"   6";"  26";"23.08";"  -3.750";"alerta";" 5.280342e-02"
"  69";" 197";"35.03";"  -3.733";"difusión";" 5.334641e-02"
"   2";"  13";"15.38";"  -3.731";"all";" 5.341371e-02"
"   2";"  13";"15.38";"  -3.731";"educação";" 5.341371e-02"
"   2";"  13";"15.38";"  -3.731";"mind";" 5.341371e-02"
"   2";"  13";"15.38";"  -3.731";"elena";" 5.341371e-02"
"   2";"  13";"15.38";"  -3.731";"sharing";" 5.341371e-02"
"   2";"  13";"15.38";"  -3.731";"ter";" 5.341371e-02"
"   2";"  13";"15.38";"  -3.731";"educació";" 5.341371e-02"
"   2";"  13";"15.38";"  -3.731";"tips";" 5.341371e-02"
"   2";"  13";"15.38";"  -3.731";"mansour";" 5.341371e-02"
"   2";"  13";"15.38";"  -3.731";"infante";" 5.341371e-02"
"   2";"  13";"15.38";"  -3.731";"jersey";" 5.341371e-02"
"   2";"  13";"15.38";"  -3.731";"homo";" 5.341371e-02"
"   2";"  13";"15.38";"  -3.731";"redondo";" 5.341371e-02"
"   2";"  13";"15.38";"  -3.731";"2017a";" 5.341371e-02"
"   2";"  13";"15.38";"  -3.731";"neurogen";" 5.341371e-02"
"   2";"  13";"15.38";"  -3.731";"prefacio";" 5.341371e-02"
"   2";"  13";"15.38";"  -3.731";"finlandés";" 5.341371e-02"
"   2";"  13";"15.38";"  -3.731";"estancar";" 5.341371e-02"
"   2";"  13";"15.38";"  -3.731";"conservador";" 5.341371e-02"
"   2";"  13";"15.38";"  -3.731";"computa";" 5.341371e-02"
"   2";"  13";"15.38";"  -3.731";"aéreo";" 5.341371e-02"
"   2";"  13";"15.38";"  -3.731";"serlo";" 5.341371e-02"
"   2";"  13";"15.38";"  -3.731";"ruptura";" 5.341371e-02"
"   2";"  13";"15.38";"  -3.731";"provincial";" 5.341371e-02"
"   2";"  13";"15.38";"  -3.731";"pluralidad";" 5.341371e-02"
"   2";"  13";"15.38";"  -3.731";"organizativa";" 5.341371e-02"
"   2";"  13";"15.38";"  -3.731";"opacos";" 5.341371e-02"
"   2";"  13";"15.38";"  -3.731";"liza";" 5.341371e-02"
"   2";"  13";"15.38";"  -3.731";"hebreo";" 5.341371e-02"
"   2";"  13";"15.38";"  -3.731";"escéptico";" 5.341371e-02"
"   2";"  13";"15.38";"  -3.731";"dirigirse";" 5.341371e-02"
"   2";"  13";"15.38";"  -3.731";"casuística";" 5.341371e-02"
"   2";"  13";"15.38";"  -3.731";"bandera";" 5.341371e-02"
"   2";"  13";"15.38";"  -3.731";"analizarse";" 5.341371e-02"
"   2";"  13";"15.38";"  -3.731";"adversario";" 5.341371e-02"
"   2";"  13";"15.38";"  -3.731";"acusar";" 5.341371e-02"
"   2";"  13";"15.38";"  -3.731";"acotar";" 5.341371e-02"
"   9";"  35";"25.71";"  -3.727";"genai";" 5.353750e-02"
"   9";"  35";"25.71";"  -3.727";"rey";" 5.353750e-02"
"   9";"  35";"25.71";"  -3.727";"cívico";" 5.353750e-02"
"   7";"  29";"24.14";"  -3.722";"at";" 5.368406e-02"
"   7";"  29";"24.14";"  -3.722";"Art";" 5.368406e-02"
"   7";"  29";"24.14";"  -3.722";"frenar";" 5.368406e-02"
"   7";"  29";"24.14";"  -3.722";"tores";" 5.368406e-02"
"   8";"  32";"25.00";"  -3.717";"murcia";" 5.387151e-02"
"   8";"  32";"25.00";"  -3.717";"elicit";" 5.387151e-02"
"   8";"  32";"25.00";"  -3.717";"semanal";" 5.387151e-02"
"  21";"  69";"30.43";"  -3.671";"normalmente";" 5.537396e-02"
"  25";"  80";"31.25";"  -3.668";"iste";" 5.546072e-02"
"  16";"  55";"29.09";"  -3.658";"neutral";" 5.580874e-02"
" 986";"2468";"39.95";"  -3.611";"realizar";" 5.741140e-02"
"  15";"  52";"28.85";"  -3.593";"excluir";" 5.804041e-02"
"   0";"   5";" 0.00";"  -3.592";"understanding";" 5.805109e-02"
"   0";"   5";" 0.00";"  -3.592";"range";" 5.805109e-02"
"   0";"   5";" 0.00";"  -3.592";"fernando";" 5.805109e-02"
"   0";"   5";" 0.00";"  -3.592";"spanish";" 5.805109e-02"
"   0";"   5";" 0.00";"  -3.592";"penguin";" 5.805109e-02"
"   0";"   5";" 0.00";"  -3.592";"opinion";" 5.805109e-02"
"   0";"   5";" 0.00";"  -3.592";"faculty";" 5.805109e-02"
"   0";"   5";" 0.00";"  -3.592";"philosophy";" 5.805109e-02"
"   0";"   5";" 0.00";"  -3.592";"growth";" 5.805109e-02"
"   0";"   5";" 0.00";"  -3.592";"instruments";" 5.805109e-02"
"   0";"   5";" 0.00";"  -3.592";"granada";" 5.805109e-02"
"   0";"   5";" 0.00";"  -3.592";"version";" 5.805109e-02"
"   0";"   5";" 0.00";"  -3.592";"result";" 5.805109e-02"
"   0";"   5";" 0.00";"  -3.592";"universidade";" 5.805109e-02"
"   0";"   5";" 0.00";"  -3.592";"mariano";" 5.805109e-02"
"   0";"   5";" 0.00";"  -3.592";"institut";" 5.805109e-02"
"   0";"   5";" 0.00";"  -3.592";"wired";" 5.805109e-02"
"   0";"   5";" 0.00";"  -3.592";"txt";" 5.805109e-02"
"   0";"   5";" 0.00";"  -3.592";"style";" 5.805109e-02"
"   0";"   5";" 0.00";"  -3.592";"rodrigues";" 5.805109e-02"
"   0";"   5";" 0.00";"  -3.592";"pose";" 5.805109e-02"
"   0";"   5";" 0.00";"  -3.592";"oct";" 5.805109e-02"
"   0";"   5";" 0.00";"  -3.592";"wall";" 5.805109e-02"
"   0";"   5";" 0.00";"  -3.592";"bureau";" 5.805109e-02"
"   0";"   5";" 0.00";"  -3.592";"bridging";" 5.805109e-02"
"   0";"   5";" 0.00";"  -3.592";"neri";" 5.805109e-02"
"   0";"   5";" 0.00";"  -3.592";"gregory";" 5.805109e-02"
"   0";"   5";" 0.00";"  -3.592";"benítez";" 5.805109e-02"
"   0";"   5";" 0.00";"  -3.592";"spread";" 5.805109e-02"
"   0";"   5";" 0.00";"  -3.592";"aspx";" 5.805109e-02"
"   0";"   5";" 0.00";"  -3.592";"amsterdam";" 5.805109e-02"
"   0";"   5";" 0.00";"  -3.592";"zero";" 5.805109e-02"
"   0";"   5";" 0.00";"  -3.592";"port";" 5.805109e-02"
"   0";"   5";" 0.00";"  -3.592";"paloma";" 5.805109e-02"
"   0";"   5";" 0.00";"  -3.592";"namibia";" 5.805109e-02"
"   0";"   5";" 0.00";"  -3.592";"klein";" 5.805109e-02"
"   0";"   5";" 0.00";"  -3.592";"hughes";" 5.805109e-02"
"   0";"   5";" 0.00";"  -3.592";"hl";" 5.805109e-02"
"   0";"   5";" 0.00";"  -3.592";"cdmx";" 5.805109e-02"
"   0";"   5";" 0.00";"  -3.592";"tempo";" 5.805109e-02"
"   0";"   5";" 0.00";"  -3.592";"quevedo";" 5.805109e-02"
"   0";"   5";" 0.00";"  -3.592";"pariser";" 5.805109e-02"
"   0";"   5";" 0.00";"  -3.592";"jaime";" 5.805109e-02"
"   0";"   5";" 0.00";"  -3.592";"fei";" 5.805109e-02"
"   0";"   5";" 0.00";"  -3.592";"chomczyk";" 5.805109e-02"
"   0";"   5";" 0.00";"  -3.592";"adversarial";" 5.805109e-02"
"   0";"   5";" 0.00";"  -3.592";"vicepresidente";" 5.805109e-02"
"   0";"   5";" 0.00";"  -3.592";"terror";" 5.805109e-02"
"   0";"   5";" 0.00";"  -3.592";"senado";" 5.805109e-02"
"   0";"   5";" 0.00";"  -3.592";"metared";" 5.805109e-02"
"   0";"   5";" 0.00";"  -3.592";"lr";" 5.805109e-02"
"   0";"   5";" 0.00";"  -3.592";"lighting";" 5.805109e-02"
"   0";"   5";" 0.00";"  -3.592";"kitchin";" 5.805109e-02"
"   0";"   5";" 0.00";"  -3.592";"jobin";" 5.805109e-02"
"   0";"   5";" 0.00";"  -3.592";"guardia";" 5.805109e-02"
"   0";"   5";" 0.00";"  -3.592";"epi";" 5.805109e-02"
"   0";"   5";" 0.00";"  -3.592";"blush";" 5.805109e-02"
"   0";"   5";" 0.00";"  -3.592";"adeepra";" 5.805109e-02"
"  24";"  77";"31.17";"  -3.585";"realista";" 5.830406e-02"
"  31";"  96";"32.29";"  -3.577";"consignar";" 5.859471e-02"
"  46";" 136";"33.82";"  -3.569";"productivo";" 5.887887e-02"
"  40";" 120";"33.33";"  -3.547";"iii";" 5.966493e-02"
"  14";"  49";"28.57";"  -3.530";"ph";" 6.026228e-02"
"  23";"  74";"31.08";"  -3.502";"alucinación";" 6.128583e-02"
"  23";"  74";"31.08";"  -3.502";"respectar";" 6.128583e-02"
"   3";"  16";"18.75";"  -3.497";"anuies";" 6.148826e-02"
"   3";"  16";"18.75";"  -3.497";"pablo";" 6.148826e-02"
"   3";"  16";"18.75";"  -3.497";"goodfellow";" 6.148826e-02"
"   3";"  16";"18.75";"  -3.497";"plos";" 6.148826e-02"
"   3";"  16";"18.75";"  -3.497";"kahneman";" 6.148826e-02"
"   3";"  16";"18.75";"  -3.497";"disputa";" 6.148826e-02"
"   3";"  16";"18.75";"  -3.497";"mer";" 6.148826e-02"
"   3";"  16";"18.75";"  -3.497";"contaminación";" 6.148826e-02"
"   3";"  16";"18.75";"  -3.497";"cientes";" 6.148826e-02"
"   3";"  16";"18.75";"  -3.497";"sado";" 6.148826e-02"
"   3";"  16";"18.75";"  -3.497";"reducirse";" 6.148826e-02"
"   3";"  16";"18.75";"  -3.497";"reconstruir";" 6.148826e-02"
"   3";"  16";"18.75";"  -3.497";"legado";" 6.148826e-02"
"   3";"  16";"18.75";"  -3.497";"jerarquía";" 6.148826e-02"
"   3";"  16";"18.75";"  -3.497";"imáge";" 6.148826e-02"
"   3";"  16";"18.75";"  -3.497";"designar";" 6.148826e-02"
"   3";"  16";"18.75";"  -3.497";"denunciar";" 6.148826e-02"
"   1";"   9";"11.11";"  -3.486";"conference";" 6.189427e-02"
"   1";"   9";"11.11";"  -3.486";"rights";" 6.189427e-02"
"   1";"   9";"11.11";"  -3.486";"health";" 6.189427e-02"
"   1";"   9";"11.11";"  -3.486";"https";" 6.189427e-02"
"   1";"   9";"11.11";"  -3.486";"organization";" 6.189427e-02"
"   1";"   9";"11.11";"  -3.486";"main";" 6.189427e-02"
"   1";"   9";"11.11";"  -3.486";"forbes";" 6.189427e-02"
"   1";"   9";"11.11";"  -3.486";"allen";" 6.189427e-02"
"   1";"   9";"11.11";"  -3.486";"andrea";" 6.189427e-02"
"   1";"   9";"11.11";"  -3.486";"juárez";" 6.189427e-02"
"   1";"   9";"11.11";"  -3.486";"technologyreview";" 6.189427e-02"
"   1";"   9";"11.11";"  -3.486";"clarke";" 6.189427e-02"
"   1";"   9";"11.11";"  -3.486";"marta";" 6.189427e-02"
"   1";"   9";"11.11";"  -3.486";"logic";" 6.189427e-02"
"   1";"   9";"11.11";"  -3.486";"toronto";" 6.189427e-02"
"   1";"   9";"11.11";"  -3.486";"supervisor";" 6.189427e-02"
"   1";"   9";"11.11";"  -3.486";"albert";" 6.189427e-02"
"   1";"   9";"11.11";"  -3.486";"univpodcast";" 6.189427e-02"
"   1";"   9";"11.11";"  -3.486";"traje";" 6.189427e-02"
"   1";"   9";"11.11";"  -3.486";"nemorin";" 6.189427e-02"
"   1";"   9";"11.11";"  -3.486";"ife";" 6.189427e-02"
"   1";"   9";"11.11";"  -3.486";"hofer";" 6.189427e-02"
"   1";"   9";"11.11";"  -3.486";"demográficas";" 6.189427e-02"
"   1";"   9";"11.11";"  -3.486";"canto";" 6.189427e-02"
"   1";"   9";"11.11";"  -3.486";"lo2";" 6.189427e-02"
"   1";"   9";"11.11";"  -3.486";"hotel";" 6.189427e-02"
"   1";"   9";"11.11";"  -3.486";"clustering";" 6.189427e-02"
"   1";"   9";"11.11";"  -3.486";"tumor";" 6.189427e-02"
"   1";"   9";"11.11";"  -3.486";"margaret";" 6.189427e-02"
"   1";"   9";"11.11";"  -3.486";"infalible";" 6.189427e-02"
"   1";"   9";"11.11";"  -3.486";"dosis";" 6.189427e-02"
"   1";"   9";"11.11";"  -3.486";"cómics";" 6.189427e-02"
"   1";"   9";"11.11";"  -3.486";"antropoceno";" 6.189427e-02"
"   1";"   9";"11.11";"  -3.486";"2021c";" 6.189427e-02"
"   1";"   9";"11.11";"  -3.486";"transformarán";" 6.189427e-02"
"   1";"   9";"11.11";"  -3.486";"topar";" 6.189427e-02"
"   1";"   9";"11.11";"  -3.486";"tina";" 6.189427e-02"
"   1";"   9";"11.11";"  -3.486";"termostato";" 6.189427e-02"
"   1";"   9";"11.11";"  -3.486";"recopiló";" 6.189427e-02"
"   1";"   9";"11.11";"  -3.486";"pun";" 6.189427e-02"
"   1";"   9";"11.11";"  -3.486";"príncipe";" 6.189427e-02"
"   1";"   9";"11.11";"  -3.486";"persuadir";" 6.189427e-02"
"   1";"   9";"11.11";"  -3.486";"periférico";" 6.189427e-02"
"   1";"   9";"11.11";"  -3.486";"pala";" 6.189427e-02"
"   1";"   9";"11.11";"  -3.486";"nótese";" 6.189427e-02"
"   1";"   9";"11.11";"  -3.486";"nicos";" 6.189427e-02"
"   1";"   9";"11.11";"  -3.486";"metatecnologías";" 6.189427e-02"
"   1";"   9";"11.11";"  -3.486";"medellín";" 6.189427e-02"
"   1";"   9";"11.11";"  -3.486";"malicioso";" 6.189427e-02"
"   1";"   9";"11.11";"  -3.486";"legitimidad";" 6.189427e-02"
"   1";"   9";"11.11";"  -3.486";"intencionalmente";" 6.189427e-02"
"   1";"   9";"11.11";"  -3.486";"gpt3";" 6.189427e-02"
"   1";"   9";"11.11";"  -3.486";"golpe";" 6.189427e-02"
"   1";"   9";"11.11";"  -3.486";"genial";" 6.189427e-02"
"   1";"   9";"11.11";"  -3.486";"fisiológico";" 6.189427e-02"
"   1";"   9";"11.11";"  -3.486";"escrutinio";" 6.189427e-02"
"   1";"   9";"11.11";"  -3.486";"entrenarlos";" 6.189427e-02"
"   1";"   9";"11.11";"  -3.486";"enteramente";" 6.189427e-02"
"   1";"   9";"11.11";"  -3.486";"despejar";" 6.189427e-02"
"   1";"   9";"11.11";"  -3.486";"densidad";" 6.189427e-02"
"   1";"   9";"11.11";"  -3.486";"cultu";" 6.189427e-02"
"   1";"   9";"11.11";"  -3.486";"cronológico";" 6.189427e-02"
"   1";"   9";"11.11";"  -3.486";"contemporaneidad";" 6.189427e-02"
"   1";"   9";"11.11";"  -3.486";"codex";" 6.189427e-02"
"   1";"   9";"11.11";"  -3.486";"clasificadores";" 6.189427e-02"
"   1";"   9";"11.11";"  -3.486";"batería";" 6.189427e-02"
"   1";"   9";"11.11";"  -3.486";"atípico";" 6.189427e-02"
"   1";"   9";"11.11";"  -3.486";"arrastrar";" 6.189427e-02"
"   1";"   9";"11.11";"  -3.486";"argu";" 6.189427e-02"
"   1";"   9";"11.11";"  -3.486";"alzar";" 6.189427e-02"
"   1";"   9";"11.11";"  -3.486";"albedrío";" 6.189427e-02"
"   1";"   9";"11.11";"  -3.486";"aficionar";" 6.189427e-02"
"   1";"   9";"11.11";"  -3.486";"Organización de Consumidores y Usuarios. ";" 6.189427e-02"
" 154";" 413";"37.29";"  -3.485";"acceder";" 6.194081e-02"
" 143";" 385";"37.14";"  -3.459";"ies";" 6.289543e-02"
"  26";"  82";"31.71";"  -3.441";"generalmente";" 6.358723e-02"
"  50";" 146";"34.25";"  -3.436";"obligar";" 6.378030e-02"
" 213";" 561";"37.97";"  -3.423";"evitar";" 6.429153e-02"
"  12";"  43";"27.91";"  -3.416";"paisaje";" 6.454852e-02"
"  12";"  43";"27.91";"  -3.416";"mágico";" 6.454852e-02"
"  12";"  43";"27.91";"  -3.416";"fraude";" 6.454852e-02"
"  12";"  43";"27.91";"  -3.416";"convivir";" 6.454852e-02"
"  55";" 159";"34.59";"  -3.409";"generativas";" 6.482599e-02"
"  29";"  90";"32.22";"  -3.402";"impedir";" 6.511641e-02"
"  29";"  90";"32.22";"  -3.402";"despliegue";" 6.511641e-02"
"  11";"  40";"27.50";"  -3.367";"razonable";" 6.652188e-02"
"  11";"  40";"27.50";"  -3.367";"proveniente";" 6.652188e-02"
"  17";"  57";"29.82";"  -3.366";"borrador";" 6.655393e-02"
"  17";"  57";"29.82";"  -3.366";"prioritario";" 6.655393e-02"
"  17";"  57";"29.82";"  -3.366";"pistar";" 6.655393e-02"
"  17";"  57";"29.82";"  -3.366";"charla";" 6.655393e-02"
"   4";"  19";"21.05";"  -3.365";"development";" 6.661306e-02"
"   4";"  19";"21.05";"  -3.365";"practice";" 6.661306e-02"
"   4";"  19";"21.05";"  -3.365";"br";" 6.661306e-02"
"   4";"  19";"21.05";"  -3.365";"kaufman";" 6.661306e-02"
"   4";"  19";"21.05";"  -3.365";"mlaas";" 6.661306e-02"
"   4";"  19";"21.05";"  -3.365";"zoom";" 6.661306e-02"
"   4";"  19";"21.05";"  -3.365";"slidesai";" 6.661306e-02"
"   4";"  19";"21.05";"  -3.365";"moneda";" 6.661306e-02"
"   4";"  19";"21.05";"  -3.365";"metaverso";" 6.661306e-02"
"   4";"  19";"21.05";"  -3.365";"metacontextual";" 6.661306e-02"
"   4";"  19";"21.05";"  -3.365";"conse";" 6.661306e-02"
"   4";"  19";"21.05";"  -3.365";"intersectorial";" 6.661306e-02"
"   4";"  19";"21.05";"  -3.365";"adicción";" 6.661306e-02"
"   4";"  19";"21.05";"  -3.365";"solidaridad";" 6.661306e-02"
"   4";"  19";"21.05";"  -3.365";"predominio";" 6.661306e-02"
"   4";"  19";"21.05";"  -3.365";"haberse";" 6.661306e-02"
"  25";"  79";"31.65";"  -3.356";"em";" 6.696506e-02"
"  46";" 135";"34.07";"  -3.324";"luckin";" 6.829544e-02"
"  43";" 127";"33.86";"  -3.303";"ta";" 6.914602e-02"
"   5";"  22";"22.73";"  -3.293";"subsistema";" 6.959306e-02"
"   5";"  22";"22.73";"  -3.293";"investigadoras";" 6.959306e-02"
"   5";"  22";"22.73";"  -3.293";"amigable";" 6.959306e-02"
"   9";"  34";"26.47";"  -3.288";"león";" 6.977954e-02"
"   9";"  34";"26.47";"  -3.288";"sistémico";" 6.977954e-02"
"   9";"  34";"26.47";"  -3.288";"cultivo";" 6.977954e-02"
"1132";"2819";"40.16";"  -3.280";"chatgpt";" 7.012127e-02"
"  34";" 103";"33.01";"  -3.280";"post";" 7.010904e-02"
" 553";"1402";"39.44";"  -3.279";"valor";" 7.018584e-02"
"  56";" 161";"34.78";"  -3.272";"amenaza";" 7.048780e-02"
"   8";"  31";"25.81";"  -3.263";"bi";" 7.084951e-02"
"   8";"  31";"25.81";"  -3.263";"ro";" 7.084951e-02"
"   8";"  31";"25.81";"  -3.263";"extra";" 7.084951e-02"
"   8";"  31";"25.81";"  -3.263";"denominación";" 7.084951e-02"
"   8";"  31";"25.81";"  -3.263";"cado";" 7.084951e-02"
"   8";"  31";"25.81";"  -3.263";"inmediatamente";" 7.084951e-02"
"   8";"  31";"25.81";"  -3.263";"encaminar";" 7.084951e-02"
"   8";"  31";"25.81";"  -3.263";"efectuar";" 7.084951e-02"
"   6";"  25";"24.00";"  -3.259";"ros";" 7.102500e-02"
"   6";"  25";"24.00";"  -3.259";"suecia";" 7.102500e-02"
"   6";"  25";"24.00";"  -3.259";"prudencia";" 7.102500e-02"
"   7";"  28";"25.00";"  -3.252";"anotación";" 7.134007e-02"
"  15";"  51";"29.41";"  -3.223";"gen";" 7.263052e-02"
"  30";"  92";"32.61";"  -3.203";"clásico";" 7.350805e-02"
"  30";"  92";"32.61";"  -3.203";"acto";" 7.350805e-02"
"  30";"  92";"32.61";"  -3.203";"paralelo";" 7.350805e-02"
"  33";" 100";"33.00";"  -3.192";"lineal";" 7.400747e-02"
"  26";"  81";"32.10";"  -3.141";"estereotipos";" 7.635494e-02"
" 180";" 476";"37.82";"  -3.137";"consecuencia";" 7.655279e-02"
"  74";" 207";"35.75";"  -3.131";"promoción";" 7.683371e-02"
"   2";"  12";"16.67";"  -3.118";"digcomp";" 7.744226e-02"
"   2";"  12";"16.67";"  -3.118";"puga";" 7.744226e-02"
"   2";"  12";"16.67";"  -3.118";"rev";" 7.744226e-02"
"   2";"  12";"16.67";"  -3.118";"pixel";" 7.744226e-02"
"   2";"  12";"16.67";"  -3.118";"mina";" 7.744226e-02"
"   2";"  12";"16.67";"  -3.118";"aifindy";" 7.744226e-02"
"   2";"  12";"16.67";"  -3.118";"líquido";" 7.744226e-02"
"   2";"  12";"16.67";"  -3.118";"andalucía";" 7.744226e-02"
"   2";"  12";"16.67";"  -3.118";"marte";" 7.744226e-02"
"   2";"  12";"16.67";"  -3.118";"comilla";" 7.744226e-02"
"   2";"  12";"16.67";"  -3.118";"súper";" 7.744226e-02"
"   2";"  12";"16.67";"  -3.118";"saltar";" 7.744226e-02"
"   2";"  12";"16.67";"  -3.118";"converso";" 7.744226e-02"
"   2";"  12";"16.67";"  -3.118";"confirmación";" 7.744226e-02"
"   2";"  12";"16.67";"  -3.118";"celonis";" 7.744226e-02"
"   2";"  12";"16.67";"  -3.118";"ación";" 7.744226e-02"
"   2";"  12";"16.67";"  -3.118";"votación";" 7.744226e-02"
"   2";"  12";"16.67";"  -3.118";"revertir";" 7.744226e-02"
"   2";"  12";"16.67";"  -3.118";"reutilizar";" 7.744226e-02"
"   2";"  12";"16.67";"  -3.118";"responsabilizar";" 7.744226e-02"
"   2";"  12";"16.67";"  -3.118";"regreso";" 7.744226e-02"
"   2";"  12";"16.67";"  -3.118";"predecible";" 7.744226e-02"
"   2";"  12";"16.67";"  -3.118";"posgrados";" 7.744226e-02"
"   2";"  12";"16.67";"  -3.118";"pectiva";" 7.744226e-02"
"   2";"  12";"16.67";"  -3.118";"observador";" 7.744226e-02"
"   2";"  12";"16.67";"  -3.118";"moderador";" 7.744226e-02"
"   2";"  12";"16.67";"  -3.118";"marginal";" 7.744226e-02"
"   2";"  12";"16.67";"  -3.118";"incógnito";" 7.744226e-02"
"   2";"  12";"16.67";"  -3.118";"finan";" 7.744226e-02"
"   2";"  12";"16.67";"  -3.118";"erróneamente";" 7.744226e-02"
"   2";"  12";"16.67";"  -3.118";"encriptación";" 7.744226e-02"
"   2";"  12";"16.67";"  -3.118";"dudar";" 7.744226e-02"
"   2";"  12";"16.67";"  -3.118";"desbloquear";" 7.744226e-02"
"   2";"  12";"16.67";"  -3.118";"cier";" 7.744226e-02"
"   2";"  12";"16.67";"  -3.118";"calibrar";" 7.744226e-02"
"   2";"  12";"16.67";"  -3.118";"bucle";" 7.744226e-02"
"   2";"  12";"16.67";"  -3.118";"armonía";" 7.744226e-02"
"   2";"  12";"16.67";"  -3.118";"anular";" 7.744226e-02"
"  38";" 113";"33.63";"  -3.111";"actuación";" 7.776604e-02"
"  18";"  59";"30.51";"  -3.098";"cerrado";" 7.839723e-02"
"  13";"  45";"28.89";"  -3.088";"corte";" 7.886479e-02"
"  80";" 222";"36.04";"  -3.047";"mental";" 8.087473e-02"
"  40";" 118";"33.90";"  -3.038";"extenso";" 8.134216e-02"
"  68";" 191";"35.60";"  -3.030";"distinguir";" 8.175782e-02"
"  12";"  42";"28.57";"  -3.026";"ron";" 8.196221e-02"
"  12";"  42";"28.57";"  -3.026";"algorítmicas";" 8.196221e-02"
"  17";"  56";"30.36";"  -3.019";"realismo";" 8.226991e-02"
"3860";"9418";"40.99";"  -2.990";"más";" 8.377738e-02"
"  55";" 157";"35.03";"  -2.968";"comprobar";" 8.493888e-02"
"  11";"  39";"28.21";"  -2.967";"cft";" 8.497971e-02"
" 171";" 452";"37.83";"  -2.953";"software";" 8.574110e-02"
"  39";" 115";"33.91";"  -2.949";"aclarar";" 8.590423e-02"
"   3";"  15";"20.00";"  -2.932";"about";" 8.682023e-02"
"   3";"  15";"20.00";"  -2.932";"arxiv";" 8.682023e-02"
"   3";"  15";"20.00";"  -2.932";"policy";" 8.682023e-02"
"   3";"  15";"20.00";"  -2.932";"best";" 8.682023e-02"
"   3";"  15";"20.00";"  -2.932";"lic";" 8.682023e-02"
"   3";"  15";"20.00";"  -2.932";"ambición";" 8.682023e-02"
"   3";"  15";"20.00";"  -2.932";"stephen";" 8.682023e-02"
"   3";"  15";"20.00";"  -2.932";"solar";" 8.682023e-02"
"   3";"  15";"20.00";"  -2.932";"sap";" 8.682023e-02"
"   3";"  15";"20.00";"  -2.932";"crm";" 8.682023e-02"
"   3";"  15";"20.00";"  -2.932";"rouhiainen";" 8.682023e-02"
"   3";"  15";"20.00";"  -2.932";"sintaxis";" 8.682023e-02"
"   3";"  15";"20.00";"  -2.932";"repaso";" 8.682023e-02"
"   3";"  15";"20.00";"  -2.932";"editoras";" 8.682023e-02"
"   3";"  15";"20.00";"  -2.932";"predecibles";" 8.682023e-02"
"   3";"  15";"20.00";"  -2.932";"encrucijada";" 8.682023e-02"
"   3";"  15";"20.00";"  -2.932";"cooperar";" 8.682023e-02"
"   3";"  15";"20.00";"  -2.932";"monetario";" 8.682023e-02"
"   3";"  15";"20.00";"  -2.932";"indirectamente";" 8.682023e-02"
"   3";"  15";"20.00";"  -2.932";"físicamente";" 8.682023e-02"
"   3";"  15";"20.00";"  -2.932";"encerrar";" 8.682023e-02"
"   3";"  15";"20.00";"  -2.932";"ejercitar";" 8.682023e-02"
"   3";"  15";"20.00";"  -2.932";"denotar";" 8.682023e-02"
"   3";"  15";"20.00";"  -2.932";"deberse";" 8.682023e-02"
"   3";"  15";"20.00";"  -2.932";"cronograma";" 8.682023e-02"
"   3";"  15";"20.00";"  -2.932";"anticipación";" 8.682023e-02"
"  10";"  36";"27.78";"  -2.913";"scratch";" 8.784353e-02"
"  10";"  36";"27.78";"  -2.913";"fallo";" 8.784353e-02"
"  10";"  36";"27.78";"  -2.913";"mayoritario";" 8.784353e-02"
"  10";"  36";"27.78";"  -2.913";"inscribir";" 8.784353e-02"
"  10";"  36";"27.78";"  -2.913";"fascinante";" 8.784353e-02"
"  49";" 141";"34.75";"  -2.890";"encuestar";" 8.915092e-02"
"   0";"   4";" 0.00";"  -2.874";"retrieved";" 9.003616e-02"
"   0";"   4";" 0.00";"  -2.874";"into";" 9.003616e-02"
"   0";"   4";" 0.00";"  -2.874";"writing";" 9.003616e-02"
"   0";"   4";" 0.00";"  -2.874";"our";" 9.003616e-02"
"   0";"   4";" 0.00";"  -2.874";"where";" 9.003616e-02"
"   0";"   4";" 0.00";"  -2.874";"applications";" 9.003616e-02"
"   0";"   4";" 0.00";"  -2.874";"help";" 9.003616e-02"
"   0";"   4";" 0.00";"  -2.874";"sustainable";" 9.003616e-02"
"   0";"   4";" 0.00";"  -2.874";"mobile";" 9.003616e-02"
"   0";"   4";" 0.00";"  -2.874";"trends";" 9.003616e-02"
"   0";"   4";" 0.00";"  -2.874";"safety";" 9.003616e-02"
"   0";"   4";" 0.00";"  -2.874";"question";" 9.003616e-02"
"   0";"   4";" 0.00";"  -2.874";"journalism";" 9.003616e-02"
"   0";"   4";" 0.00";"  -2.874";"focus";" 9.003616e-02"
"   0";"   4";" 0.00";"  -2.874";"means";" 9.003616e-02"
"   0";"   4";" 0.00";"  -2.874";"effect";" 9.003616e-02"
"   0";"   4";" 0.00";"  -2.874";"just";" 9.003616e-02"
"   0";"   4";" 0.00";"  -2.874";"humanities";" 9.003616e-02"
"   0";"   4";" 0.00";"  -2.874";"british";" 9.003616e-02"
"   0";"   4";" 0.00";"  -2.874";"population";" 9.003616e-02"
"   0";"   4";" 0.00";"  -2.874";"topic";" 9.003616e-02"
"   0";"   4";" 0.00";"  -2.874";"dic";" 9.003616e-02"
"   0";"   4";" 0.00";"  -2.874";"responses";" 9.003616e-02"
"   0";"   4";" 0.00";"  -2.874";"lead";" 9.003616e-02"
"   0";"   4";" 0.00";"  -2.874";"box";" 9.003616e-02"
"   0";"   4";" 0.00";"  -2.874";"alejandra";" 9.003616e-02"
"   0";"   4";" 0.00";"  -2.874";"person";" 9.003616e-02"
"   0";"   4";" 0.00";"  -2.874";"much";" 9.003616e-02"
"   0";"   4";" 0.00";"  -2.874";"story";" 9.003616e-02"
"   0";"   4";" 0.00";"  -2.874";"fairness";" 9.003616e-02"
"   0";"   4";" 0.00";"  -2.874";"weforum";" 9.003616e-02"
"   0";"   4";" 0.00";"  -2.874";"very";" 9.003616e-02"
"   0";"   4";" 0.00";"  -2.874";"care";" 9.003616e-02"
"   0";"   4";" 0.00";"  -2.874";"latin";" 9.003616e-02"
"   0";"   4";" 0.00";"  -2.874";"dynamic";" 9.003616e-02"
"   0";"   4";" 0.00";"  -2.874";"palau";" 9.003616e-02"
"   0";"   4";" 0.00";"  -2.874";"democracy";" 9.003616e-02"
"   0";"   4";" 0.00";"  -2.874";"ideogram";" 9.003616e-02"
"   0";"   4";" 0.00";"  -2.874";"gustavo";" 9.003616e-02"
"   0";"   4";" 0.00";"  -2.874";"filter";" 9.003616e-02"
"   0";"   4";" 0.00";"  -2.874";"call";" 9.003616e-02"
"   0";"   4";" 0.00";"  -2.874";"hard";" 9.003616e-02"
"   0";"   4";" 0.00";"  -2.874";"goldman sachs";" 9.003616e-02"
"   0";"   4";" 0.00";"  -2.874";"pages";" 9.003616e-02"
"   0";"   4";" 0.00";"  -2.874";"grant";" 9.003616e-02"
"   0";"   4";" 0.00";"  -2.874";"gl";" 9.003616e-02"
"   0";"   4";" 0.00";"  -2.874";"alemany";" 9.003616e-02"
"   0";"   4";" 0.00";"  -2.874";"small";" 9.003616e-02"
"   0";"   4";" 0.00";"  -2.874";"florencia";" 9.003616e-02"
"   0";"   4";" 0.00";"  -2.874";"download";" 9.003616e-02"
"   0";"   4";" 0.00";"  -2.874";"childhood";" 9.003616e-02"
"   0";"   4";" 0.00";"  -2.874";"yes";" 9.003616e-02"
"   0";"   4";" 0.00";"  -2.874";"pictures";" 9.003616e-02"
"   0";"   4";" 0.00";"  -2.874";"permit";" 9.003616e-02"
"   0";"   4";" 0.00";"  -2.874";"pedrero";" 9.003616e-02"
"   0";"   4";" 0.00";"  -2.874";"gerencia";" 9.003616e-02"
"   0";"   4";" 0.00";"  -2.874";"faz";" 9.003616e-02"
"   0";"   4";" 0.00";"  -2.874";"dataethics";" 9.003616e-02"
"   0";"   4";" 0.00";"  -2.874";"bubble";" 9.003616e-02"
"   0";"   4";" 0.00";"  -2.874";"anísio";" 9.003616e-02"
"   0";"   4";" 0.00";"  -2.874";"old";" 9.003616e-02"
"   0";"   4";" 0.00";"  -2.874";"isei";" 9.003616e-02"
"   0";"   4";" 0.00";"  -2.874";"colás";" 9.003616e-02"
"   0";"   4";" 0.00";"  -2.874";"b3n";" 9.003616e-02"
"   0";"   4";" 0.00";"  -2.874";"zuboff";" 9.003616e-02"
"   0";"   4";" 0.00";"  -2.874";"www3";" 9.003616e-02"
"   0";"   4";" 0.00";"  -2.874";"venezuela";" 9.003616e-02"
"   0";"   4";" 0.00";"  -2.874";"santillana";" 9.003616e-02"
"   0";"   4";" 0.00";"  -2.874";"roberts";" 9.003616e-02"
"   0";"   4";" 0.00";"  -2.874";"osf";" 9.003616e-02"
"   0";"   4";" 0.00";"  -2.874";"jacques";" 9.003616e-02"
"   0";"   4";" 0.00";"  -2.874";"guillermo";" 9.003616e-02"
"   0";"   4";" 0.00";"  -2.874";"deloitte";" 9.003616e-02"
"   0";"   4";" 0.00";"  -2.874";"cipr";" 9.003616e-02"
"   0";"   4";" 0.00";"  -2.874";"boyd";" 9.003616e-02"
"   0";"   4";" 0.00";"  -2.874";"24486167e";" 9.003616e-02"
"   0";"   4";" 0.00";"  -2.874";"umsnh";" 9.003616e-02"
"   0";"   4";" 0.00";"  -2.874";"taurus";" 9.003616e-02"
"   0";"   4";" 0.00";"  -2.874";"site";" 9.003616e-02"
"   0";"   4";" 0.00";"  -2.874";"semanticscholar";" 9.003616e-02"
"   0";"   4";" 0.00";"  -2.874";"random";" 9.003616e-02"
"   0";"   4";" 0.00";"  -2.874";"naer";" 9.003616e-02"
"   0";"   4";" 0.00";"  -2.874";"moher";" 9.003616e-02"
"   0";"   4";" 0.00";"  -2.874";"mg";" 9.003616e-02"
"   0";"   4";" 0.00";"  -2.874";"mello";" 9.003616e-02"
"   0";"   4";" 0.00";"  -2.874";"mec";" 9.003616e-02"
"   0";"   4";" 0.00";"  -2.874";"macmillan";" 9.003616e-02"
"   0";"   4";" 0.00";"  -2.874";"lynch";" 9.003616e-02"
"   0";"   4";" 0.00";"  -2.874";"karina";" 9.003616e-02"
"   0";"   4";" 0.00";"  -2.874";"encuestapod";" 9.003616e-02"
"   0";"   4";" 0.00";"  -2.874";"details";" 9.003616e-02"
"   0";"   4";" 0.00";"  -2.874";"corporation";" 9.003616e-02"
"   0";"   4";" 0.00";"  -2.874";"bullshit";" 9.003616e-02"
"   0";"   4";" 0.00";"  -2.874";"aprendizado";" 9.003616e-02"
"  15";"  50";"30.00";"  -2.867";"reproducción";" 9.043851e-02"
"   9";"  33";"27.27";"  -2.866";"mapeo";" 9.045196e-02"
"   9";"  33";"27.27";"  -2.866";"acreditar";" 9.045196e-02"
"   9";"  33";"27.27";"  -2.866";"manifestación";" 9.045196e-02"
"   9";"  33";"27.27";"  -2.866";"magnitud";" 9.045196e-02"
"   9";"  33";"27.27";"  -2.866";"deliberar";" 9.045196e-02"
"  19";"  61";"31.15";"  -2.851";"demostración";" 9.132790e-02"
"   4";"  18";"22.22";"  -2.838";"computing";" 9.204156e-02"
"   4";"  18";"22.22";"  -2.838";"são";" 9.204156e-02"
"   4";"  18";"22.22";"  -2.838";"office";" 9.204156e-02"
"   4";"  18";"22.22";"  -2.838";"trimestre";" 9.204156e-02"
"   4";"  18";"22.22";"  -2.838";"mani";" 9.204156e-02"
"   4";"  18";"22.22";"  -2.838";"alfa";" 9.204156e-02"
"   4";"  18";"22.22";"  -2.838";"tridimensional";" 9.204156e-02"
"   4";"  18";"22.22";"  -2.838";"sistemáticamente";" 9.204156e-02"
"   4";"  18";"22.22";"  -2.838";"paradoja";" 9.204156e-02"
"   4";"  18";"22.22";"  -2.838";"ordinario";" 9.204156e-02"
"   4";"  18";"22.22";"  -2.838";"fino";" 9.204156e-02"
"   4";"  18";"22.22";"  -2.838";"alojar";" 9.204156e-02"
"   8";"  30";"26.67";"  -2.827";"sospechar";" 9.266369e-02"
"   8";"  30";"26.67";"  -2.827";"titulado";" 9.266369e-02"
"   8";"  30";"26.67";"  -2.827";"memorizar";" 9.266369e-02"
"   8";"  30";"26.67";"  -2.827";"especializar";" 9.266369e-02"
"   8";"  30";"26.67";"  -2.827";"drástico";" 9.266369e-02"
" 104";" 282";"36.88";"  -2.824";"ecosistema";" 9.285071e-02"
"   1";"   8";"12.50";"  -2.824";"using";" 9.283802e-02"
"   1";"   8";"12.50";"  -2.824";"time";" 9.283802e-02"
"   1";"   8";"12.50";"  -2.824";"mathematics";" 9.283802e-02"
"   1";"   8";"12.50";"  -2.824";"government";" 9.283802e-02"
"   1";"   8";"12.50";"  -2.824";"guardian";" 9.283802e-02"
"   1";"   8";"12.50";"  -2.824";"action";" 9.283802e-02"
"   1";"   8";"12.50";"  -2.824";"luciana";" 9.283802e-02"
"   1";"   8";"12.50";"  -2.824";"vicario";" 9.283802e-02"
"   1";"   8";"12.50";"  -2.824";"palma";" 9.283802e-02"
"   1";"   8";"12.50";"  -2.824";"ford";" 9.283802e-02"
"   1";"   8";"12.50";"  -2.824";"donar";" 9.283802e-02"
"   1";"   8";"12.50";"  -2.824";"conde";" 9.283802e-02"
"   1";"   8";"12.50";"  -2.824";"stefania";" 9.283802e-02"
"   1";"   8";"12.50";"  -2.824";"playing";" 9.283802e-02"
"   1";"   8";"12.50";"  -2.824";"nigeria";" 9.283802e-02"
"   1";"   8";"12.50";"  -2.824";"pierre";" 9.283802e-02"
"   1";"   8";"12.50";"  -2.824";"xvi";" 9.283802e-02"
"   1";"   8";"12.50";"  -2.824";"soledad";" 9.283802e-02"
"   1";"   8";"12.50";"  -2.824";"writer";" 9.283802e-02"
"   1";"   8";"12.50";"  -2.824";"bélgica";" 9.283802e-02"
"   1";"   8";"12.50";"  -2.824";"java";" 9.283802e-02"
"   1";"   8";"12.50";"  -2.824";"feminista";" 9.283802e-02"
"   1";"   8";"12.50";"  -2.824";"tip";" 9.283802e-02"
"   1";"   8";"12.50";"  -2.824";"sternberg";" 9.283802e-02"
"   1";"   8";"12.50";"  -2.824";"regalar";" 9.283802e-02"
"   1";"   8";"12.50";"  -2.824";"pedido";" 9.283802e-02"
"   1";"   8";"12.50";"  -2.824";"jo";" 9.283802e-02"
"   1";"   8";"12.50";"  -2.824";"elpais";" 9.283802e-02"
"   1";"   8";"12.50";"  -2.824";"dam";" 9.283802e-02"
"   1";"   8";"12.50";"  -2.824";"cts";" 9.283802e-02"
"   1";"   8";"12.50";"  -2.824";"banco bilbao vizcaya argentaria";" 9.283802e-02"
"   1";"   8";"12.50";"  -2.824";"3b";" 9.283802e-02"
"   1";"   8";"12.50";"  -2.824";"tapa";" 9.283802e-02"
"   1";"   8";"12.50";"  -2.824";"recurrencia";" 9.283802e-02"
"   1";"   8";"12.50";"  -2.824";"prince";" 9.283802e-02"
"   1";"   8";"12.50";"  -2.824";"pluma";" 9.283802e-02"
"   1";"   8";"12.50";"  -2.824";"playgroundai";" 9.283802e-02"
"   1";"   8";"12.50";"  -2.824";"ott";" 9.283802e-02"
"   1";"   8";"12.50";"  -2.824";"orador";" 9.283802e-02"
"   1";"   8";"12.50";"  -2.824";"ll";" 9.283802e-02"
"   1";"   8";"12.50";"  -2.824";"futurista";" 9.283802e-02"
"   1";"   8";"12.50";"  -2.824";"fitness";" 9.283802e-02"
"   1";"   8";"12.50";"  -2.824";"falacias";" 9.283802e-02"
"   1";"   8";"12.50";"  -2.824";"enigmas";" 9.283802e-02"
"   1";"   8";"12.50";"  -2.824";"edimburgo";" 9.283802e-02"
"   1";"   8";"12.50";"  -2.824";"coma";" 9.283802e-02"
"   1";"   8";"12.50";"  -2.824";"codi";" 9.283802e-02"
"   1";"   8";"12.50";"  -2.824";"acotados";" 9.283802e-02"
"  43";" 125";"34.40";"  -2.823";"consumidor";" 9.292367e-02"
"  84";" 231";"36.36";"  -2.821";"marcar";" 9.302157e-02"
"   7";"  27";"25.93";"  -2.800";"andar";" 9.428040e-02"
"   7";"  27";"25.93";"  -2.800";"ciego";" 9.428040e-02"
" 996";"2479";"40.18";"  -2.797";"parte";" 9.445463e-02"
"   5";"  21";"23.81";"  -2.796";"uned";" 9.447402e-02"
"   5";"  21";"23.81";"  -2.796";"ala";" 9.447402e-02"
"   5";"  21";"23.81";"  -2.796";"novedosa";" 9.447402e-02"
"   5";"  21";"23.81";"  -2.796";"geométrico";" 9.447402e-02"
"   5";"  21";"23.81";"  -2.796";"escalado";" 9.447402e-02"
"   5";"  21";"23.81";"  -2.796";"docu";" 9.447402e-02"
"  14";"  47";"29.79";"  -2.792";"cruzar";" 9.470991e-02"
"  14";"  47";"29.79";"  -2.792";"extraordinario";" 9.470991e-02"
"   6";"  24";"25.00";"  -2.787";"files";" 9.501988e-02"
"   6";"  24";"25.00";"  -2.787";"moreno";" 9.501988e-02"
"   6";"  24";"25.00";"  -2.787";"pontificia";" 9.501988e-02"
"   6";"  24";"25.00";"  -2.787";"solidez";" 9.501988e-02"
"   6";"  24";"25.00";"  -2.787";"ponderar";" 9.501988e-02"
"   6";"  24";"25.00";"  -2.787";"dañino";" 9.501988e-02"
"   6";"  24";"25.00";"  -2.787";"culminar";" 9.501988e-02"
"  60";" 169";"35.50";"  -2.766";"independiente";" 9.627610e-02"
"  50";" 143";"34.97";"  -2.756";"coincidir";" 9.687896e-02"
"  13";"  44";"29.55";"  -2.720";"notar";" 9.907788e-02"
"  13";"  44";"29.55";"  -2.720";"detener";" 9.907788e-02"
"  13";"  44";"29.55";"  -2.720";"intenso";" 9.907788e-02"
"  13";"  44";"29.55";"  -2.720";"ajeno";" 9.907788e-02"
" 225";" 585";"38.46";"  -2.711";"estructura";" 9.964008e-02"
" 207";" 540";"38.33";"  -2.697";"prompts";" 1.005611e-01"
"  12";"  41";"29.27";"  -2.651";"reforma";" 1.035082e-01"
" 194";" 507";"38.26";"  -2.632";"preocupación";" 1.047099e-01"
"  63";" 176";"35.80";"  -2.620";"facultad";" 1.055351e-01"
"  63";" 176";"35.80";"  -2.620";"departamento";" 1.055351e-01"
"  43";" 124";"34.68";"  -2.594";"operar";" 1.072356e-01"
" 252";" 651";"38.71";"  -2.588";"esperar";" 1.076471e-01"
" 277";" 713";"38.85";"  -2.586";"característica";" 1.078028e-01"
"  11";"  38";"28.95";"  -2.584";"formulario";" 1.079513e-01"
"  11";"  38";"28.95";"  -2.584";"super";" 1.079513e-01"
"  11";"  38";"28.95";"  -2.584";"impresionante";" 1.079513e-01"
"  26";"  79";"32.91";"  -2.572";"coste";" 1.087836e-01"
"  26";"  79";"32.91";"  -2.572";"emergencia";" 1.087836e-01"
"  19";"  60";"31.67";"  -2.538";"riqueza";" 1.111674e-01"
"  15";"  49";"30.61";"  -2.525";"núcleo";" 1.120280e-01"
"  15";"  49";"30.61";"  -2.525";"cuidar";" 1.120280e-01"
"   2";"  11";"18.18";"  -2.524";"javier";" 1.121392e-01"
"   2";"  11";"18.18";"  -2.524";"mendoza";" 1.121392e-01"
"   2";"  11";"18.18";"  -2.524";"bbc";" 1.121392e-01"
"   2";"  11";"18.18";"  -2.524";"shot";" 1.121392e-01"
"   2";"  11";"18.18";"  -2.524";"luna";" 1.121392e-01"
"   2";"  11";"18.18";"  -2.524";"mayer";" 1.121392e-01"
"   2";"  11";"18.18";"  -2.524";"house";" 1.121392e-01"
"   2";"  11";"18.18";"  -2.524";"sayad";" 1.121392e-01"
"   2";"  11";"18.18";"  -2.524";"marcus";" 1.121392e-01"
"   2";"  11";"18.18";"  -2.524";"ahmed";" 1.121392e-01"
"   2";"  11";"18.18";"  -2.524";"inge";" 1.121392e-01"
"   2";"  11";"18.18";"  -2.524";"nor";" 1.121392e-01"
"   2";"  11";"18.18";"  -2.524";"mini";" 1.121392e-01"
"   2";"  11";"18.18";"  -2.524";"invadir";" 1.121392e-01"
"   2";"  11";"18.18";"  -2.524";"expediente regulacion empleo";" 1.121392e-01"
"   2";"  11";"18.18";"  -2.524";"trucar";" 1.121392e-01"
"   2";"  11";"18.18";"  -2.524";"tarricone";" 1.121392e-01"
"   2";"  11";"18.18";"  -2.524";"reconoci";" 1.121392e-01"
"   2";"  11";"18.18";"  -2.524";"normar";" 1.121392e-01"
"   2";"  11";"18.18";"  -2.524";"milenio";" 1.121392e-01"
"   2";"  11";"18.18";"  -2.524";"innecesarias";" 1.121392e-01"
"   2";"  11";"18.18";"  -2.524";"fragilidad";" 1.121392e-01"
"   2";"  11";"18.18";"  -2.524";"comercializar";" 1.121392e-01"
"   2";"  11";"18.18";"  -2.524";"ud";" 1.121392e-01"
"   2";"  11";"18.18";"  -2.524";"testear";" 1.121392e-01"
"   2";"  11";"18.18";"  -2.524";"seguidamente";" 1.121392e-01"
"   2";"  11";"18.18";"  -2.524";"perpetuación";" 1.121392e-01"
"   2";"  11";"18.18";"  -2.524";"organizativas";" 1.121392e-01"
"   2";"  11";"18.18";"  -2.524";"oralidad";" 1.121392e-01"
"   2";"  11";"18.18";"  -2.524";"noveno";" 1.121392e-01"
"   2";"  11";"18.18";"  -2.524";"involucramiento";" 1.121392e-01"
"   2";"  11";"18.18";"  -2.524";"interrumpir";" 1.121392e-01"
"   2";"  11";"18.18";"  -2.524";"ineficaz";" 1.121392e-01"
"   2";"  11";"18.18";"  -2.524";"huir";" 1.121392e-01"
"   2";"  11";"18.18";"  -2.524";"extrapolar";" 1.121392e-01"
"   2";"  11";"18.18";"  -2.524";"establecerse";" 1.121392e-01"
"   2";"  11";"18.18";"  -2.524";"epistémicos";" 1.121392e-01"
"   2";"  11";"18.18";"  -2.524";"detenerse";" 1.121392e-01"
"   2";"  11";"18.18";"  -2.524";"condensar";" 1.121392e-01"
"   2";"  11";"18.18";"  -2.524";"concordar";" 1.121392e-01"
"   2";"  11";"18.18";"  -2.524";"computar";" 1.121392e-01"
"   2";"  11";"18.18";"  -2.524";"colar";" 1.121392e-01"
"   2";"  11";"18.18";"  -2.524";"clasificarse";" 1.121392e-01"
"   2";"  11";"18.18";"  -2.524";"bulos";" 1.121392e-01"
"   2";"  11";"18.18";"  -2.524";"autorías";" 1.121392e-01"
"   2";"  11";"18.18";"  -2.524";"antemano";" 1.121392e-01"
"  10";"  35";"28.57";"  -2.521";"datificación";" 1.123353e-01"
"  10";"  35";"28.57";"  -2.521";"controversia";" 1.123353e-01"
"  10";"  35";"28.57";"  -2.521";"acostumbrar";" 1.123353e-01"
"  34";" 100";"34.00";"  -2.508";"dis";" 1.132646e-01"
"  93";" 252";"36.90";"  -2.497";"consistir";" 1.140717e-01"
"  25";"  76";"32.89";"  -2.483";"algorítmico";" 1.150596e-01"
"   9";"  32";"28.12";"  -2.463";"singapur";" 1.165567e-01"
"   9";"  32";"28.12";"  -2.463";"sucesivo";" 1.165567e-01"
"  18";"  57";"31.58";"  -2.452";"panel";" 1.173407e-01"
"   8";"  29";"27.59";"  -2.411";"demográficos";" 1.204655e-01"
"   8";"  29";"27.59";"  -2.411";"luchar";" 1.204655e-01"
"   3";"  14";"21.43";"  -2.390";"project";" 1.221145e-01"
"   3";"  14";"21.43";"  -2.390";"input";" 1.221145e-01"
"   3";"  14";"21.43";"  -2.390";"paola";" 1.221145e-01"
"   3";"  14";"21.43";"  -2.390";"stuart";" 1.221145e-01"
"   3";"  14";"21.43";"  -2.390";"moore";" 1.221145e-01"
"   3";"  14";"21.43";"  -2.390";"extremadura";" 1.221145e-01"
"   3";"  14";"21.43";"  -2.390";"storytelling";" 1.221145e-01"
"   3";"  14";"21.43";"  -2.390";"trucos";" 1.221145e-01"
"   3";"  14";"21.43";"  -2.390";"tipologías";" 1.221145e-01"
"   3";"  14";"21.43";"  -2.390";"presionar";" 1.221145e-01"
"   3";"  14";"21.43";"  -2.390";"incubadoras";" 1.221145e-01"
"   3";"  14";"21.43";"  -2.390";"ignorancia";" 1.221145e-01"
"   3";"  14";"21.43";"  -2.390";"gar";" 1.221145e-01"
"   3";"  14";"21.43";"  -2.390";"rompecabezas";" 1.221145e-01"
"   3";"  14";"21.43";"  -2.390";"feria";" 1.221145e-01"
"   3";"  14";"21.43";"  -2.390";"difícilmente";" 1.221145e-01"
"   3";"  14";"21.43";"  -2.390";"depositar";" 1.221145e-01"
"   3";"  14";"21.43";"  -2.390";"debidamente";" 1.221145e-01"
"   3";"  14";"21.43";"  -2.390";"canti";" 1.221145e-01"
"   3";"  14";"21.43";"  -2.390";"aunar";" 1.221145e-01"
"  13";"  43";"30.23";"  -2.369";"iberoamericano";" 1.237787e-01"
"  13";"  43";"30.23";"  -2.369";"literal";" 1.237787e-01"
"  13";"  43";"30.23";"  -2.369";"tir";" 1.237787e-01"
"  13";"  43";"30.23";"  -2.369";"programadores";" 1.237787e-01"
"   7";"  26";"26.92";"  -2.368";"future";" 1.238416e-01"
"   7";"  26";"26.92";"  -2.368";"optimista";" 1.238416e-01"
"   7";"  26";"26.92";"  -2.368";"aleatorio";" 1.238416e-01"
"   7";"  26";"26.92";"  -2.368";"sesgado";" 1.238416e-01"
"   7";"  26";"26.92";"  -2.368";"interrogar";" 1.238416e-01"
"   7";"  26";"26.92";"  -2.368";"implementando";" 1.238416e-01"
"   6";"  23";"26.09";"  -2.337";"carlos";" 1.263568e-01"
"   6";"  23";"26.09";"  -2.337";"foundation";" 1.263568e-01"
"   6";"  23";"26.09";"  -2.337";"pearson";" 1.263568e-01"
"   6";"  23";"26.09";"  -2.337";"unificar";" 1.263568e-01"
"   6";"  23";"26.09";"  -2.337";"pender";" 1.263568e-01"
"   4";"  17";"23.53";"  -2.335";"ibid";" 1.265214e-01"
"   4";"  17";"23.53";"  -2.335";"mariona";" 1.265214e-01"
"   4";"  17";"23.53";"  -2.335";"sar";" 1.265214e-01"
"   4";"  17";"23.53";"  -2.335";"neurociencias";" 1.265214e-01"
"   4";"  17";"23.53";"  -2.335";"restante";" 1.265214e-01"
"   4";"  17";"23.53";"  -2.335";"ortográfico";" 1.265214e-01"
"   4";"  17";"23.53";"  -2.335";"empatizar";" 1.265214e-01"
"  45";" 128";"35.16";"  -2.331";"cuidado";" 1.268520e-01"
"   5";"  20";"25.00";"  -2.323";"tools";" 1.275113e-01"
"   5";"  20";"25.00";"  -2.323";"educ";" 1.275113e-01"
"   5";"  20";"25.00";"  -2.323";"dykinson";" 1.275113e-01"
"   5";"  20";"25.00";"  -2.323";"contabilidad";" 1.275113e-01"
"   5";"  20";"25.00";"  -2.323";"macro";" 1.275113e-01"
"   5";"  20";"25.00";"  -2.323";"álgebra";" 1.275113e-01"
"   5";"  20";"25.00";"  -2.323";"tránsito";" 1.275113e-01"
"   5";"  20";"25.00";"  -2.323";"prestigiar";" 1.275113e-01"
"   5";"  20";"25.00";"  -2.323";"formuladores";" 1.275113e-01"
"   5";"  20";"25.00";"  -2.323";"expresarse";" 1.275113e-01"
"  37";" 107";"34.58";"  -2.300";"afirmación";" 1.293547e-01"
"  12";"  40";"30.00";"  -2.293";"convincente";" 1.299645e-01"
" 130";" 344";"37.79";"  -2.290";"sesión";" 1.301683e-01"
"  42";" 120";"35.00";"  -2.289";"algorítmica";" 1.303287e-01"
"  77";" 210";"36.67";"  -2.286";"carácter";" 1.305044e-01"
"  63";" 174";"36.21";"  -2.248";"lógica";" 1.338261e-01"
"  72";" 197";"36.55";"  -2.245";"comunicar";" 1.340853e-01"
"  11";"  37";"29.73";"  -2.219";"subvención";" 1.363135e-01"
"  11";"  37";"29.73";"  -2.219";"consolidación";" 1.363135e-01"
"  15";"  48";"31.25";"  -2.200";"human";" 1.380151e-01"
"  78";" 212";"36.79";"  -2.197";"financiero";" 1.383044e-01"
"   1";"   7";"14.29";"  -2.179";"that";" 1.398718e-01"
"   1";"   7";"14.29";"  -2.179";"critical";" 1.398718e-01"
"   1";"   7";"14.29";"  -2.179";"your";" 1.398718e-01"
"   1";"   7";"14.29";"  -2.179";"challenges";" 1.398718e-01"
"   1";"   7";"14.29";"  -2.179";"work";" 1.398718e-01"
"   1";"   7";"14.29";"  -2.179";"educators";" 1.398718e-01"
"   1";"   7";"14.29";"  -2.179";"united";" 1.398718e-01"
"   1";"   7";"14.29";"  -2.179";"teach";" 1.398718e-01"
"   1";"   7";"14.29";"  -2.179";"document";" 1.398718e-01"
"   1";"   7";"14.29";"  -2.179";"community";" 1.398718e-01"
"   1";"   7";"14.29";"  -2.179";"expert";" 1.398718e-01"
"   1";"   7";"14.29";"  -2.179";"fadel";" 1.398718e-01"
"   1";"   7";"14.29";"  -2.179";"ribera";" 1.398718e-01"
"   1";"   7";"14.29";"  -2.179";"board";" 1.398718e-01"
"   1";"   7";"14.29";"  -2.179";"uniminuto";" 1.398718e-01"
"   1";"   7";"14.29";"  -2.179";"land";" 1.398718e-01"
"   1";"   7";"14.29";"  -2.179";"ensino";" 1.398718e-01"
"   1";"   7";"14.29";"  -2.179";"manifesto";" 1.398718e-01"
"   1";"   7";"14.29";"  -2.179";"direct";" 1.398718e-01"
"   1";"   7";"14.29";"  -2.179";"west";" 1.398718e-01"
"   1";"   7";"14.29";"  -2.179";"listening";" 1.398718e-01"
"   1";"   7";"14.29";"  -2.179";"paraguay";" 1.398718e-01"
"   1";"   7";"14.29";"  -2.179";"hao";" 1.398718e-01"
"   1";"   7";"14.29";"  -2.179";"schmidt";" 1.398718e-01"
"   1";"   7";"14.29";"  -2.179";"articulos";" 1.398718e-01"
"   1";"   7";"14.29";"  -2.179";"wong";" 1.398718e-01"
"   1";"   7";"14.29";"  -2.179";"columbia";" 1.398718e-01"
"   1";"   7";"14.29";"  -2.179";"cole";" 1.398718e-01"
"   1";"   7";"14.29";"  -2.179";"casal";" 1.398718e-01"
"   1";"   7";"14.29";"  -2.179";"autopilot";" 1.398718e-01"
"   1";"   7";"14.29";"  -2.179";"tur";" 1.398718e-01"
"   1";"   7";"14.29";"  -2.179";"transfer";" 1.398718e-01"
"   1";"   7";"14.29";"  -2.179";"rouvroy";" 1.398718e-01"
"   1";"   7";"14.29";"  -2.179";"janzen";" 1.398718e-01"
"   1";"   7";"14.29";"  -2.179";"intro";" 1.398718e-01"
"   1";"   7";"14.29";"  -2.179";"carl";" 1.398718e-01"
"   1";"   7";"14.29";"  -2.179";"alt";" 1.398718e-01"
"   1";"   7";"14.29";"  -2.179";"1a";" 1.398718e-01"
"   1";"   7";"14.29";"  -2.179";"yusuf";" 1.398718e-01"
"   1";"   7";"14.29";"  -2.179";"sda";" 1.398718e-01"
"   1";"   7";"14.29";"  -2.179";"salovey";" 1.398718e-01"
"   1";"   7";"14.29";"  -2.179";"newton";" 1.398718e-01"
"   1";"   7";"14.29";"  -2.179";"medieval";" 1.398718e-01"
"   1";"   7";"14.29";"  -2.179";"jenkins";" 1.398718e-01"
"   1";"   7";"14.29";"  -2.179";"corona";" 1.398718e-01"
" 186";" 483";"38.51";"  -2.172";"autónomo";" 1.405412e-01"
"  55";" 153";"35.95";"  -2.163";"animar";" 1.413800e-01"
"   0";"   3";" 0.00";"  -2.155";"their";" 1.420818e-01"
"   0";"   3";" 0.00";"  -2.155";"which";" 1.420818e-01"
"   0";"   3";" 0.00";"  -2.155";"proceedings";" 1.420818e-01"
"   0";"   3";" 0.00";"  -2.155";"when";" 1.420818e-01"
"   0";"   3";" 0.00";"  -2.155";"opportunities";" 1.420818e-01"
"   0";"   3";" 0.00";"  -2.155";"been";" 1.420818e-01"
"   0";"   3";" 0.00";"  -2.155";"key";" 1.420818e-01"
"   0";"   3";" 0.00";"  -2.155";"history";" 1.420818e-01"
"   0";"   3";" 0.00";"  -2.155";"any";" 1.420818e-01"
"   0";"   3";" 0.00";"  -2.155";"does";" 1.420818e-01"
"   0";"   3";" 0.00";"  -2.155";"state";" 1.420818e-01"
"   0";"   3";" 0.00";"  -2.155";"safe";" 1.420818e-01"
"   0";"   3";" 0.00";"  -2.155";"without";" 1.420818e-01"
"   0";"   3";" 0.00";"  -2.155";"order";" 1.420818e-01"
"   0";"   3";" 0.00";"  -2.155";"recognition";" 1.420818e-01"
"   0";"   3";" 0.00";"  -2.155";"under";" 1.420818e-01"
"   0";"   3";" 0.00";"  -2.155";"figure";" 1.420818e-01"
"   0";"   3";" 0.00";"  -2.155";"then";" 1.420818e-01"
"   0";"   3";" 0.00";"  -2.155";"issn";" 1.420818e-01"
"   0";"   3";" 0.00";"  -2.155";"own";" 1.420818e-01"
"   0";"   3";" 0.00";"  -2.155";"number";" 1.420818e-01"
"   0";"   3";" 0.00";"  -2.155";"gamification";" 1.420818e-01"
"   0";"   3";" 0.00";"  -2.155";"presentation";" 1.420818e-01"
"   0";"   3";" 0.00";"  -2.155";"aims";" 1.420818e-01"
"   0";"   3";" 0.00";"  -2.155";"alcalá";" 1.420818e-01"
"   0";"   3";" 0.00";"  -2.155";"sage";" 1.420818e-01"
"   0";"   3";" 0.00";"  -2.155";"sense";" 1.420818e-01"
"   0";"   3";" 0.00";"  -2.155";"words";" 1.420818e-01"
"   0";"   3";" 0.00";"  -2.155";"today";" 1.420818e-01"
"   0";"   3";" 0.00";"  -2.155";"powered";" 1.420818e-01"
"   0";"   3";" 0.00";"  -2.155";"futures";" 1.420818e-01"
"   0";"   3";" 0.00";"  -2.155";"promise";" 1.420818e-01"
"   0";"   3";" 0.00";"  -2.155";"improvement";" 1.420818e-01"
"   0";"   3";" 0.00";"  -2.155";"cornell";" 1.420818e-01"
"   0";"   3";" 0.00";"  -2.155";"behaviour";" 1.420818e-01"
"   0";"   3";" 0.00";"  -2.155";"note";" 1.420818e-01"
"   0";"   3";" 0.00";"  -2.155";"er";" 1.420818e-01"
"   0";"   3";" 0.00";"  -2.155";"esp";" 1.420818e-01"
"   0";"   3";" 0.00";"  -2.155";"vice";" 1.420818e-01"
"   0";"   3";" 0.00";"  -2.155";"reporting";" 1.420818e-01"
"   0";"   3";" 0.00";"  -2.155";"ny";" 1.420818e-01"
"   0";"   3";" 0.00";"  -2.155";"cost";" 1.420818e-01"
"   0";"   3";" 0.00";"  -2.155";"maquetación";" 1.420818e-01"
"   0";"   3";" 0.00";"  -2.155";"ávila";" 1.420818e-01"
"   0";"   3";" 0.00";"  -2.155";"single";" 1.420818e-01"
"   0";"   3";" 0.00";"  -2.155";"detailed";" 1.420818e-01"
"   0";"   3";" 0.00";"  -2.155";"declaration";" 1.420818e-01"
"   0";"   3";" 0.00";"  -2.155";"cpd";" 1.420818e-01"
"   0";"   3";" 0.00";"  -2.155";"core";" 1.420818e-01"
"   0";"   3";" 0.00";"  -2.155";"brookings";" 1.420818e-01"
"   0";"   3";" 0.00";"  -2.155";"bank";" 1.420818e-01"
"   0";"   3";" 0.00";"  -2.155";"talk";" 1.420818e-01"
"   0";"   3";" 0.00";"  -2.155";"regulatory";" 1.420818e-01"
"   0";"   3";" 0.00";"  -2.155";"perez";" 1.420818e-01"
"   0";"   3";" 0.00";"  -2.155";"letter";" 1.420818e-01"
"   0";"   3";" 0.00";"  -2.155";"ferreira";" 1.420818e-01"
"   0";"   3";" 0.00";"  -2.155";"repository";" 1.420818e-01"
"   0";"   3";" 0.00";"  -2.155";"ramon";" 1.420818e-01"
"   0";"   3";" 0.00";"  -2.155";"prado";" 1.420818e-01"
"   0";"   3";" 0.00";"  -2.155";"grounded";" 1.420818e-01"
"   0";"   3";" 0.00";"  -2.155";"glossary";" 1.420818e-01"
"   0";"   3";" 0.00";"  -2.155";"editors";" 1.420818e-01"
"   0";"   3";" 0.00";"  -2.155";"courier";" 1.420818e-01"
"   0";"   3";" 0.00";"  -2.155";"canada";" 1.420818e-01"
"   0";"   3";" 0.00";"  -2.155";"fast";" 1.420818e-01"
"   0";"   3";" 0.00";"  -2.155";"emma";" 1.420818e-01"
"   0";"   3";" 0.00";"  -2.155";"departament";" 1.420818e-01"
"   0";"   3";" 0.00";"  -2.155";"career";" 1.420818e-01"
"   0";"   3";" 0.00";"  -2.155";"behind";" 1.420818e-01"
"   0";"   3";" 0.00";"  -2.155";"vergara";" 1.420818e-01"
"   0";"   3";" 0.00";"  -2.155";"talent";" 1.420818e-01"
"   0";"   3";" 0.00";"  -2.155";"engine";" 1.420818e-01"
"   0";"   3";" 0.00";"  -2.155";"desafios";" 1.420818e-01"
"   0";"   3";" 0.00";"  -2.155";"cluster";" 1.420818e-01"
"   0";"   3";" 0.00";"  -2.155";"sydney";" 1.420818e-01"
"   0";"   3";" 0.00";"  -2.155";"secret";" 1.420818e-01"
"   0";"   3";" 0.00";"  -2.155";"pew";" 1.420818e-01"
"   0";"   3";" 0.00";"  -2.155";"nieto";" 1.420818e-01"
"   0";"   3";" 0.00";"  -2.155";"chapman";" 1.420818e-01"
"   0";"   3";" 0.00";"  -2.155";"subsecretario";" 1.420818e-01"
"   0";"   3";" 0.00";"  -2.155";"rocío";" 1.420818e-01"
"   0";"   3";" 0.00";"  -2.155";"palgrave";" 1.420818e-01"
"   0";"   3";" 0.00";"  -2.155";"narrow";" 1.420818e-01"
"   0";"   3";" 0.00";"  -2.155";"meaning";" 1.420818e-01"
"   0";"   3";" 0.00";"  -2.155";"maya";" 1.420818e-01"
"   0";"   3";" 0.00";"  -2.155";"ilibrary";" 1.420818e-01"
"   0";"   3";" 0.00";"  -2.155";"hernando";" 1.420818e-01"
"   0";"   3";" 0.00";"  -2.155";"glaser";" 1.420818e-01"
"   0";"   3";" 0.00";"  -2.155";"friend";" 1.420818e-01"
"   0";"   3";" 0.00";"  -2.155";"docent";" 1.420818e-01"
"  18";"  56";"32.14";"  -2.151";"fijo";" 1.424747e-01"
"  14";"  45";"31.11";"  -2.117";"php";" 1.456719e-01"
" 151";" 395";"38.23";"  -2.090";"idioma";" 1.482626e-01"
"   9";"  31";"29.03";"  -2.080";"raffaghelli";" 1.492373e-01"
"   9";"  31";"29.03";"  -2.080";"patrimonio";" 1.492373e-01"
"   9";"  31";"29.03";"  -2.080";"reactivo";" 1.492373e-01"
"  17";"  53";"32.08";"  -2.064";"bastar";" 1.507940e-01"
"  34";"  98";"34.69";"  -2.040";"optar";" 1.531785e-01"
"  13";"  42";"30.95";"  -2.035";"news";" 1.537277e-01"
"  51";" 142";"35.92";"  -2.029";"lejos";" 1.543007e-01"
"   8";"  28";"28.57";"  -2.017";"repositorio";" 1.555817e-01"
"   8";"  28";"28.57";"  -2.017";"dorar";" 1.555817e-01"
"*****";"*";"*";"*";"*";"*"
"  561";" 2524";"22.23";"-411.832";"ese";"1.463329e-91"
" 3689";"10996";"33.55";"-362.286";"o";"8.950904e-81"
"  917";" 3443";"26.63";"-341.759";"si";"2.641149e-76"
" 5416";"15328";"35.33";"-333.279";"por";"1.855757e-74"
" 3132";" 9260";"33.82";"-277.466";"haber";"2.678131e-62"
"  226";" 1167";"19.37";"-245.439";"yo";"2.562851e-55"
"  836";" 2959";"28.25";"-232.771";"pero";"1.482712e-52"
"  437";" 1762";"24.80";"-214.558";"cuando";"1.391184e-48"
" 1567";" 4911";"31.91";"-211.901";"todo";"5.287059e-48"
"  783";" 2690";"29.11";"-185.049";"qué";"3.829598e-42"
" 2289";" 6657";"34.38";"-165.677";"tener";"6.507978e-38"
"  137";"  732";"18.72";"-162.028";"algo";"4.079703e-37"
"10488";"27023";"38.81";"-157.359";"ser";"4.271763e-36"
"  170";"  825";"20.61";"-154.135";"porque";"2.163380e-35"
"  525";" 1882";"27.90";"-153.608";"primero";"2.820622e-35"
" 1869";" 5476";"34.13";"-143.252";"él";"5.178814e-33"
" 2183";" 6256";"34.89";"-134.243";"estar";"4.834159e-31"
"  377";" 1379";"27.34";"-120.904";"muy";"4.011195e-28"
"  149";"  693";"21.50";"-118.562";"mío";"1.306348e-27"
"   38";"  304";"12.50";"-107.763";"contra";"3.029580e-25"
" 1818";" 5192";"35.02";"-105.876";"otro";"7.850586e-25"
"  308";" 1141";"26.99";"-104.518";"tú";"1.557818e-24"
"15985";"39862";"40.10";"-103.870";"que";"2.160210e-24"
"  103";"  498";"20.68";" -91.957";"20";"8.857926e-22"
"   69";"  380";"18.16";" -87.803";"17";"7.231060e-21"
"  345";" 1200";"28.75";" -85.472";"10";"2.349709e-20"
"  171";"  684";"25.00";" -80.154";"9";"3.463486e-19"
"  253";"  921";"27.47";" -78.788";"2018";"6.914031e-19"
" 4202";"11066";"37.97";" -78.683";"no";"7.293456e-19"
"   35";"  245";"14.29";" -76.525";"000";"2.174137e-18"
"  871";" 2588";"33.66";" -73.245";"alguno";"1.144955e-17"
"   50";"  290";"17.24";" -72.213";"nada";"1.931418e-17"
"   85";"  399";"21.30";" -69.317";"19";"8.382335e-17"
" 1245";" 3527";"35.30";" -64.470";"1";"9.799443e-16"
"  107";"  456";"23.46";" -63.445";"15";"1.648812e-15"
"   14";"  144";" 9.72";" -61.048";"2030";"5.571073e-15"
"   87";"  385";"22.60";" -58.697";"entonces";"1.839299e-14"
"   79";"  359";"22.01";" -58.137";"30";"2.444841e-14"
" 1197";" 3371";"35.51";" -57.584";"2";"3.237813e-14"
"  283";"  941";"30.07";" -53.924";"cualquier";"2.084321e-13"
"  136";"  520";"26.15";" -52.737";"12";"3.813083e-13"
"   42";"  230";"18.26";" -52.574";"100";"4.142467e-13"
" 1001";" 2838";"35.27";" -51.811";"nuestro";"6.110234e-13"
"  440";" 1355";"32.47";" -49.431";"hasta";"2.054541e-12"
"  119";"  460";"25.87";" -48.322";"0";"3.615869e-12"
"   18";"  140";"12.86";" -48.317";"70";"3.625375e-12"
"   30";"  182";"16.48";" -48.089";"80";"4.073347e-12"
"   50";"  247";"20.24";" -47.366";"40";"5.890371e-12"
"   62";"  285";"21.75";" -47.284";"quién";"6.141168e-12"
"   62";"  283";"21.91";" -46.234";"50";"1.049568e-11"
"   27";"  167";"16.17";" -45.224";"bastante";"1.757483e-11"
"   81";"  339";"23.89";" -44.915";"13";"2.058107e-11"
"  122";"  460";"26.52";" -44.448";"11";"2.611552e-11"
"   36";"  196";"18.37";" -44.378";"26";"2.707528e-11"
"   60";"  268";"22.39";" -41.688";"pocos";"1.070633e-10"
"   93";"  368";"25.27";" -41.560";"14";"1.142808e-10"
"   28";"  163";"17.18";" -40.728";"2025";"1.749279e-10"
"  189";"  642";"29.44";" -40.713";"cuál";"1.762719e-10"
"  512";" 1512";"33.86";" -40.039";"bien";"2.489242e-10"
"    7";"   82";" 8.54";" -37.348";"500";"9.879689e-10"
"   17";"  119";"14.29";" -37.106";"diez";"1.118954e-09"
" 7588";"18991";"39.96";" -36.013";"con";"1.960520e-09"
"  260";"  824";"31.55";" -36.006";"antes";"1.967318e-09"
"  152";"  521";"29.17";" -34.412";"2017";"4.459907e-09"
"  276";"  858";"32.17";" -33.148";"incluso";"8.540689e-09"
" 1122";" 3050";"36.79";" -32.947";"3";"9.468280e-09"
"    9";"   82";"10.98";" -32.073";"48223";"1.484784e-08"
"   68";"  272";"25.00";" -31.695";"16";"1.803778e-08"
"  673";" 1891";"35.59";" -30.829";"5";"2.818195e-08"
"   44";"  197";"22.34";" -30.782";"60";"2.887582e-08"
"   33";"  161";"20.50";" -30.116";"alrededor";"4.070192e-08"
"  200";"  640";"31.25";" -29.571";"m";"5.391783e-08"
"  187";"  602";"31.06";" -28.793";"ni";"8.052684e-08"
"  226";"  708";"31.92";" -28.713";"bajo";"8.393147e-08"
"   45";"  196";"22.96";" -28.693";"35";"8.480872e-08"
"   74";"  280";"26.43";" -27.319";"25";"1.724924e-07"
"  256";"  784";"32.65";" -27.288";"s";"1.752686e-07"
"   12";"   83";"14.46";" -25.545";"81";"4.321313e-07"
"   39";"  171";"22.81";" -25.430";"31";"4.586335e-07"
"   78";"  287";"27.18";" -25.343";"18";"4.799580e-07"
"   13";"   86";"15.12";" -25.210";"usted";"5.140438e-07"
"  301";"  895";"33.63";" -24.887";"tal";"6.079426e-07"
"   75";"  277";"27.08";" -24.798";"21";"6.365550e-07"
"   61";"  236";"25.85";" -24.784";"29";"6.411128e-07"
"  301";"  894";"33.67";" -24.630";"2019";"6.944448e-07"
"  331";"  972";"34.05";" -24.334";"7";"8.099809e-07"
"    3";"   46";" 6.52";" -23.555";"1950";"1.214171e-06"
"    0";"   32";" 0.00";" -22.999";"5910";"1.621228e-06"
"   16";"   92";"17.39";" -22.569";"56";"2.026914e-06"
"  162";"  514";"31.52";" -22.522";"n";"2.077988e-06"
"    3";"   44";" 6.82";" -22.153";"150";"2.517728e-06"
"  399";" 1140";"35.00";" -22.047";"2022";"2.659946e-06"
"   14";"   82";"17.07";" -20.641";"61";"5.539636e-06"
"   47";"  185";"25.41";" -20.506";"x";"5.945967e-06"
"   45";"  178";"25.28";" -20.028";"ninguno";"7.629985e-06"
" 1086";" 2869";"37.85";" -19.176";"nosotros";"1.191873e-05"
"   36";"  149";"24.16";" -19.107";"45";"1.235904e-05"
"    7";"   54";"12.96";" -18.479";"1980";"1.717818e-05"
"   67";"  238";"28.15";" -18.299";"22";"1.887621e-05"
"  357";" 1013";"35.24";" -18.192";"2020";"1.997384e-05"
"   36";"  147";"24.49";" -18.154";"36";"2.037172e-05"
"  969";" 2567";"37.75";" -18.001";"4";"2.208391e-05"
"   16";"   84";"19.05";" -17.904";"69";"2.323638e-05"
"   47";"  177";"26.55";" -16.966";"28";"3.805613e-05"
"   83";"  278";"29.86";" -16.380";"24";"5.183959e-05"
"    1";"   27";" 3.70";" -16.118";"1956";"5.951683e-05"
"    2";"   31";" 6.45";" -15.934";"excepto";"6.560085e-05"
"  218";"  640";"34.06";" -15.912";"quien";"6.633991e-05"
"   27";"  115";"23.48";" -15.903";"48";"6.667010e-05"
" 8484";"20861";"40.67";" -15.464";"se";"8.411151e-05"
"    9";"   56";"16.07";" -15.256";"300";"9.388265e-05"
"  314";"  886";"35.44";" -14.938";"8";"1.111001e-04"
"   18";"   85";"21.18";" -14.886";"95";"1.141917e-04"
"   30";"  121";"24.79";" -14.419";"42";"1.463351e-04"
"   62";"  213";"29.11";" -14.158";"27";"1.680917e-04"
"   32";"  126";"25.40";" -13.969";"cierta|cierto";"1.858187e-04"
"   29";"  117";"24.79";" -13.953";"39";"1.874429e-04"
"   45";"  164";"27.44";" -13.945";"33";"1.881981e-04"
"   15";"   73";"20.55";" -13.573";"05";"2.294198e-04"
"  241";"  690";"34.93";" -13.546";"p";"2.327758e-04"
"   57";"  197";"28.93";" -13.453";"23";"2.446535e-04"
"    7";"   46";"15.22";" -13.375";"09";"2.549491e-04"
"  448";" 1221";"36.69";" -13.351";"6";"2.582368e-04"
"   55";"  191";"28.80";" -13.323";"v";"2.621064e-04"
"   23";"   97";"23.71";" -13.072";"66";"2.997915e-04"
"13918";"33858";"41.11";" -12.591";"un";"3.876145e-04"
"   31";"  119";"26.05";" -12.162";"55";"4.877257e-04"
"   21";"   89";"23.60";" -12.146";"83";"4.918417e-04"
"  397";" 1083";"36.66";" -11.977";"durante";"5.387347e-04"
"   16";"   73";"21.92";" -11.880";"92";"5.672800e-04"
"   11";"   57";"19.30";" -11.879";"87";"5.678563e-04"
"   11";"   57";"19.30";" -11.879";"1990";"5.678563e-04"
"   31";"  118";"26.27";" -11.724";"57";"6.169708e-04"
"   90";"  283";"31.80";" -11.687";"2014";"6.295401e-04"
"   36";"  132";"27.27";" -11.481";"90";"7.032313e-04"
"   22";"   90";"24.44";" -11.164";"59";"8.337892e-04"
"   96";"  297";"32.32";" -11.022";"2015";"9.002213e-04"
"   33";"  122";"27.05";" -10.938";"75";"9.419209e-04"
"   15";"   68";"22.06";" -10.910";"01";"9.566987e-04"
"  153";"  448";"34.15";" -10.855";"2016";"9.853999e-04"
"    0";"   15";" 0.00";" -10.778";"700";"1.027089e-03"
"   28";"  107";"26.17";" -10.771";"46";"1.031072e-03"
"  895";" 2324";"38.51";" -10.709";"2023";"1.066435e-03"
"   23";"   92";"25.00";" -10.694";"76";"1.074742e-03"
"   82";"  258";"31.78";" -10.691";"cuyo";"1.076351e-03"
"   15";"   67";"22.39";" -10.394";"82";"1.264576e-03"
"  280";"  775";"36.13";" -10.376";"mientras";"1.276720e-03"
"  239";"  669";"35.72";" -10.262";"cierto";"1.357848e-03"
"   21";"   85";"24.71";" -10.228";"68";"1.382978e-03"
"   51";"  171";"29.82";" -10.114";"h";"1.471663e-03"
"    8";"   44";"18.18";" -10.100";"07";"1.482872e-03"
"   12";"   57";"21.05";" -10.099";"200";"1.483566e-03"
"   32";"  117";"27.35";" -10.065";"47";"1.510723e-03"
"    0";"   14";" 0.00";" -10.059";"147";"1.515718e-03"
"   73";"  231";"31.60";"  -9.918";"t";"1.636577e-03"
"   15";"   66";"22.73";"  -9.884";"97";"1.667507e-03"
"   24";"   93";"25.81";"  -9.798";"58";"1.747077e-03"
"    7";"   40";"17.50";"  -9.719";"z";"1.824010e-03"
"   11";"   53";"20.75";"  -9.661";"conforme";"1.881984e-03"
"   29";"  107";"27.10";"  -9.522";"67";"2.030269e-03"
"  118";"  350";"33.71";"  -9.465";"tras";"2.094556e-03"
"    0";"   13";" 0.00";"  -9.341";"800";"2.241133e-03"
"   19";"   77";"24.68";"  -9.298";"64";"2.294265e-03"
"  292";"  799";"36.55";"  -9.188";"i";"2.436509e-03"
"    3";"   25";"12.00";"  -9.132";"cincuenta";"2.511356e-03"
"    5";"   32";"15.62";"  -9.020";"130";"2.670706e-03"
"    2";"   21";" 9.52";"  -8.998";"1960";"2.702497e-03"
"  225";"  626";"35.94";"  -8.923";"dicho";"2.816604e-03"
"    0";"   12";" 0.00";"  -8.622";"1969";"3.321056e-03"
"    0";"   12";" 0.00";"  -8.622";"1943";"3.321056e-03"
"    0";"   12";" 0.00";"  -8.622";"noventa";"3.321056e-03"
"    1";"   16";" 6.25";"  -8.316";"1976";"3.929296e-03"
"   61";"  193";"31.61";"  -8.275";"k";"4.019429e-03"
"    9";"   44";"20.45";"  -8.250";"arriba";"4.075219e-03"
"  390";" 1041";"37.46";"  -8.183";"cual";"4.228247e-03"
"   38";"  129";"29.46";"  -8.100";"38";"4.426849e-03"
"   42";"  140";"30.00";"  -8.036";"34";"4.585238e-03"
"  159";"  451";"35.25";"  -8.005";"j";"4.665128e-03"
"    3";"   23";"13.04";"  -7.824";"1983";"5.157031e-03"
" 1346";" 3407";"39.51";"  -7.762";"sin";"5.335567e-03"
"   11";"   49";"22.45";"  -7.552";"79";"5.995110e-03"
"   29";"  102";"28.43";"  -7.510";"solamente";"6.134915e-03"
"    0";"   10";" 0.00";"  -7.185";"1981";"7.351955e-03"
"    3";"   22";"13.64";"  -7.178";"160";"7.380499e-03"
"   27";"   95";"28.42";"  -7.005";"51";"8.128399e-03"
"    1";"   14";" 7.14";"  -6.916";"1964";"8.544572e-03"
"   24";"   86";"27.91";"  -6.837";"62";"8.929097e-03"
"    8";"   38";"21.05";"  -6.731";"06";"9.475822e-03"
"    3";"   21";"14.29";"  -6.539";"1986";"1.055139e-02"
"   16";"   62";"25.81";"  -6.529";"89";"1.061173e-02"
"    0";"    9";" 0.00";"  -6.466";"348";"1.099377e-02"
"    0";"    9";" 0.00";"  -6.466";"1945";"1.099377e-02"
"   33";"  110";"30.00";"  -6.312";"41";"1.199534e-02"
"    2";"   17";"11.76";"  -6.308";"1966";"1.202139e-02"
"    2";"   17";"11.76";"  -6.308";"2027";"1.202139e-02"
"    2";"   17";"11.76";"  -6.308";"treinta";"1.202139e-02"
"   25";"   87";"28.74";"  -6.116";"2001";"1.339324e-02"
"   12";"   49";"24.49";"  -6.043";"03";"1.395878e-02"
"   28";"   95";"29.47";"  -5.947";"54";"1.474643e-02"
"    6";"   30";"20.00";"  -5.866";"110";"1.543675e-02"
"   50";"  155";"32.26";"  -5.820";"32";"1.584093e-02"
"    7";"   33";"21.21";"  -5.755";"121";"1.643857e-02"
"    0";"    8";" 0.00";"  -5.748";"433";"1.650964e-02"
"   18";"   66";"27.27";"  -5.735";"91";"1.662823e-02"
"    2";"   16";"12.50";"  -5.650";"144";"1.745998e-02"
"    2";"   16";"12.50";"  -5.650";"1979";"1.745998e-02"
"    4";"   23";"17.39";"  -5.637";"123";"1.758475e-02"
"    4";"   23";"17.39";"  -5.637";"250";"1.758475e-02"
"   26";"   88";"29.55";"  -5.444";"74";"1.963674e-02"
"   38";"  121";"31.40";"  -5.389";"44";"2.025905e-02"
"    6";"   29";"20.69";"  -5.317";"1995";"2.111444e-02"
"    3";"   19";"15.79";"  -5.287";"1985";"2.147909e-02"
"    8";"   35";"22.86";"  -5.168";"104";"2.300593e-02"
"    9";"   38";"23.68";"  -5.132";"08";"2.348701e-02"
"   11";"   44";"25.00";"  -5.111";"02";"2.377101e-02"
"   21";"   73";"28.77";"  -5.106";"96";"2.383650e-02"
"    4";"   22";"18.18";"  -5.048";"157";"2.464898e-02"
"    0";"    7";" 0.00";"  -5.029";"319";"2.492302e-02"
"    2";"   15";"13.33";"  -4.999";"600";"2.535550e-02"
"  127";"  353";"35.98";"  -4.953";"ambo";"2.604089e-02"
"  105";"  296";"35.47";"  -4.900";"pues";"2.686338e-02"
"    5";"   25";"20.00";"  -4.888";"175";"2.704496e-02"
"    1";"   11";" 9.09";"  -4.840";"215";"2.780804e-02"
"    1";"   11";" 9.09";"  -4.840";"1958";"2.780804e-02"
"    1";"   11";" 9.09";"  -4.840";"1957";"2.780804e-02"
"    1";"   11";" 9.09";"  -4.840";"cuarenta";"2.780804e-02"
"    3";"   18";"16.67";"  -4.677";"158";"3.056820e-02"
"    3";"   18";"16.67";"  -4.677";"1974";"3.056820e-02"
"   11";"   43";"25.58";"  -4.655";"1998";"3.095587e-02"
"   19";"   66";"28.79";"  -4.602";"78";"3.194023e-02"
"   27";"   88";"30.68";"  -4.482";"72";"3.426277e-02"
"    2";"   14";"14.29";"  -4.359";"1973";"3.681062e-02"
"    2";"   14";"14.29";"  -4.359";"ochenta";"3.681062e-02"
"    0";"    6";" 0.00";"  -4.311";"006";"3.787321e-02"
"    0";"    6";" 0.00";"  -4.311";"477";"3.787321e-02"
"    0";"    6";" 0.00";"  -4.311";"932";"3.787321e-02"
"    0";"    6";" 0.00";"  -4.311";"723";"3.787321e-02"
"    0";"    6";" 0.00";"  -4.311";"km";"3.787321e-02"
"    0";"    6";" 0.00";"  -4.311";"setenta";"3.787321e-02"
"    0";"    6";" 0.00";"  -4.311";"5000";"3.787321e-02"
"    0";"    6";" 0.00";"  -4.311";"3000";"3.787321e-02"
"    0";"    6";" 0.00";"  -4.311";"2035";"3.787321e-02"
"  243";"  643";"37.79";"  -4.297";"d";"3.818049e-02"
"   13";"   48";"27.08";"  -4.279";"1997";"3.857644e-02"
"   24";"   79";"30.38";"  -4.244";"71";"3.938590e-02"
"    1";"   10";"10.00";"  -4.159";"1787";"4.142008e-02"
"    1";"   10";"10.00";"  -4.159";"216";"4.142008e-02"
"    3";"   17";"17.65";"  -4.079";"171";"4.341037e-02"
"    3";"   17";"17.65";"  -4.079";"1000";"4.341037e-02"
"    3";"   17";"17.65";"  -4.079";"ustedes";"4.341037e-02"
"   12";"   44";"27.27";"  -3.822";"125";"5.057417e-02"
"    5";"   23";"21.74";"  -3.808";"119";"5.100502e-02"
"    5";"   23";"21.74";"  -3.808";"360";"5.100502e-02"
"    5";"   23";"21.74";"  -3.808";"136";"5.100502e-02"
"   79";"  223";"35.43";"  -3.742";"2013";"5.304649e-02"
"    2";"   13";"15.38";"  -3.731";"203";"5.341371e-02"
"    0";"    5";" 0.00";"  -3.592";"340";"5.805109e-02"
"    0";"    5";" 0.00";"  -3.592";"612";"5.805109e-02"
"    0";"    5";" 0.00";"  -3.592";"763";"5.805109e-02"
"    0";"    5";" 0.00";"  -3.592";"31009";"5.805109e-02"
"    0";"    5";" 0.00";"  -3.592";"1920";"5.805109e-02"
"    0";"    5";" 0.00";"  -3.592";"938";"5.805109e-02"
"    0";"    5";" 0.00";"  -3.592";"2063";"5.805109e-02"
"    0";"    5";" 0.00";"  -3.592";"1959";"5.805109e-02"
"    0";"    5";" 0.00";"  -3.592";"trece";"5.805109e-02"
"    0";"    5";" 0.00";"  -3.592";"7000";"5.805109e-02"
"    0";"    5";" 0.00";"  -3.592";"4000";"5.805109e-02"
"    0";"    5";" 0.00";"  -3.592";"2050";"5.805109e-02"
"    0";"    5";" 0.00";"  -3.592";"1936";"5.805109e-02"
"    0";"    5";" 0.00";"  -3.592";"00022154";"5.805109e-02"
"   27";"   85";"31.76";"  -3.527";"2000";"6.038150e-02"
"    3";"   16";"18.75";"  -3.497";"é";"6.148826e-02"
"    3";"   16";"18.75";"  -3.497";"159";"6.148826e-02"
"    3";"   16";"18.75";"  -3.497";"152";"6.148826e-02"
"    1";"    9";"11.11";"  -3.486";"22201";"6.189427e-02"
"    1";"    9";"11.11";"  -3.486";"219";"6.189427e-02"
"   13";"   46";"28.26";"  -3.471";"04";"6.244471e-02"
"   35";"  106";"33.02";"  -3.369";"73";"6.642908e-02"
"    4";"   19";"21.05";"  -3.365";"169";"6.661306e-02"
"   31";"   95";"32.63";"  -3.291";"53";"6.965913e-02"
"    7";"   28";"25.00";"  -3.252";"102";"7.134007e-02"
"   29";"   89";"32.58";"  -3.115";"49";"7.758377e-02"
"   22";"   70";"31.43";"  -3.102";"1996";"7.821720e-02"
"13431";"32401";"41.45";"  -2.975";"a";"8.458508e-02"
"   11";"   39";"28.21";"  -2.967";"108";"8.497971e-02"
"   20";"   64";"31.25";"  -2.934";"94";"8.673742e-02"
"    3";"   15";"20.00";"  -2.932";"217";"8.682023e-02"
"   30";"   91";"32.97";"  -2.926";"52";"8.716384e-02"
"    0";"    4";" 0.00";"  -2.874";"030";"9.003616e-02"
"    0";"    4";" 0.00";"  -2.874";"0449";"9.003616e-02"
"    0";"    4";" 0.00";"  -2.874";"460";"9.003616e-02"
"    0";"    4";" 0.00";"  -2.874";"__________";"9.003616e-02"
"    0";"    4";" 0.00";"  -2.874";"368";"9.003616e-02"
"    0";"    4";" 0.00";"  -2.874";"1967";"9.003616e-02"
"    0";"    4";" 0.00";"  -2.874";"741";"9.003616e-02"
"    0";"    4";" 0.00";"  -2.874";"56712";"9.003616e-02"
"    0";"    4";" 0.00";"  -2.874";"457";"9.003616e-02"
"    0";"    4";" 0.00";"  -2.874";"405";"9.003616e-02"
"    0";"    4";" 0.00";"  -2.874";"1953";"9.003616e-02"
"    0";"    4";" 0.00";"  -2.874";"039";"9.003616e-02"
"    0";"    4";" 0.00";"  -2.874";"258";"9.003616e-02"
"    0";"    4";" 0.00";"  -2.874";"617";"9.003616e-02"
"    0";"    4";" 0.00";"  -2.874";"diecisiete";"9.003616e-02"
"    0";"    4";" 0.00";"  -2.874";"1916";"9.003616e-02"
"    0";"    4";" 0.00";"  -2.874";"067";"9.003616e-02"
"    0";"    4";" 0.00";"  -2.874";"3758";"9.003616e-02"
"    0";"    4";" 0.00";"  -2.874";"1949";"9.003616e-02"
"    0";"    4";" 0.00";"  -2.874";"1928";"9.003616e-02"
"    0";"    4";" 0.00";"  -2.874";"1200";"9.003616e-02"
"    0";"    4";" 0.00";"  -2.874";"00694";"9.003616e-02"
"    1";"    8";"12.50";"  -2.824";"023";"9.283802e-02"
"    1";"    8";"12.50";"  -2.824";"230";"9.283802e-02"
"    1";"    8";"12.50";"  -2.824";"1977";"9.283802e-02"
"    1";"    8";"12.50";"  -2.824";"1962";"9.283802e-02"
"    1";"    8";"12.50";"  -2.824";"2026";"9.283802e-02"
"    1";"    8";"12.50";"  -2.824";"900";"9.283802e-02"
"    6";"   24";"25.00";"  -2.787";"135";"9.501988e-02"
"    6";"   24";"25.00";"  -2.787";"1984";"9.501988e-02"
"  320";"  821";"38.98";"  -2.732";"varios";"9.837550e-02"
"   23";"   71";"32.39";"  -2.588";"99";"1.077031e-01"
"    2";"   11";"18.18";"  -2.524";"3390";"1.121392e-01"
"    2";"   11";"18.18";"  -2.524";"223";"1.121392e-01"
"   22";"   68";"32.35";"  -2.500";"93";"1.138440e-01"
"    9";"   32";"28.12";"  -2.463";"114";"1.165567e-01"
"    9";"   32";"28.12";"  -2.463";"117";"1.165567e-01"
"    3";"   14";"21.43";"  -2.390";"1080";"1.221145e-01"
"    3";"   14";"21.43";"  -2.390";"1968";"1.221145e-01"
"    3";"   14";"21.43";"  -2.390";"350";"1.221145e-01"
"   13";"   43";"30.23";"  -2.369";"encima";"1.237787e-01"
"    7";"   26";"26.92";"  -2.368";"q";"1.238416e-01"
"    4";"   17";"23.53";"  -2.335";"153";"1.265214e-01"
"    5";"   20";"25.00";"  -2.323";"1007";"1.275113e-01"
"   16";"   51";"31.37";"  -2.284";"98";"1.307495e-01"
"   25";"   75";"33.33";"  -2.215";"doble";"1.366471e-01"
"    1";"    7";"14.29";"  -2.179";"48550";"1.398718e-01"
"    1";"    7";"14.29";"  -2.179";"236";"1.398718e-01"
"    1";"    7";"14.29";"  -2.179";"221";"1.398718e-01"
"    1";"    7";"14.29";"  -2.179";"371";"1.398718e-01"
"    1";"    7";"14.29";"  -2.179";"1952";"1.398718e-01"
"    1";"    7";"14.29";"  -2.179";"455";"1.398718e-01"
"    1";"    7";"14.29";"  -2.179";"1972";"1.398718e-01"
"    1";"    7";"14.29";"  -2.179";"792";"1.398718e-01"
"   82";"  222";"36.94";"  -2.170";"g";"1.407294e-01"
"   55";"  153";"35.95";"  -2.163";"2009";"1.413800e-01"
"    0";"    3";" 0.00";"  -2.155";"017";"1.420818e-01"
"    0";"    3";" 0.00";"  -2.155";"981";"1.420818e-01"
"    0";"    3";" 0.00";"  -2.155";"032";"1.420818e-01"
"    0";"    3";" 0.00";"  -2.155";"833";"1.420818e-01"
"    0";"    3";" 0.00";"  -2.155";"366";"1.420818e-01"
"    0";"    3";" 0.00";"  -2.155";"649";"1.420818e-01"
"    0";"    3";" 0.00";"  -2.155";"1911";"1.420818e-01"
"    0";"    3";" 0.00";"  -2.155";"056";"1.420818e-01"
"    0";"    3";" 0.00";"  -2.155";"944";"1.420818e-01"
"    0";"    3";" 0.00";"  -2.155";"904";"1.420818e-01"
"    0";"    3";" 0.00";"  -2.155";"854";"1.420818e-01"
"    0";"    3";" 0.00";"  -2.155";"850";"1.420818e-01"
"    0";"    3";" 0.00";"  -2.155";"840";"1.420818e-01"
"    0";"    3";" 0.00";"  -2.155";"702";"1.420818e-01"
"    0";"    3";" 0.00";"  -2.155";"518";"1.420818e-01"
"    0";"    3";" 0.00";"  -2.155";"1906";"1.420818e-01"
"    0";"    3";" 0.00";"  -2.155";"1900";"1.420818e-01"
"    0";"    3";" 0.00";"  -2.155";"048";"1.420818e-01"
"    0";"    3";" 0.00";"  -2.155";"852";"1.420818e-01"
"    0";"    3";" 0.00";"  -2.155";"784";"1.420818e-01"
"    0";"    3";" 0.00";"  -2.155";"730";"1.420818e-01"
"    0";"    3";" 0.00";"  -2.155";"639";"1.420818e-01"
"    0";"    3";" 0.00";"  -2.155";"634";"1.420818e-01"
"    0";"    3";" 0.00";"  -2.155";"501100011033";"1.420818e-01"
"    0";"    3";" 0.00";"  -2.155";"392";"1.420818e-01"
"    0";"    3";" 0.00";"  -2.155";"345";"1.420818e-01"
"    0";"    3";" 0.00";"  -2.155";"2766";"1.420818e-01"
"    0";"    3";" 0.00";"  -2.155";"1954";"1.420818e-01"
"    0";"    3";" 0.00";"  -2.155";"1917";"1.420818e-01"
"    0";"    3";" 0.00";"  -2.155";"1870";"1.420818e-01"
"    0";"    3";" 0.00";"  -2.155";"1824";"1.420818e-01"
"    0";"    3";" 0.00";"  -2.155";"1789";"1.420818e-01"
"    0";"    3";" 0.00";"  -2.155";"1677";"1.420818e-01"
"    0";"    3";" 0.00";"  -2.155";"1597";"1.420818e-01"
"    0";"    3";" 0.00";"  -2.155";"13039";"1.420818e-01"
"    0";"    3";" 0.00";"  -2.155";"063";"1.420818e-01"
"    0";"    3";" 0.00";"  -2.155";"mm";"1.420818e-01"
"    0";"    3";" 0.00";"  -2.155";"_____";"1.420818e-01"
"    0";"    3";" 0.00";"  -2.155";"9000";"1.420818e-01"
"    0";"    3";" 0.00";"  -2.155";"896";"1.420818e-01"
"    0";"    3";" 0.00";"  -2.155";"894";"1.420818e-01"
"    0";"    3";" 0.00";"  -2.155";"832";"1.420818e-01"
"    0";"    3";" 0.00";"  -2.155";"8000";"1.420818e-01"
"    0";"    3";" 0.00";"  -2.155";"724";"1.420818e-01"
"    0";"    3";" 0.00";"  -2.155";"3058";"1.420818e-01"
"    0";"    3";" 0.00";"  -2.155";"2854";"1.420818e-01"
"    0";"    3";" 0.00";"  -2.155";"1914";"1.420818e-01"
"    0";"    3";" 0.00";"  -2.155";"1876";"1.420818e-01"
"    0";"    3";" 0.00";"  -2.155";"1818";"1.420818e-01"
"    0";"    3";" 0.00";"  -2.155";"1725";"1.420818e-01"
"    0";"    3";" 0.00";"  -2.155";"1300";"1.420818e-01"
"    0";"    3";" 0.00";"  -2.155";"1105";"1.420818e-01"
"    9";"   31";"29.03";"  -2.080";"139";"1.492373e-01"
"    8";"   28";"28.57";"  -2.017";"116";"1.555817e-01"
"*";"*";"*";"*";"*";"*"
"  66";" 2600";" 2.54";"-1708.191";"*DOC086";" 0.000000e+00"
" 745";" 4682";"15.91";"-1377.985";"*YEAR2018";"1.277606e-301"
" 144";" 1850";" 7.78";" -902.884";"*DOC037";"2.317057e-198"
" 489";" 2957";"16.54";" -808.558";"*YEAR2021";"7.438532e-178"
"   8";" 1045";" 0.77";" -733.892";"*DOC048";"1.276038e-161"
" 102";"  880";"11.59";" -334.223";"*DOC137";" 1.155936e-74"
" 148";" 1026";"14.42";" -320.647";"*DOC088";" 1.047315e-71"
"4394";"12550";"35.01";" -287.037";"*YEAR2023";" 2.198531e-64"
" 100";"  760";"13.16";" -259.058";"*DOC148";" 2.753884e-58"
" 256";" 1273";"20.11";" -250.639";"*YEAR2020";" 1.884480e-56"
"  71";"  631";"11.25";" -244.224";"*DOC082";" 4.717036e-55"
"  76";"  573";"13.26";" -193.382";"*DOC111";" 5.809865e-44"
"  12";"  311";" 3.86";" -184.863";"*DOC010";" 4.205219e-42"
" 116";"  660";"17.58";" -160.715";"*DOC154";" 7.898076e-37"
"  73";"  491";"14.87";" -147.440";"*DOC002";" 6.288241e-34"
"  64";"  451";"14.19";" -142.243";"*DOC161";" 8.606235e-33"
" 248";" 1028";"24.12";" -133.975";"*DOC084";" 5.533372e-31"
" 206";"  897";"22.97";" -132.492";"*YEAR2022";" 1.167809e-30"
" 242";"  995";"24.32";" -126.742";"*DOC024";" 2.116040e-29"
"  93";"  523";"17.78";" -124.960";"*DOC155";" 5.191812e-29"
"  14";"  226";" 6.19";" -118.169";"*DOC052";" 1.592127e-27"
" 192";"  819";"23.44";" -114.790";"*DOC168";" 8.748201e-27"
"  87";"  427";"20.37";"  -81.084";"*DOC001";" 2.162969e-19"
" 648";" 2020";"32.08";"  -80.772";"*DOC011";" 2.533301e-19"
"   6";"  127";" 4.72";"  -71.904";"*DOC049";" 2.258895e-17"
" 331";" 1118";"29.61";"  -69.449";"*DOC159";" 7.843503e-17"
"  34";"  225";"15.11";"  -66.108";"*DOC013";" 4.269007e-16"
"  86";"  392";"21.94";"  -63.939";"*DOC039";" 1.283393e-15"
"  33";"  218";"15.14";"  -63.918";"*DOC118";" 1.297073e-15"
" 119";"  490";"24.29";"  -62.239";"*DOC031";" 3.041510e-15"
" 280";"  952";"29.41";"  -60.900";"*DOC089";" 6.005320e-15"
"  40";"  232";"17.24";"  -57.725";"*DOC108";" 3.014380e-14"
"   6";"  105";" 5.71";"  -56.300";"*DOC066";" 6.221316e-14"
"  14";"  122";"11.48";"  -46.209";"*DOC067";" 1.062853e-11"
"  11";"  108";"10.19";"  -44.452";"*DOC065";" 2.606543e-11"
" 821";" 2303";"35.65";"  -37.043";"*YEARNA";" 1.155621e-09"
"  67";"  277";"24.19";"  -35.476";"*DOC029";" 2.582601e-09"
"   4";"   67";" 5.97";"  -35.399";"*DOC149";" 2.686302e-09"
" 182";"  602";"30.23";"  -33.418";"*DOC027";" 7.434686e-09"
"  95";"  355";"26.76";"  -33.191";"*DOC061";" 8.352297e-09"
" 326";"  991";"32.90";"  -32.779";"*DOC085";" 1.032451e-08"
"   7";"   75";" 9.33";"  -32.541";"*DOC136";" 1.167314e-08"
"   0";"   45";" 0.00";"  -32.347";"*DOC143";" 1.289271e-08"
"  14";"   97";"14.43";"  -29.914";"*DOC087";" 4.516337e-08"
"   2";"   50";" 4.00";"  -29.395";"*DOC135";" 5.903422e-08"
"  23";"  117";"19.66";"  -23.628";"*DOC105";" 1.168744e-06"
" 135";"  436";"30.96";"  -21.195";"*DOC106";" 4.148841e-06"
"  11";"   72";"15.28";"  -20.848";"*DOC021";" 4.972748e-06"
"  12";"   72";"16.67";"  -18.722";"*DOC064";" 1.512330e-05"
" 143";"  450";"31.78";"  -18.716";"*DOC075";" 1.517056e-05"
" 465";" 1294";"35.94";"  -18.661";"*DOC096";" 1.561244e-05"
"  27";"  120";"22.50";"  -18.415";"*DOC062";" 1.776971e-05"
"  55";"  203";"27.09";"  -18.111";"*DOC166";" 2.083593e-05"
"  16";"   83";"19.28";"  -17.335";"*DOC068";" 3.132972e-05"
" 614";" 1665";"36.88";"  -17.013";"*DOC051";" 3.712289e-05"
"  43";"  165";"26.06";"  -16.852";"*DOC025";" 4.040966e-05"
" 138";"  428";"32.24";"  -16.183";"*DOC092";" 5.751250e-05"
"  43";"  161";"26.71";"  -15.118";"*DOC004";" 1.009876e-04"
"  63";"  218";"28.90";"  -14.972";"*DOC129";" 1.091226e-04"
" 541";" 1452";"37.26";"  -12.588";"*DOC014";" 3.881325e-04"
"   3";"   29";"10.34";"  -11.803";"*DOC150";" 5.912526e-04"
"   0";"   16";" 0.00";"  -11.497";"*DOC080";" 6.971683e-04"
"  93";"  284";"32.75";"   -9.618";"*DOC041";" 1.926489e-03"
"  31";"  107";"28.97";"   -7.255";"*DOC055";" 7.070845e-03"
"   0";"   10";" 0.00";"   -7.185";"*DOC046";" 7.351955e-03"
"  34";"  115";"29.57";"   -7.094";"*DOC016";" 7.734762e-03"
"   4";"   25";"16.00";"   -6.846";"*DOC133";" 8.885743e-03"
"  35";"  117";"29.91";"   -6.811";"*DOC012";" 9.057759e-03"
"  37";"  122";"30.33";"   -6.618";"*DOC160";" 1.009663e-02"
"  91";"  264";"34.47";"   -5.862";"*DOC008";" 1.547533e-02"
"  25";"   85";"29.41";"   -5.373";"*DOC109";" 2.044614e-02"
"  24";"   82";"29.27";"   -5.304";"*DOC069";" 2.127365e-02"
"  16";"   59";"27.12";"   -5.236";"*DOC071";" 2.212783e-02"
"  59";"  176";"33.52";"   -4.976";"*DOC018";" 2.570694e-02"
"  29";"   95";"30.53";"   -4.975";"*DOC053";" 2.572056e-02"
"  42";"  130";"32.31";"   -4.829";"*DOC023";" 2.797826e-02"
"   8";"   33";"24.24";"   -4.186";"*DOC047";" 4.075399e-02"
"   0";"    4";" 0.00";"   -2.874";"*DOC142";" 9.003616e-02"
"  12";"   41";"29.27";"   -2.651";"*DOC139";" 1.035082e-01"
"   0";"    3";" 0.00";"   -2.155";"*DOC126";" 1.420818e-01"
" 162";"  423";"38.30";"   -2.152";"*DOC121";" 1.423593e-01"
" 174";"  452";"38.50";"   -2.049";"*YEAR2019";" 1.523332e-01"
