"";"banalfreq";"X.YEAR2018";"X.YEAR2019";"X.YEAR2020";"X.YEAR2021";"X.YEAR2022";"X.YEAR2023";"X.YEAR2024";"X.YEAR2025"
"urgente";83;-0,2204;-0,226;-0,6313;-0,9381;-0,4492;0,3206;-0,6483;1,7489
"fundación";131;-0,3501;0,2517;0,7119;0,2857;0,3156;-0,3131;-0,6381;0,6172
"pablar";42;1,8847;-0,1143;-0,3194;-0,3531;1,0204;-0,4104;0,3397;-0,8737
"cobrar";70;0,591;-0,1906;-0,5324;-1,367;0,6674;0,4865;-1,0973;1,2411
"solución";1125;-0,8243;0,7647;-1,3308;-0,4031;-0,5779;-0,2964;0,7979;0,344
"exitoso";174;0,9418;-0,1527;0,7287;-0,4523;0,4373;-0,6367;0,7651;-1,0166
"depositar";13;0,2519;-0,0354;0,6912;0,3539;-0,0703;-0,5053;-0,5723;0,6739
"esperanza";61;1,9379;-0,1661;1,0465;-0,3061;-0,3301;1,0126;-0,6429;-1,4447
"implementan";31;-0,3698;-0,0844;1,786;-0,6054;0,4943;-0,4507;-0,2881;0,4228
"poner";965;1,2998;-1,2215;1,9162;1,095;0,3786;-0,8214;-1,7442;0,8756
"ambiente";270;-1,8479;-0,3041;0,2974;-1,3402;-0,457;0,2848;1,018;0,5725
"propósito";479;-1,5952;-0,7007;0,6675;-1,9548;-1,7468;0,4126;1,0189;0,6179
"especializado";330;-0,8567;0,4683;0,4561;-0,3893;-1,0751;0,3154;1,4899;-0,9715
"suscitar";49;-0,7208;0,5776;-0,3727;-0,1979;-0,2652;0,4661;-0,2708;0,4612
"auge";61;1,1071;1,2512;-0,1464;-1,1913;-0,3301;1,0126;-0,5041;-0,7013
"dra";63;-0,6001;-0,1715;-0,4792;-1,2303;-0,3409;0,7106;0,5467;0,3753
"lic";16;-0,4386;-0,0436;-0,1217;-0,3125;-0,0866;0,526;0,4175;-0,2063
"gabriel";18;-0,4935;-0,049;-0,1369;0,2558;1,6868;1,5926;-0,5646;-0,884
"exacto";69;0,3814;0,4545;-0,5248;-0,3867;1,264;-1,4811;0,4634;0,5588
"directora";101;-0,8931;0,8798;-0,7682;0,3386;-0,1912;0,5277;0,5421;-0,4811
"cerrado";58;0,3211;0,516;-0,4411;-0,2775;-0,3139;-0,361;1,3406;-0,9894
"aristas";12;0,2748;-0,0327;-0,0913;-0,2343;0,8573;-0,1856;-0,24;-0,1927
"surgir";479;-0,8776;0,7374;-0,2611;-1,1836;1,1079;-0,3271;-0,5285;1,1999
"intervenir";98;0,2529;-0,2668;1,5464;0,5814;0,465;0,4709;-0,672;-0,5124
"afectar";605;0,4076;-1,6473;-0,7548;1,9077;0,6545;0,8052;0,3203;-1,5498
"37";208;-0,5714;-0,5663;-0,9123;0,3643;-0,5683;-0,9577;-0,2777;1,8482
"funcionamiento";354;-1,8129;-0,2081;-0,8652;-1,5961;1,1189;-0,536;0,7966;1,0609
"rechazar";68;0,3944;-0,1851;-0,1745;0,4554;-0,368;0,5432;-0,3852;-0,3604
"circulación";24;-0,2491;-0,0653;-0,1825;0,5452;-0,1299;-0,4201;0,7174;-0,3852
"frontera";118;0,5282;0,2817;-0,4083;0,379;0,7432;0,4041;0,5826;-1,4418
"impactado";17;-0,1422;-0,0463;-0,1293;0,2721;-0,092;-0,7486;-0,2741;0,9528
"masivo";206;1,0846;-0,5608;-0,2847;0,5253;1,8234;1,2394;-0,8523;-1,3586
"grá";13;-0,3564;-0,0354;0,6912;-0,2539;-0,0703;0,399;-1,4508;1,5931
"existencia";140;0,3115;-0,3812;0,3573;-1,2865;-0,7576;0,3238;-0,3054;0,8044
"inmenso";55;0,9263;-0,1497;0,2088;-1,0741;-0,2976;1,6575;-0,9206;-0,3339
"concentrar";90;-0,2796;-0,245;0,6862;0,4406;-0,487;1,253;-1,4575;0,4867
"voluntario";78;0,9834;-0,2124;0,4053;-0,2598;-0,4221;1,6347;-0,6403;-1,0706
"costoso";34;-0,4248;-0,0926;-0,2586;1,2164;-0,184;0,2569;0,2785;-0,3003
"estadístico";246;0,3595;0,3419;-0,7022;-0,6148;0,4399;0,3548;-0,6549;0,8597
"certeza";38;1,0954;-0,1035;0,3134;-0,7421;-0,2056;0,9564;-1,0137;0,3005
"advertencia";15;0,2132;-0,0408;-0,1141;-0,2929;-0,0812;-0,6247;0,8301;0,262
"comilla";14;-0,3838;-0,0381;-0,1065;-0,2734;-0,0758;0,667;-0,2234;0,3126
"aceptar";218;1,8219;0,4029;-0,9722;-0,2933;-0,6076;1,34;-1,1655;-0,4533
"habitualmente";46;0,2676;-0,1252;-0,3499;-0,1736;0,9542;1,34;-1,0289;-0,3037
"reproducir";106;-0,6642;0,8462;0,9447;-0,5087;0,8392;1,41;-1,1359;-0,3138
"ceo";14;-0,3838;1,0756;-0,1065;-0,2734;-0,0758;1,6352;-1,6372;0,5763
"nvidia";22;-0,2169;0,89;1,2569;0,2019;-0,1191;-0,6236;-1,8974;1,9698
"digitalizada";14;-0,3838;-0,0381;0,6627;-0,2734;-0,0758;0,3476;-0,4129;0,5763
"surgimiento";49;0,2341;-0,1334;-0,3727;-0,4445;-0,2652;0,8813;-1,6048;1,5962
"boom";21;-0,2013;-0,0572;-0,1597;0,6282;0,6378;-0,3081;-0,3962;0,3533
"optimisto";23;-0,2328;-0,0626;-0,1749;-0,4492;1,486;1,9474;-0,8222;-0,5611
"noción";98;1,1132;0,901;-0,7454;-0,4315;-0,5303;-0,4542;-0,5573;0,7238
"repetir";107;-0,4492;0,311;-0,3529;-0,8363;-0,2095;1,1576;-0,6399;0,5458
"bene";11;-0,3016;-0,0299;0,7564;-0,2148;-0,0595;-0,9116;-0,3537;1,4456
"cio";27;-0,7402;-0,0735;1,0997;-0,5273;0,5441;0,7544;-0,972;0,6526
"pleno";68;1,6492;-0,1851;0,4803;0,7467;0,243;0,279;-0,6244;-0,8149
"sostener";144;-0,3209;-0,392;-0,2654;0,9838;-0,3312;-0,3332;0,5289;-0,5268
"visibilizar";14;-0,3838;-0,0381;-0,1065;-0,2734;-0,0758;-0,5644;-0,4129;1,9614
"democratizar";44;-0,6188;-0,1198;0,2698;-0,8593;-0,2381;-1,0026;1,0548;0,6988
"summit";14;-0,3838;-0,0381;0,6627;0,9064;-0,0758;0,667;-0,4129;-0,5615
"enriquecidas";15;-0,4112;-0,0408;-0,1141;-0,2929;-0,0812;-0,2989;0,8301;0,262
"imaginario";46;0,2676;-0,1252;-0,3499;-0,4048;-0,2489;0,2524;1,0628;-0,6165
"cine";44;-0,3095;-0,1198;-0,3347;-0,8593;-0,2381;0,6497;-0,6567;1,1723
"interactúa";42;0,3203;-0,1143;0,2834;-0,8202;0,3899;0,5224;-0,5191;0,4384
"distinguir";183;-0,6846;0,9668;-1,3919;-0,2322;0,7147;-0,5775;1,6187;-0,8962
"ambicioso";34;0,4615;-0,0926;1,6784;0,3524;-0,184;-0,5644;0,2785;-0,4615
"denominar";209;-0,9887;-0,2046;-0,2941;0,5024;1,3273;-0,9804;0,9841;-0,3695
"ación";11;-0,3016;-0,0299;-0,0837;0,4087;-0,0595;0,9665;-1,0919;0,533
"funcional";62;-0,9973;0,4921;-0,4716;-0,6251;-0,3355;-0,4603;1,598;-0,3072
"predominante";21;-0,5757;-0,0572;-0,1597;-0,4101;-0,1136;-0,5731;-0,2401;1,658
"ml";42;-1,1514;-0,1143;-0,3194;-0,3531;-0,2273;0,5224;1,047;-0,446
"representar";726;-1,9155;0,5184;0,6975;-0,6686;1,1422;1,0918;-0,4412;-0,2894
"rasgo";61;0,4988;-0,1661;-0,464;-0,6108;-0,3301;-0,6104;1,2354;-0,3921
"excepción";62;0,7505;-0,1688;-0,1503;-0,6251;-0,3355;0,2827;-0,7059;0,8835
"espacial";57;1,2348;-0,1552;-0,4335;-1,1131;0,2937;1,2267;0,2875;-1,1987
"clarke";18;-0,4935;0,9718;-0,1369;-0,3515;-0,0974;-0,4292;-0,5646;1,6875
"distintivo";19;-0,5209;-0,0517;-0,1445;-0,371;-0,1028;-0,4758;0,8354;0,4672
"pesar";422;0,3634;0,5657;-0,5873;0,762;-0,9772;0,4727;1,0602;-1,8167
"captar";75;0,3116;0,4259;-0,5704;1,7648;0,2166;-0,3478;-1,2917;0,769
"pieza";70;-0,7199;-0,1906;0,9125;-0,3972;0,2351;-1,9323;0,5281;1,2411
"normalmente";69;0,3814;0,4545;0,4721;0,7288;1,264;1,6236;-1,0207;-1,6375
"abordadas";18;-0,4935;-0,049;-0,1369;-0,3515;0,697;-0,21;-0,5646;1,2234
"lógico";160;0,5607;-0,4356;0,519;-0,7859;0,8589;0,2877;0,377;-0,5163
"aprovechamiento";83;-1,4687;-0,226;0,3731;1,9691;-0,1394;-1,7833;0,2713;1,0828
"trasladar";50;1,98;0,5701;0,6667;-0,458;0,3338;0,4356;-1,1568;-0,4349
"cidad";32;-0,8773;-0,0871;1,7488;-0,6249;-0,1732;-1,7639;1,3079;0,3784
"referir";425;0,277;0,3045;-0,5975;-0,5061;0,7933;-0,3589;0,3972;0,3147
"hallar";55;-0,249;-0,1497;-0,4183;-1,0741;-0,2976;0,8311;0,2752;0,3832
"único";499;1,45;-0,2071;-0,301;-1,3437;-1,2725;-0,7016;0,4265;0,5525
"convivir";39;-1,0692;0,6638;-0,2966;0,2871;-0,2111;1,1952;-1,1142;0,7883
"ambigüedad";42;-0,5789;-0,1143;-0,3194;-0,8202;-0,2273;-0,2591;0,4705;0,8202
"trained";39;-1,0692;-0,1062;-0,2966;0,611;-0,2111;-1,1287;0,2629;1,6542
"transformer";54;-1,4804;-0,147;-0,4107;-1,0545;-0,2922;0,4788;1,8809;-0,5889
"generativo";40;-1,0966;-0,1089;-0,3042;-0,7811;-0,2165;0,8417;0,6167;-0,2437
"preentrenado";10;-0,2741;-0,0272;-0,0761;-0,1953;-0,0541;0,2678;0,6454;-0,2851
"precisamente";101;0,5573;-0,275;-0,3235;-1,9724;-0,1912;1,0026;-0,7011;0,6166
"nombrar";32;1,363;-0,0871;0,9738;-0,2319;1,2252;-0,4876;-0,3434;-0,8351
"optar";93;0,4657;0,3548;-0,7074;-0,2139;-0,5033;-0,6233;-0,4455;1,1113
"popularización";19;-0,171;-0,0517;-0,1445;-0,371;-0,1028;1,0135;0,3514;-0,5923
"ausencia";95;-1,7476;-0,2586;1,0755;-0,4037;0,4825;-0,394;-0,6429;1,6079
"coincidir";147;1,1729;-0,4002;-1,1181;-1,387;-0,7955;0,7158;-0,307;0,3346
"1943";14;0,6782;-0,0381;-0,1065;0,3305;-0,0758;-1,1602;0,6621;-0,2897
"servir";469;-1,2863;-0,3584;-0,2422;-0,7507;0,4405;0,9507;0,518;-0,4151
"inspiración";47;0,8004;-0,128;0,2511;-0,4179;-0,2543;0,3642;0,4381;-0,6629
"mcculloch";18;1,6686;-0,049;-0,1369;0,7296;-0,0974;-0,4292;0,2592;-0,884
"pitts";18;1,6686;-0,049;-0,1369;0,7296;-0,0974;-0,4292;0,2592;-0,884
"machinery";25;0,3396;0,8385;-0,1901;0,5208;-0,1353;0,5868;-1,4228;0,5486
"aparición";161;1,4138;1,0924;-0,6397;-1,5921;0,4927;-0,4113;-0,5125;0,5271
"dartmouth";38;-1,0417;1,6261;-0,289;0,6325;1,0946;1,2679;-1,2954;-0,3016
"1956";34;-0,4248;0,7168;-0,2586;1,8021;0,4617;1,2327;-0,469;-1,8074
"summer";13;-0,3564;1,1065;-0,0989;0,3539;-0,0703;-0,5053;-0,5723;1,079
"proceder";90;1,0028;-0,245;0,6862;-0,6237;0,5135;-0,7135;-0,9118;1,0841
"abstracciones";11;-0,3016;-0,0299;-0,0837;-0,2148;-0,0595;0,2262;0,4901;0,2581
"reservar";35;1,2204;-0,0953;0,3389;-0,6835;-0,1894;-0,6044;0,897;-0,736
"elección";164;-0,6802;-0,1387;-0,6566;1,5262;0,8316;0,8208;-0,7122;-0,4286
"cuidado";115;0,3909;-0,3131;-0,393;-0,3701;-0,6223;-0,3337;0,5185;0,3451
"atribuir";56;-0,2598;-0,1525;-0,4259;-0,5403;0,299;0,4211;-0,8051;1,2763
"fácilmente";139;-0,2836;1,9334;-1,0572;1,3608;0,6057;-0,679;0,3229;-0,5057
"1983";34;0,8182;-0,0926;-0,2586;-0,664;1,1787;0,642;0,2785;-0,9661
"russell";70;-1,919;1,1465;-0,1828;0,4311;-0,3788;1,0493;-1,0973;0,8362
"norvig";33;-0,9047;1,7415;0,3576;0,7549;-0,1786;0,4608;-0,7846;0,3381
"componente";327;1,958;0,4748;-1,1177;-0,6507;-1,0621;-1,1981;0,3006;0,8111
"dirección";323;0,478;-0,8794;0,3095;-1,5883;0,4305;1,1807;-0,3121;-0,5128
"andar";30;-0,3519;-0,0817;-0,2282;-0,2093;-0,1623;0,5902;-1,008;1,2679
"andamiaje";23;-0,6305;0,872;-0,1749;-0,4492;-0,1245;1,9474;-0,5643;-0,3389
"implementados";11;0,3005;-0,0299;-0,0837;-0,2148;-0,0595;0,2262;-0,3537;0,533
"ambo";357;0,5666;-0,4607;-1,8517;-1,0784;0,5482;-0,2734;0,5834;0,3229
"imprescindible";95;-1,7476;-0,2586;1,0755;-1,8552;-0,5141;-1,3391;1,0288;1,3911
"proveer";56;-0,4865;-0,1525;0,2041;-0,5403;0,299;1,02;-0,3731;-0,2555
"ciente";29;-0,795;-0,079;1,0462;-0,5663;-0,1569;-0,3805;-0,6531;1,7685
"deducción";13;0,2519;-0,0354;-0,0989;-0,2539;0,8252;-0,5053;-0,5723;1,079
"artefacto";51;0,6984;-0,1388;-0,3879;0,7315;-0,276;0,7862;-0,6297;-0,4714
"involucrar";485;-1,662;-0,3813;-1,5117;-0,5645;-0,3529;-0,5416;0,4727;1,833
"expert";25;-0,6854;-0,0681;-0,1901;1,6466;0,5724;0,5868;-1,0543;0,3471
"magnitud";33;0,8524;-0,0898;0,9514;-0,2434;-0,1786;-1,2396;0,4783;-0,2669
"cierta|cierto";129;0,407;-0,3512;0,7279;-0,7528;0,6669;0,513;0,4992;-0,9657
"necesariamente";119;-0,255;-0,324;-0,1813;0,812;0,3622;1,2733;-0,4477;-1,0893
"spam";31;0,926;-0,0844;-0,2358;0,3999;0,4943;-0,725;0,3144;-0,3365
"fracaso";42;0,9513;-0,1143;0,7821;0,2546;-0,2273;-0,4104;-0,5191;0,2994
"ende";52;-1,4255;-0,1416;-0,3955;-1,0155;-0,2814;-1,4037;1,5905;1,0753
"nodo";59;0,3091;0,5098;-0,4487;-1,1522;1,4324;1,3866;-0,5259;-0,6177
"valor";1461;-0,7075;-1,2994;0,8188;-0,7916;0,4477;-1,9282;1,0767;0,9352
"interno";199;-1,8021;-0,1893;-0,8589;-1,2222;0,349;-0,3682;1,281;0,5339
"originalmente";22;0,4055;0,89;0,4952;-0,4296;-0,1191;-0,6236;0,3012;0,3069
"inspirar";132;-1,0531;0,699;-0,4813;0,4419;-0,2902;1,3475;-0,3398;-0,5362
"convolucionales";12;-0,329;-0,0327;-0,0913;1,0211;-0,0649;-0,4476;-0,24;0,4456
"recurrente";79;-0,8818;-0,2151;-0,2214;0,3373;-0,4275;-0,9974;1,7519;-0,3336
"experimento";125;1,6776;0,7347;-0,4444;-1,6119;-0,267;1,432;-0,2756;-1,5538
"estadísticamente";21;-0,2013;-0,0572;-0,1597;0,2139;-0,1136;-0,5731;-0,2401;0,8682
"satisfacer";156;-0,5917;0,2049;0,2925;-0,3298;-0,8442;0,7562;0,8865;-0,9953
"realizarse";38;-0,2315;-0,1035;-0,289;0,299;-0,2056;-0,4781;0,4401;0,4477
"interactúan";77;-0,8451;-0,2096;-0,5857;-0,2521;0,6072;0,326;1,748;-1,2554
"hacerse";69;1,6119;-0,1879;-0,5248;1,082;0,6766;1,9279;-1,4512;-1,6375
"separación";14;0,6782;-0,0381;-0,1065;0,3305;-0,0758;-0,5644;-1,6372;1,9614
"indirectamente";15;0,2132;-0,0408;-0,1141;0,3093;0,7683;-0,2989;0,5265;-0,6385
"independientemente";136;-0,5723;0,2413;-0,5026;0,4085;1,5572;-1,3152;0,4907;0,5824
"contratar";42;0,5948;-0,1143;0,2834;0,9509;-0,2273;1,0004;-1,7693;0,2994
"cuyo";255;0,6592;0,6683;1,4485;1,0023;-0,2134;-0,7717;-0,883;0,3674
"demandar";63;-1,0191;0,4864;0,5244;-0,3257;-0,3409;-0,9107;1,4746;-0,3336
"oración";79;-1,377;0,4083;-0,6009;-1,5428;0,2032;1,3189;1,1159;-0,9077
"inadecuado";71;1,5401;-0,1933;-0,54;0,4195;0,2312;-0,9544;-0,9813;1,1764
"neto";16;-0,4386;-0,0436;0,6119;-0,3125;-0,0866;0,2647;0,2365;0,4223
"antigüedad";13;0,7282;-0,0354;-0,0989;0,3539;-0,0703;-1,0774;0,2816;0,3731
"lateral";13;-0,3564;-0,0354;-0,0989;-0,2539;-0,0703;-0,2212;0,2816;0,6739
"implementaron";14;-0,3838;-0,0381;-0,1065;-0,2734;-0,0758;-0,259;0,6621;0,3126
"categorización";28;-0,3167;-0,0762;-0,213;-0,1874;-0,1515;0,6952;1,3188;-1,8076
"escala";414;-0,3522;0,5835;-0,3761;-0,3495;-0,9475;0,333;1,3635;-1,1569
"reciente|recién";23;0,382;-0,0626;-0,1749;0,5712;0,6035;0,7033;-0,3686;-0,8807
"less";18;-0,4935;-0,049;-0,1369;0,7296;-0,0974;0,4164;-1,2558;1,2234
"camente";20;-0,5483;-0,0544;1,332;-0,3906;-0,1082;-0,9411;0,6944;0,4065
"3d";72;1,5055;-0,196;-0,5476;-0,2152;0,6494;-0,2902;-1,7342;1,1146
"iluminación";21;0,8728;-0,0572;-0,1597;-0,4101;-0,1136;-0,5731;-0,2401;0,5774
"sombra";25;-0,6854;-0,0681;-0,1901;0,5208;-0,1353;-0,4602;0,606;0,3471
"matemáticas";459;-0,4097;0,7891;0,2645;-0,849;-1,117;-0,6523;0,2964;1,2317
"experimentar";368;-0,3717;-1,0019;-0,9297;-1,4378;-1,2422;0,6578;-0,6845;1,9902
"introducir";386;-0,3786;-1,0509;-1,0144;0,468;-0,3196;0,7997;-0,7225;0,6954
"computation";10;-0,2741;-0,0272;-0,0761;1,1624;-0,0541;-0,8287;-0,2604;0,6391
"andrew";16;0,1967;1,0203;-0,1217;0,2899;-0,0866;0,526;0,2365;-0,7181
"ng";45;-1,2336;1,4898;-0,3423;1,8696;-0,2435;-1,0506;0,9452;-0,5716
"simultáneamente";47;-0,6797;0,5931;1,3169;0,8207;-0,2543;0,533;-0,8913;0,2701
"device";14;-0,3838;-0,0381;-0,1065;0,9064;-0,0758;-1,1602;-0,2234;0,9363
"architecture";17;-0,466;-0,0463;-0,1293;0,2721;-0,092;1,7374;-0,739;-0,2479
"complejidad";359;-0,3257;-0,4645;-0,8881;0,9389;-1,2024;-0,4565;0,7807;-0,3938
"creciente";224;-0,3064;-0,6099;0,7072;0,5478;-0,6314;-0,3887;-0,3216;0,4249
"viable";39;-0,52;-0,1062;-0,2966;0,2871;-0,2111;1,5384;-0,3429;-0,4958
"cero";61;0,2863;-0,1661;-0,1464;-0,6108;0,2738;0,7891;0,3119;-0,5307
"fabricación";42;0,5948;-0,1143;0,7821;-0,3531;-0,2273;1,0004;-0,5191;-0,6338
"concentración";58;0,5516;-0,1579;-0,1348;0,9543;-0,3139;-0,7261;0,5822;-0,5777
"contaminación";17;-0,466;-0,0463;-0,1293;-0,332;-0,092;0,2313;0,8317;-0,2479
"degradación";10;0,3297;-0,0272;-0,0761;-0,1953;-0,0541;0,6114;-0,9208;0,6391
"fabricar";27;1,6513;-0,0735;-0,2054;1,5344;-0,1461;0,7544;-1,3059;-0,8185
"considerarse";95;1,1851;0,348;1,5972;0,6197;-0,1734;-1,0813;-0,6429;0,2705
"250";25;0,7108;-0,0681;1,1581;-0,4882;-0,1353;-0,4602;-0,5232;0,5486
"energético";40;0,6434;-0,1089;0,2978;-0,7811;-0,2165;-1,1824;0,3248;0,9598
"dimensionar";18;-0,4935;-0,049;1,4162;-0,3515;-0,0974;-0,8119;-0,5646;1,6875
"meta";239;0,6702;-0,6507;-1,1;-1,0174;-0,6917;-0,6031;1,0226;0,372
"equivaler";26;-0,2823;-0,0708;-0,1978;-0,1661;-0,1407;1,1663;-0,8621;0,4883
"salvar";32;1,9219;-0,0871;0,3675;0,7828;-0,1732;0,7458;-0,9392;-1,1806
"comparable";24;-0,6579;-0,0653;1,1894;-0,1457;-0,1299;1,3553;-0,4428;-0,6223
"donar";17;0,554;-0,0463;-0,1293;-0,332;-0,092;0,2313;-0,2741;0,3615
"domain";17;-0,466;-0,0463;-0,1293;0,2721;1,7344;0,2313;-1,1067;0,9528
"computational";35;-0,9595;0,7055;0,9092;1,1785;-0,1894;-0,3806;-0,539;0,4135
"zero";11;-0,3016;-0,0299;-0,0837;0,4087;-0,0595;0,5288;-0,3537;0,2581
"descanso";16;0,5917;-0,0436;-0,1217;0,2899;-0,0866;-0,3406;0,2365;-0,2063
"multilingual";11;-0,3016;-0,0299;-0,0837;-0,2148;-0,0595;-0,9116;0,4901;0,9267
"bloom";31;-0,8498;-0,0844;-0,2358;0,3999;-0,1678;0,5436;-1,1195;1,5086
"consumir";33;-0,4063;-0,0898;-0,251;-0,2434;-0,1786;-0,5255;0,4783;0,7223
"40";330;-0,6967;-0,8985;1,1883;0,6848;0,926;1,2613;-0,448;-1,1796
"tercero";334;-1,3012;-0,4179;-0,3211;-0,3041;-0,2203;-0,6693;0,3826;1,3052
"360";32;-0,388;-0,0871;0,9738;0,3833;0,483;-0,7726;-1,2352;1,7647
"comparación";240;0,9965;-0,2539;0,3937;-0,7735;-0,6957;-1,1059;1,1846;-0,4836
"consumar|consumir";39;-0,52;-0,1062;0,3055;0,611;-0,2111;-0,5127;-0,3429;0,7883
"nuevamente";65;1,3545;-0,177;-0,4944;0,2606;0,2556;-0,5421;-1,1073;1,1209
"60";250;-0,3647;-0,2703;1,4948;-0,4731;-0,2037;0,3744;-0,2873;-0,3835
"ahmad";16;-0,4386;-0,0436;-0,1217;-0,3125;-0,0866;-1,326;1,4437;0,4223
"optimista";28;-0,3167;-0,0762;-0,213;-0,1874;-0,1515;0,2594;1,3188;-0,8876
"prometer";105;0,334;0,3167;-0,7986;-0,4989;-0,5682;-0,4746;0,4664;0,6081
"descarte";12;0,2748;1,1399;-0,0913;-0,2343;-0,0649;1,3695;-0,4581;-0,8121
"reconstruir";11;1,5841;-0,0299;-0,0837;-0,2148;-0,0595;0,2262;-1,7362;0,9267
"expresar";323;-0,401;1,7724;-1,0962;0,3454;-0,3642;-0,7802;0,2903;0,816
"exceder";15;0,2132;-0,0408;-0,1141;0,3093;-0,0812;-0,2989;0,5265;-0,3439
"aparte";24;0,3601;-0,0653;-0,1825;-0,1457;-0,1299;0,3905;0,3207;-0,3852
"aleatorio";26;-0,2823;-0,0708;-0,1978;0,4977;-0,1407;0,536;0,7291;-1,1169
"habilitan";12;-0,329;-0,0327;-0,0913;-0,2343;-0,0649;-0,9945;0,6529;0,7892
"letra";71;-1,1962;-0,1933;-0,54;-0,7566;0,2312;-0,5362;0,8966;0,7872
"canción";74;0,3223;-0,2015;-0,5628;-1,4451;-0,4005;1,5978;0,4396;-0,6995
"sintaxis";17;-0,466;-0,0463;-0,1293;-0,332;-0,092;0,2313;1,668;-0,8
"apariencia";32;-0,388;-0,0871;0,3675;-0,6249;-0,1732;0,3096;0,7643;-0,3761
"solamente";101;-1,8891;0,3287;0,2797;0,5454;0,4483;-0,2953;0,4453;0,309
"veracidad";68;-1,8642;-0,1851;-0,5172;-0,3763;-0,368;-1,4338;1,6081;0,9418
"explicabilidad";64;-1,7545;-0,1742;0,5152;0,269;0,7257;-1,2493;0,6211;0,7778
"dialogar";59;-1,6174;-0,1606;-0,4487;-0,2869;-0,3193;-0,2604;0,4;1,0645
"medicina";109;1,1534;-0,2968;-0,8291;-0,8623;-0,2157;-0,3306;0,5857;-0,3774
"biología";75;1,4065;-0,2042;-0,204;0,3761;0,2166;-1,4117;0,306;0,3658
"preocupante";49;1,1121;-0,1334;0,2395;0,7746;-0,2652;-0,2884;-1,3169;0,6254
"predecible";12;1,479;-0,0327;-0,0913;-0,2343;-0,0649;0,4588;-0,79;-0,1927
"cados";10;-0,2741;-0,0272;-0,0761;-0,1953;-0,0541;0,6114;0,3459;-0,2851
"metáfora";27;0,6439;-0,0735;-0,2054;-0,1767;-0,1461;-0,315;1,1554;-1,1988
"engañoso";24;-0,6579;-0,0653;-0,1825;-0,1457;-0,1299;-0,2269;0,7174;-0,224
"ustedes";16;-0,4386;-0,0436;-0,1217;-0,3125;1,7852;1,8985;-0,6225;-0,7181
"rechazo";31;-0,8498;-0,0844;-0,2358;-0,2205;-0,1678;-0,2656;-0,6105;1,9021
"confundir";35;0,7857;-0,0953;-0,2662;-0,2669;-0,1894;1,513;-1,6052;0,4135
"raíz";66;-0,6507;-0,1797;-0,1663;-0,3558;0,2513;0,3176;-0,6499;1,2823
"comodidad";12;0,2748;-0,0327;-0,0913;-0,2343;-0,0649;-0,9945;1,0452;-0,1927
"cometer";72;0,5567;-0,196;-0,5476;-0,4185;0,6494;-1,2795;0,5405;0,5866
"totalmente";139;-0,6065;0,2354;-0,5187;-0,3727;0,6057;-0,679;-0,2802;1,1213
"valer";87;1,768;-0,2369;-0,6617;-0,333;-0,4708;0,3522;-0,4922;0,2706
"exento";40;-1,0966;-0,1089;-0,3042;0,2758;-0,2165;-0,5481;0,6167;0,7249
"central";286;1,532;1,4561;0,6356;0,3089;-1,5478;-0,8862;-1,1502;0,9874
"considerado";49;0,2341;0,5776;0,2395;-0,9569;0,909;-0,6393;-1,0651;1,9193
"aceptable";41;0,335;-0,1116;-0,3118;0,2649;-0,2219;0,7893;-0,8152;0,4812
"excepto";30;-0,3519;0,7659;0,3886;0,4174;-0,1623;-0,6782;1,3123;-1,031
"omitir";11;-0,3016;-0,0299;-0,0837;-0,2148;-0,0595;0,5288;0,254;0,2581
"continuidad";54;-0,4553;-0,147;-0,4107;-0,5125;-0,2922;-1,9893;1,5908;0,7388
"dictar";35;0,7857;-0,0953;-0,2662;0,7027;0,4517;-0,9207;-0,2592;0,2689
"contradictorio";25;-0,2656;0,8385;-0,1901;-0,4882;-0,1353;0,3527;-0,7572;1,1234
"erróneo";98;1,1132;-0,2668;-0,309;1,1723;0,465;1,5649;-1,6867;-0,7883
"plausible";10;0,3297;-0,0272;-0,0761;0,4411;-0,0541;0,6114;-0,5175;-0,2851
"teclado";19;0,4875;-0,0517;-0,1445;0,2408;1,642;1,4618;-0,9919;-0,9699
"alertar";77;-0,8451;-0,2096;-0,2127;-0,8465;-0,4167;0,326;1,1059;-0,2872
"predictive";20;-0,5483;-0,0544;-0,1521;0,2268;-0,1082;0,5864;-0,5169;0,6545
"definición";473;0,6158;1,103;-1,4489;-0,3125;0,6278;-1,2244;1,6591;-0,9834
"webster";11;-0,3016;-0,0299;-0,0837;0,4087;-0,0595;-0,3914;-0,6493;1,4456
"numérico";61;-0,567;-0,1661;-0,464;-0,3061;0,2738;0,3026;-0,6429;1,4039
"mayoritario";36;-0,9869;-0,098;-0,2738;0,6783;-0,1948;-0,2503;1,3039;-0,7941
"correlaciones";43;1,3403;-0,1171;-0,3271;0,5331;0,3822;-1,865;-1,2513;1,9018
"correlación";48;1,1468;-0,1307;-0,3651;-0,4312;-0,2598;-1,6322;0,514;0,6763
"pertenecer";128;-0,9897;0,7191;-0,9736;0,3051;1,6565;1,3098;-0,964;0,3217
"intento";83;0,8699;1,0202;-0,2392;0,8001;-0,4492;-1,7833;0,548;-0,3337
"completamente";170;1,2366;0,5418;0,2459;-0,6233;-0,1884;-0,4594;0,4885;-0,6563
"salvo";41;0,6186;-0,1116;-0,3118;-0,8007;1,0381;0,7893;-0,4562;-0,4074
"abandonar";57;1,6548;-0,1552;-0,4335;1,4123;-0,3085;1,2267;-0,8794;-1,5096
"23";323;-1,4102;-0,8794;-1,0962;0,4572;-0,3642;-1,8711;1,0235;1,5381
"prejuicio";104;0,7299;0,3197;-0,791;1,0554;1,3889;0,8961;-1,1702;-0,6975
"interpretar";272;-0,398;1,0337;-1,305;-1,362;-0,4632;-0,9773;0,9353;0,8652
"determinante";38;0,6965;-0,1035;-0,289;-0,3031;-0,2056;-0,7298;-0,2926;0,8566
"impreciso";12;-0,329;-0,0327;-0,0913;-0,2343;-0,0649;0,4588;0,372;-0,1927
"racial";35;-0,4435;-0,0953;0,3389;1,1785;0,4517;0,39;-0,3814;-0,5071
"libremente";20;0,9206;-0,0544;-0,1521;-0,3906;-0,1082;0,5864;-1,1271;0,6545
"mayor";26;-0,7128;-0,0708;0,4368;-0,1661;-0,1407;-0,2843;-0,4131;1,0194
"sesgar";46;-0,6593;-0,1252;-0,3499;1,2957;-0,2489;0,3918;-0,8095;0,7891
"hegemonía";14;-0,3838;-0,0381;-0,1065;-0,2734;-0,0758;0,3476;-0,4129;0,9363
"preferir";95;-0,3259;0,348;-0,7226;-0,4037;-0,5141;0,5416;1,1957;-1,0201
"apuntar";113;-0,3387;0,2945;0,8715;0,4221;-0,6115;-0,8184;-0,3272;0,7154
"estructurar";175;-1,7973;-0,4764;-0,3844;-0,3062;-0,4427;-1,4752;1,738;0,7555
"desprender";25;0,3396;-0,0681;-0,1901;-0,4882;-0,1353;-1,2756;1,9543;-0,4339
"priorizan";16;0,1967;-0,0436;-0,1217;0,8108;-0,0866;0,526;-1,4194;0,7081
"whose";16;-0,4386;-0,0436;-0,1217;-0,3125;0,7429;-0,6861;-0,3769;1,5434
"domingo";23;1,9435;-0,0626;-0,1749;-0,4492;-0,1245;0,2333;-1,1513;0,6908
"abuelo";15;1,9556;-0,0408;-0,1141;-0,2929;-0,0812;0,9849;-0,8258;-0,6385
"pareja";35;-0,4435;-0,0953;-0,2662;1,7508;0,4517;0,8511;-1,265;0,2689
"inferencia";26;0,3206;-0,0708;-0,1978;0,9816;0,5579;0,8186;-0,6096;-0,7511
"probabilística";11;-0,3016;-0,0299;-0,0837;-0,2148;-0,0595;-0,3914;0,4901;0,533
"recopilan";48;0,7734;-0,1307;-0,3651;0,4512;0,3466;0,9326;-1,2177;-0,2502
"originario";13;-0,3564;-0,0354;-0,0989;-0,2539;-0,0703;0,399;-0,5723;1,079
"gallego";15;-0,4112;-0,0408;-0,1141;-0,2929;-0,0812;-1,2431;0,3066;1,7377
"cruz";58;-0,2818;-0,1579;-0,4411;-1,1327;0,7917;-0,5198;0,5822;0,5517
"arriba";45;-1,2336;-0,1225;-0,3423;0,2261;0,97;1,4117;-0,9395;0,4705
"abajo";22;0,4055;-0,0599;-0,1673;0,5988;-0,1191;0,7701;-0,4769;-0,5023
"débil";87;-1,0319;-0,2369;-0,6617;1,8431;0,5334;1,3979;0,2912;-1,5419
"parque";17;0,554;-0,0463;-0,1293;0,2721;-0,092;0,7982;-0,2741;-0,8
"bebida";11;0,8457;-0,0299;-0,0837;-0,2148;-0,0595;0,2262;0,4901;-0,7159
"pie";57;1,6548;0,5222;-0,4335;0,3366;-0,3085;0,5537;0,387;-1,8756
"publicitario";29;0,2702;-0,079;1,0462;-0,5663;-0,1569;-1,5523;-0,3048;1,38
"evidentemente";22;-0,2169;-0,0599;-0,1673;-0,4296;-0,1191;0,4784;0,7058;-0,5023
"falta";547;0,3127;-1,4893;0,6087;-0,3309;-0,7147;-0,7017;1,0589;-0,435
"desigual";46;-1,2611;-0,1252;-0,3499;1,2957;-0,2489;1,34;-0,6237;-0,3037
"dominante";50;0,4362;-0,1361;0,6667;-0,9764;0,8947;1,3766;-0,7319;-0,6017
"acceder";415;-0,357;-0,2843;-0,3787;1,5316;-0,9512;0,7739;-0,6763;-0,3476
"ropa";14;1,2998;-0,0381;-0,1065;-0,2734;-0,0758;0,3476;-0,4129;-0,2897
"ajeno";43;-1,1788;-0,1171;-0,3271;0,5331;0,3822;-0,2819;0,2917;0,5609
"ventaja";357;1,4845;-0,2117;0,7643;-1,0784;-0,7426;-1,4295;0,4268;0,5976
"jerga";15;-0,4112;-0,0408;-0,1141;-0,2929;-0,0812;0,3032;1,2287;-0,6385
"alineación";46;-1,2611;-0,1252;-0,3499;-0,4048;-0,2489;-1,5167;1,0628;1,2811
"democrático";82;-1,4457;0,3959;-0,6237;0,3108;-0,4438;-1,3961;1,224;0,7802
"programador";26;0,3206;-0,0708;-0,1978;1,589;0,5579;0,536;-0,4131;-1,1169
"provechoso";11;-0,3016;-0,0299;-0,0837;-0,2148;0,8925;0,2262;0,4901;-0,3487
"acompañar";217;-0,4963;-0,5908;-0,3198;-1,8876;0,5488;-0,5408;-0,3727;1,9204
"públicamente";18;-0,4935;0,9718;-0,1369;0,2558;-0,0974;0,4164;-0,3473;0,3093
"principiantes";18;-0,1564;-0,049;-0,1369;0,2558;-0,0974;-0,21;-1,2558;1,6875
"acostumbrar";32;-0,388;-0,0871;-0,2434;0,3833;-0,1732;0,3096;0,2625;0,3784
"principiante";14;0,2315;-0,0381;-0,1065;-0,2734;-0,0758;-0,259;0,6621;-0,2897
"familiaridad";23;0,7866;-0,0626;-0,1749;-0,4492;-0,1245;-0,6752;-0,3686;0,9956
"computacionales";97;-1,7947;0,9083;1,0502;0,5939;-0,1793;-0,5682;1,7968;-1,5651
"reutilizar";12;0,2748;1,1399;-0,0913;-0,2343;0,8573;-0,4476;0,372;-0,4162
"orden";178;1,0961;0,9935;-1,3539;1,2864;0,4216;0,3505;-0,3292;-1,3067
"delegar";39;0,6694;0,6638;0,3055;-0,7616;0,4147;0,4389;-1,1142;0,578
"obstaculizar";28;0,6133;-0,0762;0,4116;-0,1874;-0,1515;1,0047;-0,7988;-0,3801
"super";39;-0,52;-0,1062;-0,2966;0,2871;0,4147;1,5384;0,3788;-1,319
"destreza";56;-0,8678;0,5286;-0,4259;-0,5403;-0,303;-0,463;1,5918;-0,3635
"copyright";18;-0,4935;-0,049;1,4162;-0,3515;-0,0974;-1,4917;-0,3473;1,6875
"quinto";55;-0,8466;-0,1497;-0,4183;-0,2499;-0,2976;0,6233;0,2752;0,5219
"admitir";25;0,3396;-0,0681;-0,1901;-0,1558;-0,1353;0,5868;-0,7572;0,5486
"apropiar";16;-0,4386;-0,0436;-0,1217;-0,3125;-0,0866;0,8861;-1,4194;1,5434
"explicación";290;-0,6627;0,2664;-1,4188;-1,9488;0,8141;0,5879;1,5307;-0,8252
"impacta";42;0,9513;-0,1143;-0,3194;-0,3531;-0,2273;0,7399;-0,2656;-0,6338
"cotidianidad";10;-0,2741;-0,0272;-0,0761;-0,1953;-0,0541;-0,8287;0,3459;1,0923
"previamente";157;-1,4732;0,5896;-0,6174;-0,7549;0,8802;0,409;0,3339;0,6283
"mática";11;-0,3016;-0,0299;0,7564;-0,2148;0,8925;-0,9116;0,4901;0,2581
"consecuente";16;0,1967;-0,0436;-0,1217;-0,3125;-0,0866;0,2647;0,4175;-0,2063
"concepción";139;-0,6065;0,2354;-1,0572;-1,8457;-0,314;-0,8287;1,1125;0,9741
"nulo";18;1,0273;-0,049;-0,1369;1,3736;-0,0974;-0,8119;-1,2558;0,8405
"logo";27;-0,7402;-0,0735;-0,2054;-0,5273;-0,1461;-0,8914;0,4279;1,6344
"predominar";15;-0,4112;-0,0408;0,6363;-0,2929;-0,0812;-0,2989;-0,2955;0,8138
"oportuno";85;-1,5147;-0,2314;0,3611;0,2864;-0,46;-0,433;0,5598;0,6569
"favor";135;-0,7952;-0,3675;-1,0268;0,2617;0,3017;-0,4736;0,4456;0,8505
"egresar";33;-0,1729;-0,0898;-0,251;-0,6444;-0,1786;-0,5255;0,8878;0,3381
"ejercer";114;-1,5717;-0,3104;-0,8671;-0,5902;-0,6169;0,9054;0,9121;-0,3148
"límite";268;0,6777;0,3014;0,3031;-0,3147;-1,4504;-0,6797;0,7511;-0,4125
"transmitir";129;0,5758;-0,3512;-0,2135;-0,4871;-0,2802;0,9206;-0,5564;-0,2987
"calculadora";30;0,2555;-0,0817;-0,2282;-0,5859;-0,1623;-0,2398;1,3123;-0,7108
"recolectar";36;-0,9869;-0,098;-0,2738;0,3244;-0,1948;0,3585;1,6247;-1,1032
"aviso";24;0,3601;-0,0653;-0,1825;-0,4687;-0,1299;0,3905;-0,9357;1,2379
"espectro";44;0,5501;0,6179;0,2698;0,5154;-0,2381;-1,4031;1,0548;-0,7337
"conformar";89;-1,6074;-0,2423;0,3384;-1,7381;1,0049;-1,1118;0,9964;0,9555
"aprobar";143;-1,2332;-0,3893;1,8901;1,6116;-0,7739;-0,5102;-0,5462;0,598
"emprender";75;0,3116;0,4259;-0,204;0,3761;-0,4059;0,4981;0,5002;-0,9292
"secuenciación";12;0,7837;-0,0327;-0,0913;-0,2343;-0,0649;-0,1856;0,372;-0,4162
"cuatro";392;-0,3261;-1,0673;0,2823;0,4377;-0,3321;0,8793;0,5079;-1,041
"subjetividad";22;1,3741;-0,0599;-0,1673;-0,4296;0,6202;-0,6236;-0,3009;0,3069
"lavar";19;0,972;-0,0517;-0,1445;0,6934;-0,1028;1,4618;-1,4098;-0,5923
"enmarcar";70;-0,4282;0,4495;-0,1828;-0,2011;-0,3788;-0,2548;0,3202;0,3973
"repositorio";47;-1,2885;-0,128;-0,3575;0,4663;-0,2543;0,3642;0,5823;0,2701
"want";18;-0,4935;-0,049;-0,1369;0,2558;-0,0974;-0,4292;-0,5646;1,6875
"optimismo";23;0,382;-0,0626;-0,1749;-0,1357;-0,1245;1,4619;-0,5643;-0,5611
"acercar";96;1,4847;-0,2614;-0,2994;-0,233;-0,5195;-1,3784;1,1155;-0,5767
"sumar";77;-0,5234;0,4169;0,4121;-0,4731;1,15;-0,2774;0,3168;-0,2872
"contextualizar";37;-0,4815;0,684;-0,2814;-0,2909;0,4325;-1,4841;-0,2466;1,5309
"indiscutible";12;0,7837;-0,0327;-0,0913;-0,2343;-0,0649;-0,4476;0,372;-0,1927
"precisar";24;-0,2491;0,8549;0,4645;1,7073;-0,1299;-0,2269;-0,4428;-0,6223
"argumentación";44;-0,3095;-0,1198;0,2698;-0,8593;-0,2381;1,8475;-0,6567;-0,2472
"85";93;0,9371;-0,2532;-0,2852;0,4101;-0,1676;-1,891;0,321;0,7766
"58";123;0,6558;-0,3349;-0,194;0,3402;-0,2604;-1,1142;-0,2834;0,7538
"gomez";12;-0,329;-0,0327;-0,0913;-0,2343;-0,0649;-0,9945;0,6529;0,7892
"coding";13;-0,3564;-0,0354;0,6912;-0,2539;-0,0703;-0,5053;-0,3214;1,079
"automatic";14;-0,3838;-0,0381;0,6627;0,3305;-0,0758;1,0967;-1,6372;0,5763
"virtualidad";18;-0,4935;-0,049;-0,1369;-0,3515;-0,0974;-0,8119;1,9005;-0,2929
"156";25;0,3396;-0,0681;-0,1901;1,021;-0,1353;-0,2549;-0,5232;0,3471
"167";29;-0,3342;-0,079;-0,2206;1,4329;-0,1569;-0,6325;-0,901;1,38
"jun";14;0,2315;-0,0381;0,6627;0,3305;-0,0758;-0,5644;-1,093;1,3967
"q";59;-1,6174;-0,1606;-0,4487;0,9309;-0,3193;0,6673;0,5205;-0,4601
"kaplan";13;-0,3564;-0,0354;-0,0989;0,3539;0,8252;-0,5053;-0,3214;0,6739
"w";385;-1,6744;-1,0482;-0,4675;-0,3255;-0,8417;1,7016;-1,2272;1,5378
"evaluating";23;-0,6305;-0,0626;-0,1749;-0,1357;-0,1245;0,2333;-0,5643;1,3642
"preprint";43;-1,1788;-0,1171;-0,3271;0,2446;-0,2327;0,9425;-0,3106;0,3989
"1177";49;-0,7208;-0,1334;-0,3727;-0,9569;-0,2652;-0,6393;1,1927;0,6254
"growing";13;-0,3564;-0,0354;0,6912;-0,2539;-0,0703;0,7529;-0,5723;0,3731
"researchgate";26;-0,7128;-0,0708;-0,1978;-0,1661;-0,1407;-0,836;-0,2658;1,7788
"handle";101;-1,8891;-0,275;0,5912;-1,2207;0,8839;0,408;0,2878;0,7497
"choi";14;-0,3838;-0,0381;-0,1065;-0,2734;-0,0758;1,6352;-0,4129;-0,2897
"253";10;0,3297;-0,0272;-0,0761;-0,1953;-0,0541;-0,337;-0,5175;1,0923
"notar";79;-0,5518;0,4083;1,3098;0,573;0,5914;1,5758;-1,8916;-0,3336
"89";78;0,9834;-0,2124;0,4053;0,3466;-0,4221;-0,9612;-0,3203;0,506
"08";87;-0,2534;-0,2369;-0,2574;1,0525;-0,1505;-0,8166;0,8317;-0,5575
"09";101;-0,8931;-0,275;0,2797;1,8663;-0,5466;0,408;1,0607;-1,7856
"47";168;0,6386;-0,4574;-1,2778;-0,6057;-0,4169;-0,5262;-0,4361;1,4138
"thoughts";17;-0,466;-0,0463;-0,1293;0,7686;-0,092;-0,7486;-0,739;1,8801
"published";18;-0,4935;-0,049;-0,1369;0,7296;-0,0974;0,7197;-0,8623;0,5367
"1999";43;1,8305;-0,1171;0,7662;-0,8397;-0,2327;-0,6598;-0,5859;0,5609
"api";36;-0,9869;-0,098;0,8892;-0,703;-0,1948;1,0861;0,588;-0,7941
"logical";14;-0,3838;-0,0381;-0,1065;-0,2734;-0,0758;-0,5644;0,3956;0,9363
"mathematical";19;-0,5209;-0,0517;-0,1445;0,2408;-0,1028;-0,4758;0,3514;0,7417
"pearson";50;-0,1981;-0,1361;0,6667;1,1679;-0,2706;-0,6753;-1,1568;1,2243
"205";11;0,3005;-0,0299;0,7564;-0,2148;-0,0595;-0,9116;-0,3537;0,9267
"users";39;-0,52;-0,1062;-0,2966;0,611;-0,2111;-1,1287;0,9159;0,4056
"write";37;-1,0143;-0,1007;-0,2814;0,6549;-0,2002;0,7414;-1,8692;1,8941
"43";169;1,2552;-0,4601;0,4713;-0,6145;-0,4205;-0,4436;0,5221;-0,5339
"193";24;0,7475;-0,0653;-0,1825;-0,1457;-0,1299;-1,2075;-0,6579;1,6417
"capabilities";22;-0,6031;-0,0599;-0,1673;1,8393;-0,1191;-0,6236;-0,7143;1,1056
"limits";10;-0,2741;-0,0272;-0,0761;-0,1953;-0,0541;0,6114;-0,2604;0,3175
"cdt";16;-0,4386;-0,0436;-0,1217;-0,3125;-0,0866;-1,326;1,983;-0,2063
"interdisciplinaria";62;-0,328;-0,1688;-0,4716;0,2867;-0,3355;-1,951;0,9347;0,8835
"39";192;0,8837;-0,5227;-0,2423;0,849;0,3716;-0,6302;-1,0948;0,9156
"mind";57;-1,5626;0,5222;-0,4335;-0,2682;-0,3085;0,267;-0,4209;1,4601
"volume";22;-0,2169;-0,0599;-0,1673;-0,4296;-0,1191;1,1368;-1,8974;1,5036
"issue";23;-0,6305;-0,0626;-0,1749;1,7714;-0,1245;-1,14;-0,5643;1,3642
"236";22;-0,6031;0,89;-0,1673;0,5988;-0,1191;-0,6236;-1,0226;1,9698
"460";10;0,3297;1,2164;-0,0761;0,4411;-0,0541;-0,337;-0,9208;0,6391
"1093";10;-0,2741;-0,0272;-0,0761;-0,1953;-0,0541;0,2678;-0,2604;0,6391
"mitchell";25;-0,6854;-0,0681;-0,1901;1,6466;-0,1353;0,8884;-0,5232;-0,4339
"filtrar";85;0,8282;-0,2314;-0,2483;-0,3161;-0,1449;-1,2247;0,3601;0,6569
"lluvia";60;-0,3046;-0,1633;-0,4564;-1,1717;-0,3247;0,8312;1,8703;-1,7145
"estancar";14;-0,3838;1,0756;0,6627;0,3305;-0,0758;0,667;-0,4129;-0,5615
"asesor";52;-0,2179;-0,1416;0,6417;-1,0155;0,3216;-0,2344;1,3246;-1,1879
"misión";116;0,7619;0,2867;-0,172;-0,378;-0,6277;1,0102;-0,4248;-0,6736
"divertir";20;-0,186;-0,0544;-0,1521;-0,3906;0,6564;-0,5238;-0,3223;0,9731
"terapia";17;-0,466;-0,0463;-0,1293;0,7686;-0,092;0,2313;0,5434;-0,4623
"empáticas";12;-0,329;-0,0327;-0,0913;0,3798;-0,0649;0,4588;0,6529;-0,8121
"curación";16;0,1967;-0,0436;-0,1217;-0,3125;-0,0866;0,8861;0,4175;-0,7181
"cuidar";47;0,4897;-0,128;-0,3575;-0,4179;-0,2543;-0,2459;0,4381;0,2701
"lidiar";20;0,9206;-0,0544;-0,1521;0,2268;-0,1082;0,3302;0,2807;-0,6612
"sincero";14;-0,3838;-0,0381;-0,1065;0,3305;0,7957;-0,259;-0,2234;0,3126
"chats";19;-0,5209;-0,0517;0,5481;-0,371;-0,1028;-0,8761;1,1853;0,2645
"imperfecto";18;-0,4935;-0,049;-0,1369;0,7296;-0,0974;-0,4292;1,9005;-1,4234
"textura";15;1,9556;-0,0408;0,6363;-0,2929;-0,0812;-0,2989;0,3066;-1,1116
"interrogar";26;-0,2823;1,9398;-0,1978;0,4977;-0,1407;0,3185;-0,8621;0,4883
"episodio";13;-0,3564;-0,0354;-0,0989;-0,2539;-0,0703;0,399;-0,9382;1,5931
"refinar";67;-0,6679;-0,1824;-0,5096;-1,3084;-0,3626;0,5736;1,259;-0,4512
"legibilidad";16;-0,4386;-0,0436;-0,1217;-0,3125;-0,0866;-0,6861;1,983;-0,4016
"comprobar";154;0,6304;0,6014;-0,6007;-0,3173;0,2442;-1,4575;0,4193;0,7136
"copiar";68;0,6273;-0,1851;-0,5172;-1,328;-0,368;0,9173;0,7967;-1,0296
"limpiar";19;0,972;-0,0517;-0,1445;0,6934;-0,1028;0,3707;-0,2559;-0,9699
"amable";16;0,1967;-0,0436;-0,1217;-0,3125;-0,0866;1,344;0,4175;-1,2144
"disputa";18;-0,4935;-0,049;1,4162;0,2558;-0,0974;0,4164;0,2592;-0,526
"reforma";39;1,0571;-0,1062;1,5221;0,2871;-0,2111;-0,7733;0,3788;-0,707
"fórmula";78;-0,3215;-0,2124;-0,5933;-0,8617;-0,4221;0,9178;1,2053;-1,0706
"humor";19;0,4875;-0,0517;-0,1445;0,2408;-0,1028;1,4618;-0,9919;-0,341
"nuclear";19;0,972;-0,0517;0,5481;-0,371;-0,1028;0,6494;-0,2559;-0,9699
"diversión";22;0,4055;-0,0599;-0,1673;-0,4296;-0,1191;1,5777;-1,4125;0,5091
"alegre";14;0,6782;-0,0381;-0,1065;-0,2734;0,7957;-1,1602;-0,6952;1,3967
"caballo";13;0,7282;-0,0354;-0,0989;-0,2539;-0,0703;1,8104;-0,3214;-1,6417
"batalla";21;1,4403;0,9089;0,5118;-0,4101;-0,1136;0,5296;-1,2674;-0,2543
"inconveniente";44;-0,6188;-0,1198;0,2698;0,5154;0,3746;1,1668;-0,3595;-0,7337
"mecánico";81;1,2283;1,0381;-0,6161;-0,2834;-0,1339;0,4839;-0,9763;0,3141
"reparar";12;1,479;-0,0327;-0,0913;-0,2343;-0,0649;-0,1856;-0,4581;-0,1927
"motor";184;0,4725;-0,501;0,9874;1,1949;0,7091;1,455;-1,9365;-0,5933
"súper";13;-0,3564;1,1065;0,6912;-0,2539;0,8252;0,7529;-0,5723;-0,4873
"dañar";31;0,2416;-0,0844;-0,2358;0,3999;-0,1678;-0,725;1,8529;-1,105
"certificar";21;-0,2013;-0,0572;0,5118;1,2035;-0,1136;-0,3081;0,3719;-0,7323
"averiguar";12;0,2748;-0,0327;-0,0913;-0,2343;-0,0649;0,4588;1,0452;-1,5154
"subir";63;-1,0191;-0,1715;-0,1543;-1,2303;-0,3409;-0,4869;0,5467;1,2556
"divertido";18;-0,4935;-0,049;-0,1369;-0,3515;-0,0974;0,7197;-0,8623;1,2234
"familiarizar";44;-0,3095;-0,1198;0,2698;-0,3787;-0,2381;0,4529;-0,2536;0,3625
"adaptativas";81;-0,9188;1,8387;0,778;-1,5818;-0,4383;-0,3507;-0,3447;1,0012
"analogías";12;0,2748;1,1399;-0,0913;-0,2343;-0,0649;0,4588;0,6529;-1,5154
"fino";18;-0,4935;-0,049;-0,1369;-0,3515;-0,0974;1,5926;0,2592;-0,526
"dificultad";521;-1,8429;0,6403;-0,2355;-1,5289;0,4953;0,5542;1,0335;-0,4138
"licenciatura";66;-0,6507;-0,1797;-0,502;0,2524;-0,3572;-1,7204;1,6044;0,5308
"posgrado";56;-1,5352;-0,1525;0,5953;-0,5403;-0,303;0,4211;-0,2753;0,8237
"terminar";186;-1,579;-0,17;-0,225;-1,4603;0,3922;1,5614;-0,929;1,1197
"tutores";118;-0,3849;-0,3213;-0,4083;0,379;-0,6386;-1,6811;0,4045;1,6574
"life";80;-0,3427;0,4041;-0,2258;-0,5068;-0,4329;0,3795;-0,7542;1,2581
"coach";16;0,1967;-0,0436;-0,1217;-0,3125;-0,0866;0,526;0,4175;-0,4016
"priorización";29;-0,795;-0,079;0,3999;0,8748;-0,1569;-1,5523;0,4452;0,7597
"anticipación";15;-0,4112;-0,0408;-0,1141;0,3093;-0,0812;0,5919;0,8301;-1,1116
"predeterminar";14;0,6782;-0,0381;-0,1065;0,3305;-0,0758;0,3476;-1,093;0,5763
"interactuamos";51;1,4578;-0,1388;0,2287;-0,996;0,8807;-0,712;0,6098;-0,6457
"cv";18;-0,4935;-0,049;0,568;0,7296;-0,0974;-0,4292;0,4379;-0,2929
"postular";25;0,7108;-0,0681;-0,1901;-0,4882;-0,1353;0,5868;0,41;-0,6857
"repetitivas";65;-1,063;-0,177;-0,1623;-1,2694;0,7155;1,8974;0,5595;-1,1152
"perfección";13;1,3849;-0,0354;-0,0989;-0,2539;-0,0703;0,7529;-0,3214;-0,9103
"agotar";18;1,6686;-0,049;-0,1369;-0,3515;-0,0974;-0,21;0,6832;-1,4234
"pérdida";93;1,2356;-0,2532;0,6585;-1,0938;0,4946;0,346;-0,3573;-0,4879
"copia";69;-0,7025;1,1574;-0,5248;-1,3475;-0,3734;1,3465;-1,0207;1,0866
"evalúe";30;-0,3519;-0,0817;-0,2282;-0,2093;-0,1623;1,1987;0,5426;-1,031
"calificación";304;-1,1823;-0,3635;-0,2465;0,4422;1,8376;-0,673;1,1694;-0,6834
"profundización";34;-0,4248;-0,0926;0,3481;-0,664;-0,184;-0,5644;1,0192;0,3018
"pistar";59;-0,5343;-0,1606;-0,4487;-1,1522;0,7801;1,3866;-0,5259;0,3791
"david";76;-0,5094;-0,2069;-0,5781;0,6157;-0,4113;1,7582;-1,1658;0,4482
"constructivo";81;-1,4227;0,3999;-0,2303;-1,5818;0,5762;1,4637;-0,5462;0,532
"tomadores";14;0,2315;-0,0381;-0,1065;-0,2734;-0,0758;0,667;0,3956;-0,5615
"ayer";22;0,4055;-0,0599;-0,1673;-0,4296;-0,1191;0,4784;0,9975;-1,2375
"japonés";21;1,4403;0,9089;-0,1597;-0,4101;-0,1136;0,2941;-1,2674;0,5774
"portugués";14;1,2998;-0,0381;-0,1065;-0,2734;-0,0758;-0,259;-1,6372;1,3967
"francés";80;1,6205;-0,2178;0,7891;-0,8921;-0,4329;0,2725;-0,6176;0,3379
"occidental";27;0,3027;-0,0735;-0,2054;0,9441;-0,1461;0,7544;-0,4875;-0,5384
"religioso";15;0,6329;-0,0408;-0,1141;0,8565;-0,0812;0,9849;-1,2536;-0,3439
"paradigmas";54;-1,4804;0,5419;-0,4107;1,0548;0,31;-1,5095;1,3296;-0,3056
"automatizadas";95;-1,1869;0,923;-0,7226;1,6171;0,9418;-0,8616;1,7911;-1,7208
"result";18;-0,4935;-0,049;-0,1369;-0,3515;-0,0974;-0,8119;1,9005;-0,2929
"flujo";153;0,8384;0,2099;-0,5951;-1,0357;-0,828;-0,5852;1,9919;-1,0418
"educadora";10;-0,2741;-0,0272;-0,0761;-0,1953;-0,0541;-0,8287;0,6454;0,6391
"jurisdicción";12;-0,329;-0,0327;-0,0913;1,0211;-0,0649;-0,4476;-0,24;0,4456
"listo";28;1,5877;-0,0762;0,4116;-0,1874;0,5309;0,2594;-0,7988;-0,3801
"aburrir";11;0,3005;-0,0299;-0,0837;0,4087;-0,0595;0,2262;-0,6493;0,533
"imparcial";20;-0,5483;-0,0544;0,5294;0,2268;-0,1082;0,9243;-0,5169;-0,2163
"condensar";11;-0,3016;-0,0299;-0,0837;-0,2148;-0,0595;-0,9116;1,9597;-0,3487
"youtube";158;-1,4908;-0,4302;-1,2018;0,2631;-0,3807;-0,3667;1,0148;0,5076
"negar";43;0,5719;-0,1171;-0,3271;0,2446;-0,2327;1,5661;-0,3106;-1,2424
"tribunal";12;0,7837;-0,0327;-0,0913;1,858;-0,0649;-0,9945;0,372;-0,8121
"garantía";60;-0,9538;-0,1633;-0,1425;-1,1717;0,2786;0,631;1,3466;-0,8587
"menú";17;-0,466;-0,0463;-0,1293;-0,332;0,7192;0,2313;0,3298;0,3615
"diariamente";21;-0,5757;0,9089;-0,1597;-0,4101;-0,1136;0,2941;-0,2401;0,5774
"gerente";18;-0,4935;-0,049;-0,1369;0,2558;-0,0974;0,4164;1,0031;-0,884
"trama";32;0,2286;-0,0871;-0,2434;-0,6249;-0,1732;0,3096;0,3919;0,3784
"específicamente";154;0,3283;0,2082;-0,6007;-0,7243;-0,8334;-1,2444;0,5764;1,2459
"regresar";13;-0,3564;-0,0354;0,6912;-0,2539;-0,0703;0,7529;0,5087;-0,9103
"revolucionario";44;1,7782;-0,1198;-0,3347;0,2351;-0,2381;0,6497;-0,3595;-0,9921
"constar";47;-0,3513;-0,128;-0,3575;-0,9178;-0,2543;0,533;1,1864;-0,6629
"sentar|sentir";162;1,9732;-0,4411;0,2715;-0,3687;-0,8767;1,3458;-1,8316;0,3476
"mesa";72;1,1395;-0,196;-0,5476;1,8641;0,2275;0,3122;0,3316;-1,8333
"resonancia";13;1,3849;-0,0354;-0,0989;-0,2539;-0,0703;-0,2212;0,2816;-0,4873
"abogado";44;0,2927;-0,1198;-0,3347;-0,3787;-0,2381;0,8876;1,0548;-1,7024
"encontrarse";26;0,3206;-0,0708;-0,1978;-0,1661;-0,1407;0,3185;-0,2658;0,3049
"corrección";200;-1,8196;-0,1908;0,5712;0,2846;-0,2604;-0,4636;0,7028;0,4369
"gramaticales";29;-0,795;-0,079;-0,2206;-0,5663;1,3017;0,9326;1,1541;-1,9062
"ortográfico";17;-0,466;-0,0463;-0,1293;-0,332;-0,092;-0,7486;1,668;-0,2479
"despertar";54;1,3412;-0,147;-0,4107;-0,5125;-0,2922;0,6609;0,3155;-0,7855
"presenciar";15;0,2132;-0,0408;-0,1141;-0,2929;-0,0812;0,3032;-0,2955;0,4932
"simplificando";10;0,9156;-0,0272;-0,0761;-0,1953;-0,0541;-0,8287;1,0789;-0,6219
"64";114;-0,3477;-0,3104;-0,3879;-0,3622;-0,6169;-1,8175;0,6665;1,4883
"denso";10;-0,2741;-0,0272;-0,0761;-0,1953;-0,0541;1,1009;0,3459;-0,6219
"roberto";27;-0,2994;0,8077;-0,2054;-0,1767;-0,1461;0,4895;0,6206;-0,8185
"green";13;0,7282;-0,0354;-0,0989;-0,2539;-0,0703;0,7529;0,2816;-0,9103
"filosofía";108;1,4851;-0,294;0,2508;-0,3165;0,4122;0,9343;-1,4529;-0,2763
"socioeconómicas";26;-0,7128;0,8228;0,4368;-0,1661;-0,1407;-0,5016;-0,4131;1,0194
"prepararse";41;0,6186;-0,1116;0,2905;0,2649;-0,2219;1,0617;-0,8152;-0,4074
"simuladas";15;-0,4112;-0,0408;-0,1141;0,3093;-0,0812;-0,2989;0,5265;0,262
"guion";13;-0,3564;-0,0354;-0,0989;-0,2539;-0,0703;0,399;1,8273;-1,6417
"definitivamente";15;0,2132;-0,0408;-0,1141;0,3093;-0,0812;0,3032;-0,5136;0,4932
"alternativo";45;-0,639;-0,1225;-0,3423;0,2261;-0,2435;0,6084;1,7515;-1,7822
"sintetizar";93;-0,307;0,3548;-0,7074;-1,8162;-0,1676;-0,2603;1,1858;-0,3806
"abrumador";22;0,4055;-0,0599;-0,1673;0,2019;0,6202;-0,344;0,9975;-1,2375
"simplificar";120;0,504;-0,3267;-0,9127;-1,5293;-0,2506;-0,3213;1,4025;-0,5472
"1000";19;-0,5209;0,9497;-0,1445;-0,371;-0,1028;-0,241;1,1853;-0,5923
"logística";23;-0,6305;-0,0626;0,4794;-0,4492;-0,1245;-0,6752;1,1642;0,2662
"reunión";136;0,3436;-0,3703;-1,0344;0,8357;-0,3038;-0,3024;1,4775;-1,6345
"categorizar";13;-0,3564;-0,0354;-0,0989;-0,2539;-0,0703;0,7529;1,265;-1,6417
"colocar";67;-0,2154;1,1796;-0,1704;-0,6976;0,6957;1,4627;-0,3437;-1,225
"41";146;0,5501;-0,3975;0,6039;-0,2694;-0,3382;-0,8445;-0,2824;0,6194
"estatuto";12;-0,329;-0,0327;-0,0913;1,858;-0,0649;-0,1856;0,6529;-1,5154
"comprensibles";27;-0,2994;-0,0735;-0,2054;-0,5273;-0,1461;-0,5441;1,914;-0,5384
"reformular";24;-0,6579;-0,0653;-0,1825;-0,1457;-0,1299;0,3905;0,9981;-0,6223
"encuentro";75;1,7999;-0,2042;-0,5704;-0,237;0,2166;-0,3478;0,622;-1,1509
"42";173;-0,2939;-0,471;-0,1894;-0,4451;0,7737;-0,7417;0,3366;0,7059
"itinerario";61;-0,9755;-0,1661;-0,464;-1,1913;0,7577;-1,1164;0,5337;1,675
"factible";25;0,7108;-0,0681;-0,1901;-0,4882;0,5724;0,8884;-0,7572;-0,2593
"perfeccionar";60;0,5158;-0,1633;0,5533;-0,5966;-0,3247;-0,5795;0,4642;0,349
"excesivamente";26;-0,2823;-0,0708;0,4368;-0,5077;-0,1407;-0,5016;-0,2658;1,0194
"firmar";30;0,2555;-0,0817;0,3886;1,3856;0,506;-1,0624;0,5426;-0,7108
"rentabilidad";14;0,2315;-0,0381;-0,1065;0,3305;-0,0758;-0,259;-0,6952;0,9363
"olvidar";86;-1,0128;-0,2341;-0,6541;-1,6795;-0,1477;0,9995;0,755;-0,3111
"lindo";19;-0,5209;-0,0517;-0,1445;1,313;0,6761;-0,4758;-0,2559;0,2645
"cerrar";65;0,4362;-0,177;-0,4944;-0,3456;0,2556;-0,7407;1,4796;-0,6863
"ortografía";36;-0,9869;0,6946;-0,2738;-0,703;-0,1948;1,0861;0,4244;-0,373
"finalización";15;-0,4112;-0,0408;-0,1141;-0,2929;-0,0812;-1,2431;0,8301;0,8138
"azul";22;0,8283;-0,0599;-0,1673;-0,4296;1,522;1,1368;-1,0226;-0,5023
"txt";17;-0,466;-0,0463;-0,1293;-0,332;-0,092;-0,7486;0,8317;0,6165
"48";169;0,6269;-0,1457;-0,3602;-0,6145;-0,9146;-0,3573;-0,931;1,7028
"bloqueo";19;-0,5209;-0,0517;-0,1445;1,313;-0,1028;-0,4758;0,5598;-0,341
"ángulo";20;-0,5483;-0,0544;-0,1521;-0,3906;-0,1082;0,9243;0,2807;-0,2163
"combatir";44;1,2988;-0,1198;0,7507;-0,8593;-0,2381;-0,6988;0,6445;-0,5282
"novedosos";29;0,2702;-0,079;-0,2206;0,4359;-0,1569;0,9326;0,2973;-0,9585
"apto";14;0,2315;1,0756;-0,1065;0,3305;-0,0758;-0,5644;-0,2234;0,3126
"49";125;0,4478;-0,3403;0,4322;-0,4524;-0,267;-1,1779;-0,2756;1,1073
"comprometer";181;-1,1581;-0,4928;0,4147;0,5602;-0,9795;0,3124;0,3106;0,596
"william";22;0,8283;-0,0599;-0,1673;-0,4296;-0,1191;0,4784;-1,8974;1,5036
"molestar";11;0,3005;-0,0299;-0,0837;-0,2148;-0,0595;0,5288;-1,7362;1,4456
"suficientemente";71;1,5401;1,1359;-0,54;-0,2081;1,234;1,7892;-1,3948;-1,4561
"pato";11;-0,3016;-0,0299;-0,0837;-0,2148;-0,0595;0,5288;0,254;0,2581
"negociar";18;-0,1564;0,9718;0,568;-0,3515;1,6868;-0,4292;-0,3473;-0,2929
"trato";17;-0,1422;-0,0463;-0,1293;0,7686;1,7344;-0,7486;-1,1067;0,9528
"negociación";23;-0,2328;0,872;-0,1749;-0,1357;-0,1245;-0,3813;0,8469;-0,5611
"valoraron";14;-0,3838;-0,0381;-0,1065;-0,2734;-0,0758;0,3476;0,3956;0,3126
"52";118;0,5282;-0,3213;-0,4083;-0,2349;-0,6386;-1,1701;1,0745;0,2873
"confirmar";88;-0,262;-0,2396;0,7054;-0,3416;-0,4762;0,7415;0,3346;-0,5896
"desglosa";11;-0,3016;-0,0299;-0,0837;-0,2148;-0,0595;0,5288;1,3183;-1,3891
"aspiraciones|aspiración";23;-0,2328;-0,0626;0,4794;-0,1357;-0,1245;-1,14;0,591;0,4485
"especular";10;1,7025;-0,0272;0,7941;0,4411;-0,0541;0,2678;-0,9208;-0,6219
"55";159;-0,3101;-0,4329;1,2215;-0,5286;0,8659;-0,7085;-0,9195;1,5042
"ciego";28;0,6133;-0,0762;-0,213;-0,1874;-0,1515;-0,5877;1,3188;-0,8876
"jurisprudencia";11;-0,3016;-0,0299;-0,0837;0,4087;-0,0595;-0,3914;1,3183;-0,7159
"regulatorio";44;-0,6188;-0,1198;1,3884;-0,8593;-0,2381;-1,4031;1,9221;-0,3682
"cualificaciones";14;0,2315;-0,0381;0,6627;0,3305;-0,0758;-0,259;-0,4129;0,3126
"59";122;1,1506;0,272;-0,4289;0,5368;-0,2571;-1,305;-0,7792;1,2482
"inquietud";76;-1,3088;-0,2069;-0,5781;0,366;-0,4113;1,2282;0,8438;-0,9754
"61";107;0,4793;-0,2913;-0,3529;0,4799;-0,579;-0,8311;-0,8926;1,9361
"transición";122;-0,4238;0,272;0,4492;-0,2589;-0,2571;-1,0828;-0,5624;1,8314
"62";112;1,3811;-0,3049;0,8816;-0,3467;-0,6061;-1,4476;-1,041;1,8228
"llenar";34;1,2658;0,7168;-0,2586;-0,2551;-0,184;0,424;-0,3248;-0,6796
"vacío";54;-0,8254;-0,147;-0,4107;-0,2409;0,31;0,4788;-0,6657;1,1749
"juzgar";27;0,6439;-0,0735;-0,2054;-0,5273;0,5441;1,4728;-1,3059;0,2674
"mentor";30;-0,3519;-0,0817;-0,2282;-0,5859;-0,1623;-0,415;0,7526;0,472
"fantasía";19;1,587;-0,0517;-0,1445;0,6934;-0,1028;1,4618;-0,9919;-1,5295
"experimenten";15;0,6329;-0,0408;-0,1141;-0,2929;-0,0812;0,9849;-0,2955;-0,6385
"campaña";55;-0,249;-0,1497;-0,4183;1,4781;-0,2976;-0,4357;-1,3822;1,6345
"inesperado";38;0,6965;-0,1035;0,3134;0,6325;-0,2056;0,3025;0,3096;-0,9151
"alinean";20;-0,5483;-0,0544;-0,1521;-0,3906;0,6564;-0,5238;1,3774;-0,392
"cartel";13;1,3849;-0,0354;-0,0989;-0,2539;-0,0703;0,399;0,5087;-1,6417
"66";119;0,9482;-0,324;-0,1813;-0,643;0,7358;-0,807;-0,5374;0,9032
"limpieza";18;-0,4935;-0,049;-0,1369;-0,3515;-0,0974;-0,4292;0,2592;1,2234
"68";118;1,5419;-0,3213;-0,4083;0,8263;0,3664;-0,9614;-0,8235;0,6718
"contundente";10;-0,2741;-0,0272;-0,0761;-0,1953;-0,0541;0,6114;-0,9208;1,0923
"amigable";21;-0,2013;-0,0572;-0,1597;0,6282;-0,1136;-0,5731;0,8406;-0,4458
"administrar";46;-1,2611;-0,1252;1,3401;-0,8983;-0,2489;0,5696;-0,6237;1,0182
"hashtags";15;-0,4112;-0,0408;-0,1141;-0,2929;-0,0812;-0,6247;0,3066;1,2276
"realisto";44;-0,6188;0,6179;-0,3347;0,2351;-0,2381;-0,3056;0,4852;0,3625
"indicarle";11;0,3005;-0,0299;-0,0837;-0,2148;-0,0595;0,2262;1,3183;-1,3891
"giro";19;-0,5209;-0,0517;-0,1445;-0,371;-0,1028;0,6494;-0,2559;0,4672
"74";121;0,4922;-0,3294;-0,4237;-0,2528;-0,6548;-0,4362;0,5495;0,3049
"rutina";54;-0,8254;0,5419;-0,4107;-0,5125;-0,2922;-0,4092;1,8809;-0,5889
"alimentación";24;1,2535;-0,0653;-0,1825;-0,4687;-0,1299;-0,7278;0,3207;0,3948
"semanal";31;0,926;-0,0844;-0,2358;-0,2205;-0,1678;-1,693;-0,4285;1,5086
"resuelto";19;-0,171;-0,0517;-0,1445;0,2408;0,6761;1,0135;-0,2559;-0,9699
"jurar";12;0,2748;-0,0327;-0,0913;-0,2343;-0,0649;-0,1856;1,0452;-0,8121
"cronograma";15;0,2132;-0,0408;-0,1141;-0,2929;-0,0812;-1,2431;1,7352;-0,3439
"76";114;1,3317;-0,3104;0,4981;-0,212;0,384;-1,524;-1,1659;1,6938
"agendas";18;-0,1564;0,9718;1,4162;0,2558;-0,0974;1,1122;-0,5646;-1,4234
"recordatorios";25;-0,6854;-0,0681;-0,1901;0,5208;0,5724;0,3527;0,606;-0,6857
"neural";45;-1,2336;1,4898;0,2634;1,3303;-0,2435;-0,3302;-0,7313;0,6442
"78";88;0,3439;-0,2396;0,344;-0,5998;-0,4762;-1,6601;-0,2699;1,8714
"afuera";12;0,2748;-0,0327;-0,0913;-0,2343;-0,0649;1,3695;-0,79;-0,1927
"guardar";57;1,6548;-0,1552;0,1996;-0,5542;-0,3085;0,267;0,387;-0,7183
"descubrimiento";161;1,1584;-0,4383;-0,6397;0,3837;0,2262;0,6417;-0,3101;-0,8782
"exchange";13;0,2519;-0,0354;-0,0989;-0,2539;-0,0703;1,2239;-0,3214;-0,4873
"verso";13;-0,3564;-0,0354;-0,0989;0,3539;-0,0703;0,399;-0,3214;0,3731
"profundidad";177;-0,6209;-0,157;0,4327;-0,4744;-0,9579;-0,9788;0,2965;1,6528
"mini";12;-0,329;-0,0327;-0,0913;0,3798;-0,0649;0,4588;0,372;-0,4162
"ponerse";29;1,5273;-0,079;0,3999;-0,1983;-0,1569;0,9326;-1,206;-0,4249
"82";90;1,3153;-0,245;-0,6845;-0,6237;-0,487;-1,4266;0,2704;1,2784
"regularmente";26;-0,7128;-0,0708;-0,1978;-0,1661;-0,1407;0,536;0,5102;-0,2972
"parcial";64;-1,041;-0,1742;0,5152;0,269;0,26;-1,6169;0,4901;1,1867
"lucro";50;0,4362;-0,1361;1,2509;1,1679;-0,2706;0,8325;-0,9284;-0,8104
"drástico";29;1,5273;-0,079;1,8649;-0,1983;-0,1569;-1,0047;-0,901;0,5263
"manualmente";28;0,2859;-0,0762;-0,213;-0,1874;0,5309;-1,4825;1,3188;-0,3801
"ilimitado";22;0,4055;-0,0599;-0,1673;-0,4296;-0,1191;0,7701;-0,7143;0,5091
"entusiasmo";46;0,509;0,6012;0,2571;-0,8983;-0,2489;-0,779;-0,8095;1,9096
"charla";39;-0,52;-0,1062;-0,2966;-0,7616;-0,2111;0,4389;0,5247;0,4056
"motivadoras";15;-0,4112;-0,0408;-0,1141;-0,2929;-0,0812;-0,2989;1,2287;-0,3439
"horario";106;0,6973;-0,2886;-0,3479;-0,5087;0,8392;1,0047;-1,1359;0,3706
"impactantes";14;-0,3838;-0,0381;-0,1065;-0,2734;-0,0758;-0,259;0,6621;0,3126
"conversión";35;-0,9595;-0,0953;0,3389;-0,2669;0,4517;-0,9207;-0,2592;1,4081
"gan";28;-0,7676;0,7932;1,0724;0,4554;-0,1515;0,2594;-0,7988;0,5863
"individualizada";37;0,4019;-0,1007;-0,2814;-0,7226;0,4325;0,7414;-0,3613;-0,2698
"talk";14;0,6782;-0,0381;-0,1065;-0,2734;-0,0758;-0,259;0,6621;-0,5615
"particularidad";36;-0,9869;0,6946;-0,2738;-0,703;0,4419;-0,9716;0,7876;0,7557
"drive";51;-1,3981;-0,1388;0,2287;-0,996;-0,276;-0,712;0,6098;1,4139
"desafortunado";12;0,2748;-0,0327;-0,0913;-0,2343;-0,0649;1,3695;-0,24;-0,8121
"anomalía";25;-0,6854;-0,0681;0,4503;0,5208;0,5724;-1,2756;1,9543;-1,0365
"91";93;1,9495;-0,2532;-0,7074;0,4101;-0,5033;-0,4762;-0,4455;0,3109
"competidor";17;1,7566;-0,0463;-0,1293;-0,332;-0,092;-0,7486;0,3298;-0,2479
"fundamentar";138;-0,595;-0,3757;-1,0496;-0,2254;-0,3106;-0,6568;0,3508;1,328
"sello";12;1,479;-0,0327;-0,0913;-0,2343;-0,0649;-0,4476;0,6529;-0,8121
"bienvenido";15;0,2132;-0,0408;-0,1141;-0,2929;-0,0812;0,5919;0,5265;-0,6385
"posterior";145;0,9663;0,224;-0,5512;-0,9386;-0,3347;-0,2704;-0,315;0,4532
"estructuradas";26;-0,2823;-0,0708;-0,1978;0,4977;-0,1407;0,536;1,0003;-1,6132
"contrario";192;0,7008;0,4717;-0,2423;0,3276;-0,2404;0,9131;-1,3488;0,3714
"share";25;-0,6854;-0,0681;-0,1901;0,5208;-0,1353;0,3527;0,2614;0,3471
"informativo";81;-1,4227;-0,2205;-0,6161;-0,2834;-0,1339;-0,4791;0,9526;0,532
"97";78;1,3143;-0,2124;0,812;-0,4842;-0,4221;-0,7393;-1,3252;1,6261
"píxeles";12;-0,329;-0,0327;-0,0913;-0,2343;-0,0649;1,3695;-0,4581;-0,1927
"planifica";10;-0,2741;1,2164;-0,0761;-0,1953;-0,0541;-0,337;0,6454;-0,2851
"turno";22;-0,6031;-0,0599;-0,1673;0,2019;-0,1191;1,1368;0,4756;-0,8055
"agosto";40;0,3505;-0,1089;0,2978;0,5903;-0,2165;0,4062;-0,7324;0,367
"coordinación";123;-0,2851;-0,3349;1,6805;1,3444;-0,6656;-1,3396;0,4697;-0,3348
"coordinar";104;0,3435;-0,2831;0,967;1,0554;-0,5628;-1,4128;1,927;-1,6848
"estructural";70;-0,4282;-0,1906;-0,1828;-0,2011;-0,3788;-0,3659;-0,3707;1,0272
"contabilidad";21;-0,5757;-0,0572;-0,1597;0,2139;-0,1136;-0,5731;-0,2401;1,2279
"postgrado";12;-0,329;-0,0327;-0,0913;-0,2343;-0,0649;0,4588;1,5683;-1,5154
"vii";14;-0,3838;-0,0381;0,6627;0,3305;-0,0758;-0,5644;1,4955;-1,0102
"transitar";37;-1,0143;-0,1007;-0,2814;-0,7226;-0,2002;0,3294;0,5096;0,6917
"perseguir";54;-0,8254;-0,147;0,6179;-0,5125;-0,2922;-0,8265;1,0964;0,4169
"agilizando";11;-0,3016;-0,0299;-0,0837;-0,2148;-0,0595;-0,9116;1,9597;-0,3487
"participativas";10;-0,2741;-0,0272;-0,0761;-0,1953;-0,0541;-0,337;-0,2604;1,0923
"estructuración";27;-0,2994;-0,0735;-0,2054;-0,1767;-0,1461;-0,8914;1,1554;0,2674
"salvaguardar";19;-0,5209;-0,0517;0,5481;1,313;-0,1028;-0,241;0,5598;-0,9699
"intensificar";18;-0,1564;-0,049;-0,1369;0,7296;-0,0974;-1,4917;1,4057;-0,526
"sustancial";78;1,6899;-0,2124;0,4053;-1,5232;-0,4221;-0,7393;-0,6403;1,1699
"allanar";16;0,1967;-0,0436;0,6119;0,2899;-0,0866;-0,6861;0,4175;-0,2063
"monterrey";50;-1,3707;-0,1361;-0,3803;-0,9764;-0,2706;-0,6753;1,0793;0,9777
"ligar";57;-0,5023;-0,1552;0,1996;-0,5542;0,2937;-0,491;0,2875;0,9718
"multilingüe";19;-0,5209;-0,0517;-0,1445;0,2408;-0,1028;-0,241;1,6173;-0,9699
"esforzar";21;-0,2013;-0,0572;1,2934;-0,4101;-0,1136;0,2941;1,1728;-1,7442
"primordial";37;-1,0143;-0,1007;0,3216;-0,2909;-0,2002;0,3294;-0,2466;0,6917
"ubicar";87;-0,2534;0,3764;-0,6617;-0,5879;-0,1505;1,3979;-0,8795;0,4624
"potencia";136;0,3436;0,2413;-0,5026;0,602;-0,3038;-0,7549;0,7835;-0,4371
"exponer";209;-0,4325;0,4252;0,5253;0,3584;-0,5723;0,5596;-0,4676;0,2927
"enriquecedoras";29;-0,795;-0,079;-0,2206;-0,5663;-0,1569;-0,6325;0,2973;1,7685
"anteriormente";194;-0,3245;1,4641;0,9078;1,3132;-0,2453;-0,3792;-0,6686;-0,3868
"moderador";11;-0,3016;-0,0299;-0,0837;-0,2148;-0,0595;0,5288;1,3183;-1,3891
"añadir";187;0,955;-0,5091;0,389;-1,082;-1,012;0,664;-0,5131;0,3902
"consultor";54;-0,8254;-0,147;0,6179;-0,2409;0,8408;-0,2735;0,4243;-0,3056
"evaluador";27;-0,2994;-0,0735;-0,2054;-0,5273;-0,1461;0,2875;1,5049;-0,8185
"arquitecto";15;-0,4112;-0,0408;-0,1141;-0,2929;0,7683;0,5919;0,5265;-0,6385
"hitos";14;-0,3838;-0,0381;-0,1065;-0,2734;0,7957;-0,5644;0,3956;0,5763
"integrador";14;-0,3838;-0,0381;-0,1065;-0,2734;-0,0758;-1,1602;1,0241;0,5763
"modelar";136;-0,3939;1,2652;-1,0344;0,4085;0,2983;-1,3152;1,6491;-0,6424
"intermedio";65;1,3545;-0,177;-0,4944;0,4945;-0,3518;-0,7407;0,5595;-0,5233
"fotográfico";13;0,2519;-0,0354;-0,0989;-0,2539;-0,0703;-1,0774;0,8316;0,3731
"composición";58;1,6135;-0,1579;-0,4411;-0,5683;-0,3139;-0,5198;1,114;-0,9894
"cinematográfico";15;1,2225;-0,0408;-0,1141;-0,2929;-0,0812;-0,6247;0,8301;-0,6385
"montaje";17;-0,1422;-0,0463;-0,1293;0,2721;-0,092;-1,4089;1,2033;-0,2479
"balance";35;0,4406;-0,0953;-0,2662;-0,2669;-0,1894;0,39;-0,2592;0,2689
"transacción";33;1,8573;-0,0898;0,3576;1,256;-0,1786;-0,5255;-0,4037;-0,8998
"doble";69;-1,1515;0,4545;-0,5248;1,082;-0,3734;0,6808;-0,5464;0,4277
"redactor";16;0,1967;-0,0436;-0,1217;0,2899;-0,0866;-0,3406;0,6723;-0,4016
"equipamiento";20;1,5111;-0,0544;-0,1521;-0,3906;-0,1082;-0,5238;0,4572;-0,392
"molecular";32;0,8883;-0,0871;0,3675;-0,6249;-0,1732;-0,7726;0,5581;-0,2354
"analítico";166;0,8534;1,0619;0,2584;-1,6666;0,4705;-0,7252;1,7802;-1,5399
"intérprete";19;-0,5209;-0,0517;-0,1445;-0,371;-0,1028;-0,8761;1,1853;0,4672
"similitudes";55;-0,249;-0,1497;-0,4183;-1,0741;0,8281;-0,6233;0,9951;0,2705
"comparativo";100;-1,2861;-0,2723;0,2841;-0,4504;-0,5412;-0,816;1,6985;0,3299
"aplicable";96;0,2691;0,9156;-0,7302;-0,6969;1,497;-1,6826;1,2897;-0,3564
"102";32;1,363;-0,0871;0,9738;-0,6249;-0,1732;-0,7726;-0,4982;0,5629
"grupales";44;-0,6188;-0,1198;0,2698;-0,8593;-0,2381;0,6497;1,0548;-0,7337
"103";47;0,4897;-0,128;-0,3575;-0,1816;-0,2543;-1,1486;0,5823;0,5461
"hipótesis";146;-0,6892;-0,3975;-1,1105;-1,9639;0,5667;-1,6602;1,5242;1,1289
"110";40;0,6434;-0,1089;-0,3042;0,5903;-0,2165;-1,1824;-0,2785;0,7249
"119";35;1,7363;-0,0953;-0,2662;0,7027;-0,1894;-1,3608;-0,3814;0,4135
"contribución";176;-1,8158;-0,4792;1,4558;0,4316;-0,4464;0,3034;0,8769;-0,5997
"literario";91;-0,7318;-0,2477;-0,6921;-1,7771;0,9833;1,437;1,1758;-1,4986
"influencia";153;0,8384;0,6055;-1,1637;-0,7142;0,2469;0,7003;-0,3424;-0,4528
"corporal";29;0,5844;-0,079;0,3999;-0,1983;-0,1569;0,408;0,2973;-0,6514
"tridimensionales";13;-0,3564;-0,0354;-0,0989;0,3539;-0,0703;0,399;0,2816;-0,2392
"curva";32;1,9219;-0,0871;-0,2434;-0,2319;-0,1732;0,7458;-0,4982;-0,8351
"lineal";104;0,9818;0,3197;-0,791;-0,7977;-0,5628;0,8961;-0,4158;-0,3557
"álgebra";20;-0,5483;0,9287;-0,1521;0,2268;-0,1082;-0,5238;0,6944;-0,2163
"141";36;-0,2073;-0,098;0,3301;-0,2788;-0,1948;-0,4121;0,588;-0,2399
"142";21;0,4308;-0,0572;-0,1597;-0,4101;-0,1136;-1,7404;0,8406;0,5774
"simplificación";32;-0,388;-0,0871;-0,2434;-0,2319;-0,1732;-0,7726;-0,3434;1,7647
"143";29;0,2702;-0,079;-0,2206;0,4359;0,5182;-0,6325;0,2973;0,3422
"144";28;0,6133;-0,0762;0,4116;0,4554;-0,1515;-0,9476;-0,3871;0,5863
"146";22;0,8283;-0,0599;-0,1673;0,2019;-0,1191;-1,0731;0,7058;-0,2953
"147";23;0,7866;-0,0626;-0,1749;1,1069;-0,1245;-0,6752;-0,3686;0,2662
"distribución";171;1,2182;-0,4656;-1,3006;-1,2629;0,7862;1,7579;0,4566;-1,9647
"148";23;0,382;-0,0626;0,4794;0,5712;-0,1245;-1,14;-0,3686;0,6908
"149";24;0,3601;-0,0653;-0,1825;1,7073;-0,1299;-0,7278;-0,2822;-0,224
"151";27;0,3027;-0,0735;-0,2054;1,5344;-0,1461;0,2875;-0,4875;-0,3375
"152";27;0,3027;-0,0735;-0,2054;0,9441;-0,1461;-0,315;-0,4875;0,4342
"153";22;0,8283;-0,0599;-0,1673;0,5988;-0,1191;-1,0731;-1,4125;1,9698
"154";28;0,2859;-0,0762;-0,213;1,4824;0,5309;-1,4825;-0,7988;1,1433
"155";23;0,7866;-0,0626;-0,1749;-0,1357;-0,1245;-1,9061;0,2426;0,9956
"derivación";10;-0,2741;-0,0272;-0,0761;-0,1953;-0,0541;-0,337;1,0789;-0,2851
"157";31;0,2416;-0,0844;-0,2358;-0,2205;0,4943;-0,4507;-0,2881;0,6226
"159";27;0,6439;-0,0735;-0,2054;1,5344;-0,1461;-0,5441;-0,3235;-0,3375
"161";17;-0,1422;-0,0463;-0,1293;1,4388;-0,092;-1,4089;-1,1067;1,8801
"162";24;0,3601;-0,0653;-0,1825;0,5452;1,4518;-0,7278;-0,6579;0,6158
"163";20;-0,186;-0,0544;-0,1521;0,6597;-0,1082;-0,2737;-0,3223;0,4065
"164";15;0,6329;-0,0408;-0,1141;0,3093;-0,0812;-1,2431;-0,5136;1,2276
"165";20;-0,186;-0,0544;-0,1521;0,2268;1,5998;-0,5238;-0,3223;0,4065
"166";18;-0,1564;-0,049;-0,1369;0,2558;-0,0974;-0,4292;0,6832;-0,2929
"168";19;-0,171;-0,0517;-0,1445;0,6934;-0,1028;-0,241;-0,2559;0,2645
"auditivo";26;-0,7128;-0,0708;-0,1978;-0,5077;0,5579;-0,2843;0,7291;0,3049
"170";17;1,0871;-0,0463;-0,1293;0,2721;1,7344;-0,3841;-1,1067;0,3615
"173";24;0,3601;-0,0653;-0,1825;0,5452;0,5876;-1,2075;-0,4428;0,8963
"174";19;-0,171;-0,0517;0,5481;0,2408;0,6761;1,0135;-0,4284;-0,9699
"multidisciplinaria";18;-0,1564;-0,049;-0,1369;-0,3515;-0,0974;-0,21;1,9005;-1,4234
"175";35;-0,1956;-0,0953;0,3389;0,7027;-0,1894;-0,6044;0,6765;-0,5071
"176";19;-0,171;-0,0517;-0,1445;0,2408;-0,1028;-0,4758;1,1853;-0,5923
"insertar";36;-0,4624;-0,098;-0,2738;0,3244;-0,1948;-1,4222;0,7876;0,7557
"177";14;0,2315;-0,0381;1,622;0,3305;-0,0758;-0,5644;-1,093;0,9363
"exhaustivo";116;-0,2336;-0,3158;-0,8823;1,8702;0,3751;-0,7288;0,4781;-0,4456
"178";19;-0,171;-0,0517;-0,1445;1,313;0,6761;-0,241;-1,4098;0,7417
"179";20;-0,186;-0,0544;-0,1521;1,9879;-0,1082;-1,6575;-0,3223;0,6545
"pros";15;-0,4112;-0,0408;0,6363;-0,2929;-0,0812;0,5919;-0,2955;0,262
"contras";15;-0,4112;-0,0408;-0,1141;-0,2929;-0,0812;0,9849;-0,2955;0,262
"181";23;0,7866;-0,0626;-0,1749;1,7714;-0,1245;-1,14;-1,1513;0,9956
"182";24;-0,2491;-0,0653;-0,1825;0,5452;0,5876;-0,4201;-1,2848;1,6417
"enfocándose";34;-0,9321;-0,0926;-0,2586;-0,664;-0,184;-1,2999;1,3052;0,9
"183";16;0,1967;-0,0436;-0,1217;0,8108;-0,0866;-0,6861;-0,3769;0,7081
"amenaza";168;-0,5304;-0,4574;0,4764;0,9088;-0,9092;1,8838;-0,7782;-0,6068
"explotar";39;0,3668;0,6638;0,833;1,041;1,9049;-0,3258;-0,3429;-1,7442
"185";18;0,5194;-0,049;0,568;-0,3515;-0,0974;0,4164;-1,2558;0,8405
"asesoría";14;-0,3838;-0,0381;-0,1065;-0,2734;-0,0758;0,3476;0,3956;0,3126
"186";10;0,3297;-0,0272;-0,0761;0,4411;-0,0541;0,2678;-0,2604;-0,2851
"workshop";19;-0,5209;-0,0517;-0,1445;0,6934;1,642;0,3707;-0,6696;0,2645
"187";15;0,6329;-0,0408;-0,1141;0,3093;-0,0812;-0,6247;0,3066;0,262
"188";12;0,7837;-0,0327;-0,0913;0,3798;-0,0649;-0,1856;-0,4581;-0,1927
"190";16;0,5917;-0,0436;-0,1217;0,8108;-0,0866;-0,6861;0,6723;-0,7181
"191";21;-0,2013;-0,0572;-0,1597;-0,4101;-0,1136;-1,7404;0,8406;0,8682
"192";12;0,2748;-0,0327;-0,0913;-0,2343;-0,0649;-0,4476;-0,4581;1,2467
"organizacionales";14;0,2315;-0,0381;-0,1065;0,3305;-0,0758;0,3476;0,3956;-0,5615
"194";27;-0,2994;-0,0735;0,4239;-0,5273;-0,1461;-0,8914;-0,3235;1,6344
"195";16;0,5917;-0,0436;-0,1217;1,509;-0,0866;-1,326;-0,6225;0,7081
"196";18;-0,1564;-0,049;0,568;-0,3515;-0,0974;-1,4917;1,0031;0,3093
"197";24;0,3601;-0,0653;-0,1825;0,5452;-0,1299;-1,2075;-0,2822;0,8963
"198";18;0,5194;-0,049;-0,1369;-0,3515;-0,0974;-0,4292;-0,5646;1,2234
"elemental";12;0,7837;1,1399;1,7516;-0,2343;-0,0649;-0,1856;-0,24;-1,5154
"199";19;0,4875;-0,0517;1,3728;-0,371;-0,1028;-0,4758;0,3514;-0,341
"vanguardia";86;-0,245;-0,2341;-0,2528;0,7505;-0,4654;-0,3349;0,4102;-0,3111
"diseñarse";20;0,9206;-0,0544;-0,1521;1,2565;-0,1082;0,3302;-0,3223;-1,0575
"201";14;0,6782;-0,0381;-0,1065;-0,2734;-0,0758;-0,5644;-0,4129;0,9363
"inherentemente";17;-0,1422;0,9953;0,5892;0,7686;-0,092;-0,7486;-0,2741;-0,2479
"decálogo";12;-0,329;-0,0327;-0,0913;-0,2343;-0,0649;-0,9945;1,5683;-0,1927
"respeto";125;-1,803;-0,3403;-0,2004;0,3257;0,6935;-1,6726;1,5123;0,471
"dignidad";42;-1,1514;-0,1143;-0,3194;0,5514;0,3899;-0,6217;0,8223;0,2994
"alejar";63;1,8501;-0,1715;-0,1543;-1,2303;0,2645;0,9186;-0,6165;-0,6062
"ofensivo";15;-0,4112;-0,0408;-0,1141;1,585;-0,0812;0,3032;-1,2536;0,8138
"incorrecto";90;-1,0895;0,9616;-0,2712;-0,6237;-0,159;0,679;0,2704;0,3805
"reputación";29;-0,3342;-0,079;-0,2206;0,4359;-0,1569;0,408;-0,3048;0,3422
"tradición";73;0,8005;0,4351;-0,1954;-1,4256;-0,395;-0,4331;-0,778;1,503
"septiembre";102;0,764;0,3257;0,2754;0,3306;-0,552;0,7928;0,3277;-1,3407
"lanzamiento";64;-1,7545;0,4808;-0,1582;0,269;-0,3463;0,3606;1,1409;-0,6457
"ejemplar";18;-0,4935;-0,049;-0,1369;-0,3515;-0,0974;0,7197;0,6832;-0,526
"lluís";10;-0,2741;-0,0272;-0,0761;-0,1953;-0,0541;1,7352;0,3459;-1,2628
"palau";16;0,1967;-0,0436;-0,1217;-0,3125;-0,0866;0,8861;-0,9632;0,7081
"nc";51;-1,3981;-0,1388;1,9254;-0,996;0,8807;0,2702;-0,2594;0,3878
"visibilidad";29;-0,795;0,7793;0,3999;1,4329;1,3017;-0,3805;-0,6531;-0,2634
"pompeu";15;-0,4112;-0,0408;-0,1141;-0,2929;-0,0812;1,481;0,8301;-1,8943
"fabra";17;-0,466;-0,0463;-0,1293;-0,332;-0,092;1,2218;0,5434;-0,8
"doctoral";23;-0,6305;-0,0626;-0,1749;-0,1357;-0,1245;0,2333;0,2426;0,6908
"posicionamiento";37;-0,4815;-0,1007;0,3216;0,3114;-0,2002;-0,2744;-0,3613;0,6917
"desempeñar";271;-1,2659;0,2963;-0,5135;1,7549;0,6075;-0,328;0,4605;-0,5278
"interdisciplinar";33;-0,4063;-0,0898;-0,251;-0,6444;-0,1786;0,2821;0,4783;0,5084
"gira";12;-0,329;-0,0327;0,7223;1,0211;-0,0649;-0,4476;-0,4581;0,4456
"empírico";95;0,4408;1,6563;-0,2947;0,391;-0,1734;-0,5212;-1,8849;1,8422
"desafiantes";36;-0,2073;-0,098;0,3301;0,6783;-0,1948;-0,6453;-0,4428;0,7557
"posteriormente";155;-0,4109;0,2065;-0,6062;-1,0604;-0,3699;-0,9098;0,9393;0,7978
"obtención";70;-0,4282;-0,1906;-0,5324;0,4311;0,2351;-1,5289;0,9782;0,5218
"propiamente";12;-0,329;1,1399;-0,0913;1,0211;-0,0649;-0,9945;1,0452;-0,8121
"verbal";63;1,4235;-0,1715;-0,1543;-0,6395;-0,3409;0,2641;0,6879;-1,0094
"zúñiga";10;-0,2741;-0,0272;-0,0761;-0,1953;-0,0541;0,2678;1,6761;-1,2628
"centraremos";12;-0,329;-0,0327;-0,0913;-0,2343;-0,0649;-0,1856;1,5683;-0,8121
"adentrar";11;-0,3016;-0,0299;-0,0837;-0,2148;-0,0595;-0,9116;0,838;0,533
"detalladamente";14;-0,3838;-0,0381;-0,1065;-0,2734;-0,0758;-0,259;1,0241;-0,2897
"hilo";26;0,3206;-0,0708;-0,1978;-0,5077;-0,1407;1,1663;-0,4131;-0,2972
"evaluadas";35;-0,9595;-0,0953;-0,2662;-0,6835;-0,1894;0,39;-0,3814;1,4081
"frente";365;-0,4498;0,707;1,2481;0,3575;-1,2289;-0,9683;-0,4469;1,0659
"guían";35;-0,9595;-0,0953;0,3389;-0,2669;-0,1894;-0,6044;1,8103;-0,5071
"heterogeneidad";14;-0,3838;-0,0381;-0,1065;-0,2734;-0,0758;0,667;0,6621;-0,5615
"requerimiento";60;-1,6449;-0,1633;-0,4564;-1,1717;-0,3247;1,9442;0,4642;-0,3623
"atento";44;0,2927;-0,1198;0,2698;-0,3787;-0,2381;-0,3056;-0,4929;0,918
"convenir";69;1,2269;0,4545;-0,5248;-1,3475;-0,3734;1,6236;-0,5464;-0,6729
"muestral";11;-0,3016;-0,0299;-0,0837;-0,2148;-0,0595;-0,3914;0,254;0,9267
"probabilístico";12;-0,329;-0,0327;-0,0913;-0,2343;-0,0649;-0,1856;0,6529;-0,1927
"solventar";19;-0,5209;-0,0517;-0,1445;-0,371;-0,1028;-0,241;1,1853;-0,341
"conveniencia";16;-0,4386;-0,0436;-0,1217;-0,3125;-0,0866;-0,6861;1,0109;0,4223
"diseñe";13;-0,3564;-0,0354;-0,0989;-0,2539;-0,0703;0,399;-0,3214;0,6739
"enfatizar";49;-0,7208;1,4221;-0,3727;-0,9569;-0,2652;0,655;-0,6609;1,0469
"dotar";88;-1,051;0,9778;1,7247;0,4621;-0,4762;0,3335;0,4212;-0,7386
"vasto";53;-0,8043;-0,1443;-0,4031;0,383;-0,2868;-1,9288;1,2061;0,7933
"motivar";194;0,389;-0,5282;-1,4756;-1,1632;-0,5142;0,8643;-1,1939;1,8488
"alternativamente";10;1,7025;-0,0272;-0,0761;0,4411;-0,0541;0,2678;-0,2604;-1,2628
"revelar|reveler";62;0,4823;-0,1688;-0,1503;0,2867;-0,3355;-0,642;1,598;-1,2112
"tratarse";23;-0,2328;-0,0626;0,4794;-0,1357;0,6035;-0,3813;-0,5643;0,6908
"comité";117;-0,5642;-0,3185;1,2684;0,3873;-0,6332;-0,3662;1,1443;-1,0102
"permiso";53;0,9842;-0,1443;0,2184;-1,035;-0,2868;-0,5583;0,6232;-0,2786
"énfasis";137;-1,134;1,9546;1,481;-0,5594;-0,7414;-1,3483;0,4549;0,9115
"emisor";10;-0,2741;-0,0272;-0,0761;0,4411;-0,0541;0,6114;0,6454;-1,2628
"comunicarse";62;0,7505;0,4921;-0,4716;-0,3158;0,7468;1,2107;-1,5441;0,295
"descargar";31;1,9894;-0,0844;-0,2358;-0,6054;-0,1678;-0,725;1,1542;-1,105
"seguidamente";11;-0,3016;-0,0299;-0,0837;-0,2148;-0,0595;-0,9116;0,838;0,533
"inverso";18;-0,1564;-0,049;0,568;0,2558;-0,0974;-1,4917;0,6832;0,3093
"contestar";52;-1,4255;-0,1416;-0,3955;-1,0155;0,8671;1,8922;-0,8841;0,6567
"run";15;-0,4112;-0,0408;-0,1141;-0,2929;-0,0812;1,481;-0,5136;0,262
"formalizar";11;-0,3016;-0,0299;-0,0837;0,4087;-0,0595;0,2262;0,838;-0,7159
"nlp";53;-1,453;-0,1443;0,2184;1,0819;0,3157;-0,5583;0,985;-0,5484
"diverso";60;-0,3046;-0,1633;-0,4564;0,3057;0,2786;-1,4154;1,5954;-0,3623
"exigencia";53;-1,453;-0,1443;0,6296;-0,4988;0,3157;-0,5583;1,7333;-0,5484
"concretamente";48;-1,3159;-0,1307;-0,3651;-0,1897;-0,2598;-0,4095;-0,3273;1,695
"reiterar";16;0,1967;-0,0436;-0,1217;0,8108;-0,0866;-0,3406;-0,3769;0,4223
"entenderse";34;-0,9321;1,717;-0,2586;0,7282;0,4617;0,424;-0,8785;0,4588
"aportación";71;-1,1962;-0,1933;-0,54;-0,2081;-0,3842;-0,3877;0,5974;0,7872
"tomarse";13;0,2519;1,1065;-0,0989;-0,2539;-0,0703;0,7529;0,2816;-0,9103
"llevarse";22;0,4055;-0,0599;-0,1673;0,2019;0,6202;1,5777;-1,0226;-0,5023
"proposición";20;0,9206;-0,0544;-0,1521;-0,3906;-0,1082;0,9243;-0,3223;-0,6612
"eur";26;-0,7128;0,8228;1,1282;1,589;-0,1407;-0,836;-0,2658;-0,2972
"lex";21;-0,5757;-0,0572;-0,1597;-0,4101;-0,1136;-0,3081;0,8406;0,3533
"summary";15;-0,4112;-0,0408;1,5648;0,3093;-0,0812;0,3032;-0,5136;0,262
"regulation";31;-0,8498;-0,0844;0,3778;0,812;-0,1678;0,8036;-0,6105;0,2683
"scholarly";18;-0,4935;-0,049;-0,1369;0,2558;-0,0974;0,4164;1,4057;-1,4234
"definition";25;-0,6854;-0,0681;-0,1901;-0,1558;-0,1353;-0,2549;1,5238;-0,6857
"advancing";15;-0,4112;-0,0408;-0,1141;1,585;-0,0812;0,3032;-0,2955;-0,3439
"cuantitativa";41;0,335;-0,1116;-0,3118;-0,8007;-0,2219;-1,7364;1,1698;0,6661
"interview";14;-0,3838;-0,0381;-0,1065;0,9064;-0,0758;-0,5644;-0,6952;1,3967
"designing";28;-0,3167;-0,0762;-0,213;-0,1874;-0,1515;1,8048;-0,3871;-0,5939
"testing";16;-0,4386;-0,0436;0,6119;0,8108;-0,0866;-0,6861;0,4175;-0,2063
"paradigma";165;0,5079;-0,4492;-1,255;-0,2519;-0,8929;0,2971;-0,8588;1,554
"five";31;-0,8498;-0,0844;-0,2358;0,812;-0,1678;-0,2656;-0,8391;1,5086
"224";18;-0,4935;-0,049;0,568;-0,3515;-0,0974;-0,8119;0,6832;0,5367
"226";13;-0,3564;-0,0354;0,6912;0,3539;-0,0703;0,7529;-0,9382;0,3731
"manifiesto";79;-0,332;-0,2151;-0,6009;-0,4955;-0,4275;-1,9778;1,1159;1,1113
"nov";13;-0,3564;-0,0354;-0,0989;1,7583;0,8252;-0,5053;0,8316;-1,6417
"disruptiva";37;-0,2192;-0,1007;0,3216;-0,7226;-0,2002;-1,0233;0,5096;0,9301
"rrss";23;-0,6305;-0,0626;-0,1749;-0,4492;-0,1245;-1,9061;1,1642;0,9956
"03";107;-0,994;0,311;0,2547;0,7167;-0,579;0,6479;0,8076;-1,1502
"cierre";63;0,2653;-0,1715;-0,4792;0,8435;-0,3409;-0,3414;0,4257;-0,3336
"ecuador";67;-1,8368;-0,1824;1,5325;-0,6976;-0,3626;1,4627;0,5723;-0,9795
"hacerlas";12;-0,329;1,1399;-0,0913;0,3798;-0,0649;0,4588;0,372;-0,8121
"uniforme";33;0,4835;-0,0898;-0,251;-0,2434;1,2015;-0,5255;0,4783;-0,4179
"deberse";15;0,2132;1,047;0,6363;0,8565;-0,0812;-0,2989;-0,2955;-0,6385
"listado";55;-0,4708;-0,1497;-0,4183;-1,0741;-0,2976;1,9996;0,6365;-1,0819
"tutorías";63;-1,7271;0,4864;-0,1543;-0,6395;-0,3409;0,7106;0,8506;-0,4554
"contraste";81;0,6452;0,3999;0,3856;-1,5818;-0,4383;-0,639;0,9526;-0,3839
"piloto";95;0,4408;-0,2586;1,0755;1,6171;-0,1734;-1,9859;-0,273;0,354
"bajar";30;0,5571;-0,0817;1,8247;0,4174;-0,1623;-0,415;-0,5308;-0,2989
"veloz";16;-0,4386;-0,0436;-0,1217;0,2899;1,7852;0,526;0,4175;-1,2144
"externo";182;-0,6738;-0,4955;1,0041;-1,025;-0,2162;-0,9448;0,8037;0,6661
"disposición";197;-0,6389;-0,5363;0,3499;1,8518;-0,5257;-0,7252;0,4283;0,2941
"intencionado";22;-0,2169;-0,0599;-0,1673;-0,4296;0,6202;-1,0731;0,9975;0,3069
"ud";11;-0,3016;-0,0299;-0,0837;-0,2148;-0,0595;0,2262;1,9597;-1,3891
"fortalecimiento";56;-1,5352;-0,1525;-0,4259;1,953;-0,303;-0,6568;0,5689;0,3519
"restringir";60;1,5344;-0,1633;-0,4564;1,32;-0,3247;0,3236;-1,9056;0,6241
"restricción";93;0,2951;-0,2532;-0,2852;0,9376;-0,1676;-1,2616;0,7286;-0,2914
"visualizar";107;-0,6781;0,311;-0,8138;-1,3172;-0,2095;-0,2992;1,2549;0,2702
"dispersión";18;-0,1564;-0,049;-0,1369;-0,3515;-0,0974;-1,4917;1,4057;0,3093
"aceleración";39;0,3668;-0,1062;1,5221;-0,7616;-0,2111;1,5384;-0,4812;-0,9778
"impulso";67;1,6874;1,1796;-0,1704;-0,6976;-0,3626;-0,4336;1,0556;-1,842
"persistir";32;-0,8773;0,7405;0,3675;-0,6249;0,483;-0,2926;-0,4982;1,0692
"soportar";55;0,3602;0,5352;-0,4183;-1,0741;-0,2976;0,8311;0,9951;-1,3778
"exponencial";68;0,3944;-0,1851;-0,5172;0,2369;0,243;0,7163;0,7967;-1,5738
"matrícula";54;-0,4553;-0,147;0,6179;-0,5125;-0,2922;-0,4092;1,0964;-0,4305
"borde";20;0,458;-0,0544;-0,1521;-0,3906;0,6564;1,3432;-0,3223;-1,0575
"disrupciones";13;0,7282;-0,0354;0,6912;-0,2539;-0,0703;0,7529;-0,5723;-0,4873
"portal";44;-1,2062;-0,1198;0,2698;0,8961;-0,2381;0,2965;0,8338;-0,7337
"congreso";82;-0,5953;-0,2232;0,3793;-0,9227;-0,1366;0,6024;0,4869;-0,3105
"webinar";10;-0,2741;-0,0272;-0,0761;-0,1953;-0,0541;1,1009;0,6454;-1,2628
"insight";17;-0,466;-0,0463;0,5892;1,4388;-0,092;-0,3841;-0,4668;0,3615
"suscripción";23;-0,6305;-0,0626;-0,1749;-0,4492;-0,1245;0,4322;0,591;0,2662
"santiago";52;-1,4255;-0,1416;-0,3955;-1,0155;-0,2814;0,9767;1,0878;-0,5092
"rafael";20;-0,5483;-0,0544;0,5294;-0,3906;-0,1082;-0,2737;0,9989;-0,392
"pastor";17;-0,1422;-0,0463;-0,1293;-0,332;-0,092;0,2313;0,8317;-0,4623
"estable";57;0,5704;-0,1552;1,7619;-0,5542;-0,3085;-0,491;-0,8794;0,9718
"regir";48;-0,3657;-0,1307;0,6932;0,7973;0,3466;0,4986;0,2763;-0,9506
"sustentar";101;-0,5965;0,8798;-0,7682;0,3386;0,8839;-1,2986;0,7741;0,3967
"caracterizar";146;-0,6892;0,6346;-0,2727;-0,9506;1,9972;-1,6602;0,4574;1,1289
"exclusivamente";101;0,3735;-0,275;-0,7682;-1,2207;-0,5466;0,3069;-0,482;1,4434
"rapidez";53;1,8323;-0,1443;0,2184;-1,035;-0,2868;0,3544;-0,3429;-0,397
"equipar";61;-0,3162;-0,1661;0,5435;-0,6108;0,2738;0,4346;0,6753;-0,7013
"evolutivo";37;0,7249;-0,1007;-0,2814;-0,2909;-0,2002;0,7414;-1,1854;0,6917
"fundacional";11;-0,3016;-0,0299;-0,0837;0,4087;-0,0595;0,2262;0,254;0,2581
"espontáneo";22;1,3741;-0,0599;-0,1673;-0,4296;-0,1191;-1,0731;-0,3009;0,7746
"distinción";44;-0,3095;-0,1198;-0,3347;1,3661;0,9864;-0,4715;-1,0861;0,918
"estrecho";83;-0,2204;-0,226;1,8243;1,9691;-0,4492;-0,5274;-0,333;-0,7132
"aspirar";42;0,9513;-0,1143;0,2834;-0,3531;-0,2273;-1,2916;-0,2656;0,8202
"particularmente";195;0,2728;-0,5309;0,3574;0,3108;-1,0553;0,2839;-0,4057;0,6249
"efectivamente";94;0,4531;-0,2559;-0,715;-0,3946;0,952;-0,6494;-0,854;1,6759
"neutral";61;-1,6723;-0,1661;-0,464;0,5523;-0,3301;-0,6104;0,3119;1,4039
"diferir";28;-0,3167;-0,0762;-0,213;0,4554;-0,1515;-0,3471;0,7408;-0,3801
"óptimo";91;-0,2886;-0,2477;1,1286;0,4302;-0,4925;-1,1858;0,8545;-0,3338
"pilar";109;-0,7061;-0,2968;-0,3628;0,4598;0,4073;-1,3358;0,696;0,7261
"definirse";20;-0,186;-0,0544;-0,1521;0,6597;-0,1082;-0,5238;0,4572;-0,2163
"explícitamente";72;-0,2613;1,1254;-0,5476;-0,7714;0,6494;-0,5635;1,3865;-0,7965
"válido";65;0,2457;1,2027;-0,4944;-0,3456;-0,3518;0,4745;0,336;-0,3901
"explícito";134;-0,7816;0,6893;0,3854;1,4581;0,6354;-0,8646;1,4682;-1,7636
"intuitiva";37;-0,2192;-0,1007;-0,2814;-0,7226;-0,2002;-1,4841;1,4565;0,4937
"regresión";38;-1,0417;-0,1035;-0,289;0,299;-0,2056;-1,0756;0,7992;0,8566
"discreto";16;0,1967;1,0203;-0,1217;0,2899;-0,0866;0,8861;0,2365;-1,2144
"reducción";128;-0,4852;0,2583;0,736;-1,6617;0,6734;-0,5741;-0,4334;1,2999
"recompensa";54;-1,4804;-0,147;-0,4107;-0,2409;-0,2922;-1,5095;1,5908;0,7388
"perpetuar";62;-1,6997;-0,1688;-0,4716;1,7247;-0,3355;0,4086;-1,0723;1,328
"inflexión";32;-0,8773;-0,0871;-0,2434;-0,6249;-0,1732;-0,2926;-0,3434;1,7647
"frank";21;1,4403;-0,0572;-0,1597;0,2139;-0,1136;-0,5731;0,8406;-1,1468
"simplicidad";18;1,6686;-0,049;-0,1369;-0,3515;-0,0974;-1,4917;0,6832;-0,2929
"aparente";21;-0,5757;-0,0572;-0,1597;-0,4101;0,6378;0,2941;-0,6124;1,2279
"análogo";23;-0,2328;-0,0626;0,4794;-0,1357;-0,1245;-0,6752;-0,5643;1,3642
"activación";20;0,458;-0,0544;-0,1521;1,2565;-0,1082;-0,2737;-0,3223;-0,392
"ponderar";23;-0,6305;-0,0626;-0,1749;0,5712;-0,1245;-1,9061;0,3914;1,3642
"subyace";12;-0,329;-0,0327;-0,0913;-0,2343;-0,0649;0,4588;-0,24;0,4456
"1969";14;0,2315;1,0756;-0,1065;0,9064;-0,0758;0,3476;-0,4129;-0,5615
"multicapa";12;-0,329;-0,0327;-0,0913;0,3798;-0,0649;-0,4476;1,0452;-0,4162
"fluir";62;0,4823;-0,1688;-0,4716;-0,3158;-0,3355;-0,4603;-0,8766;1,8763
"revolucionado";29;-0,3342;-0,079;-0,2206;-0,5663;-0,1569;1,2837;0,4452;-0,6514
"vision";41;-1,124;-0,1116;0,7986;0,9798;-0,2219;-0,5845;0,394;0,3317
"long";55;-1,5078;-0,1497;-0,4183;-0,2499;-0,2976;0,3079;-0,3285;1,3545
"short";17;-0,466;-0,0463;-0,1293;0,2721;-0,092;0,4678;-0,4668;0,6165
"gru";10;-0,2741;-0,0272;-0,0761;-0,1953;-0,0541;1,1009;-0,5175;0,3175
"ruido";46;0,8283;-0,1252;-0,3499;-0,8983;0,3602;1,0436;0,658;-1,8629
"gans";12;-0,329;-0,0327;-0,0913;1,858;-0,0649;-0,9945;-0,24;0,4456
"datasets";14;0,2315;-0,0381;-0,1065;-0,2734;-0,0758;0,667;-0,4129;0,3126
"transferencia";117;1,9078;0,7788;1,2684;-0,2291;-0,6332;-0,932;0,6286;-1,395
"attention";43;-1,1788;-0,1171;-0,3271;0,923;-0,2327;-1,865;0,9353;0,7574
"mechanisms";11;-0,3016;-0,0299;-0,0837;1,0878;-0,0595;-0,3914;0,254;0,2581
"few";19;-0,5209;-0,0517;-0,1445;0,6934;-0,1028;-0,8761;-0,2559;1,0908
"sexto";26;-0,2823;-0,0708;-0,1978;-0,5077;-0,1407;0,3185;-0,8621;1,7788
"vaswani";10;-0,2741;-0,0272;-0,0761;-0,1953;-0,0541;-0,8287;0,6454;0,6391
"dinámicamente";18;-0,4935;-0,049;-0,1369;1,3736;-0,0974;-1,4917;0,6832;0,3093
"cross";21;-0,5757;-0,0572;-0,1597;-0,4101;0,6378;-0,5731;-0,3962;1,658
"componer";158;1,2143;0,2016;-0,3173;-0,7652;0,2338;-0,2895;-0,8722;0,8205
"contextualizadas";32;1,9219;-0,0871;-0,2434;-0,6249;-0,1732;-0,4876;-0,9392;1,0692
"modular";15;-0,4112;-0,0408;-0,1141;-0,2929;-0,0812;0,3032;-0,5136;1,2276
"impactante";12;-0,329;-0,0327;-0,0913;0,3798;-0,0649;-0,9945;-0,4581;1,8236
"extraordinario";46;1,6789;-0,1252;0,2571;-0,4048;-0,2489;0,2524;-0,3428;-0,4401
"bidireccional";16;1,1519;-0,0436;-0,1217;-0,3125;-0,0866;-1,326;-0,3769;1,0809
"demográficos";30;0,9656;-0,0817;0,3886;0,4174;-0,1623;-1,0624;1,3123;-1,4526
"chain";10;-0,2741;-0,0272;-0,0761;-0,1953;-0,0541;-0,8287;0,6454;0,6391
"thought";17;-0,1422;0,9953;-0,1293;0,2721;-0,092;-1,4089;-0,4668;1,3732
"multimodales";14;-0,3838;-0,0381;-0,1065;-0,2734;-0,0758;-0,5644;0,3956;0,9363
"mención";41;-1,124;-0,1116;-0,3118;-0,8007;-0,2219;-0,8628;1,4504;0,6661
"sujeto";154;-0,4022;1,1371;-0,3022;-0,3173;1,3607;0,6772;-0,8003;0,2838
"tenerse";16;0,1967;-0,0436;-0,1217;0,8108;-0,0866;0,526;-1,4194;0,7081
"imperativo";70;-1,1738;-0,1906;-0,1828;-1,367;-0,3788;0,6469;1,8671;-0,9059
"4th";11;-0,3016;-0,0299;-0,0837;1,0878;-0,0595;-0,3914;-0,3537;0,533
"berkeley";16;1,1519;1,0203;-0,1217;-0,3125;-0,0866;-0,3406;0,6723;-1,2144
"basic";37;-1,0143;-0,1007;-0,2814;-0,7226;-0,2002;1,0193;-0,2466;0,4937
"bengio";17;-0,466;-0,0463;-0,1293;-0,332;-0,092;0,7982;-0,4668;0,6165
"abs";40;-1,0966;-0,1089;-0,3042;0,5903;-0,2165;-1,1824;0,3248;1,5453
"hinton";18;1,6686;-0,049;-0,1369;1,3736;-0,0974;-0,4292;-0,5646;-0,526
"444";16;-0,4386;-0,0436;-0,1217;0,2899;-0,0866;-0,3406;-0,3769;1,0809
"psychological";35;-0,9595;-0,0953;-0,2662;-0,6835;-0,1894;-0,2272;0,4941;0,825
"game";33;-0,9047;-0,0898;0,9514;0,7549;-0,1786;-0,3208;-1,0437;1,286
"210";13;0,2519;-0,0354;0,6912;-0,2539;1,9616;-0,5053;-1,4508;1,079
"229";10;0,3297;-0,0272;-0,0761;-0,1953;-0,0541;0,2678;-0,9208;1,0923
"um";28;-0,3167;-0,0762;-0,213;-0,5468;-0,1515;-0,3471;0,5266;0,5863
"recepción";19;-0,5209;-0,0517;-0,1445;0,6934;-0,1028;-0,241;-0,4284;0,7417
"207";14;0,6782;-0,0381;-0,1065;0,3305;-0,0758;-0,5644;0,3956;-0,2897
"vasco";10;-0,2741;-0,0272;-0,0761;-0,1953;-0,0541;-0,337;1,6761;-0,6219
"lucir";29;-0,3342;-0,079;-0,2206;0,4359;-0,1569;-1,5523;1,1541;0,3422
"276";12;-0,329;-0,0327;-0,0913;0,3798;-0,0649;-0,4476;0,372;0,4456
"facilitación";40;-0,5395;-0,1089;-0,3042;1,5218;-0,2165;-0,353;0,8108;-0,7611
"percibidas";16;-0,4386;-0,0436;-0,1217;-0,3125;0,7429;-0,6861;1,983;-0,7181
"limitations";38;-1,0417;-0,1035;-0,289;-0,7421;-0,2056;-1,0756;1,0324;1,1205
"primary";35;-0,9595;-0,0953;0,3389;-0,6835;-0,1894;-0,6044;0,897;0,5983
"secondary";25;-0,6854;-0,0681;-0,1901;-0,4882;-0,1353;-0,7814;0,8541;0,8068
"identify";22;-0,6031;-0,0599;-0,1673;-0,4296;-0,1191;0,262;-0,4769;1,5036
"opinions";11;-0,3016;-0,0299;-0,0837;-0,2148;-0,0595;-0,9116;1,9597;-0,3487
"collected";15;-0,4112;-0,0408;-0,1141;-0,2929;-0,0812;-1,2431;0,5265;1,2276
"currently";20;-0,5483;-0,0544;-0,1521;-0,3906;-0,1082;-0,5238;0,2807;1,3642
"major";10;-0,2741;-0,0272;-0,0761;1,1624;-0,0541;0,2678;0,3459;-0,6219
"lack";18;-0,4935;-0,049;-0,1369;1,3736;-0,0974;-0,8119;0,6832;-0,2929
"association";53;-0,4399;-0,1443;0,2184;1,0819;-0,2868;0,5102;-0,7687;0,453
"certain";19;-0,5209;-0,0517;-0,1445;-0,371;-0,1028;-0,241;0,3514;0,7417
"finally";24;-0,6579;-0,0653;-0,1825;-0,4687;-0,1299;-1,2075;1,3399;0,6158
"reveal";11;-0,3016;-0,0299;-0,0837;-0,2148;-0,0595;-0,9116;0,254;1,4456
"perception";28;-0,7676;-0,0762;-0,213;-0,5468;-0,1515;-0,9476;1,6893;0,3857
"poderoso";177;-1,1004;0,5181;-1,3463;-0,6866;-0,4501;1,3498;-0,963;1,3319
"establecerse";11;-0,3016;-0,0299;-0,0837;-0,2148;-0,0595;0,5288;1,3183;-1,3891
"ochoa";12;-0,329;-0,0327;1,7516;-0,2343;-0,0649;-0,4476;0,372;-0,1927
"mitigando";10;-0,2741;-0,0272;0,7941;0,4411;-0,0541;-0,8287;0,6454;-0,2851
"209";15;0,6329;-0,0408;-0,1141;-0,2929;-0,0812;-1,2431;0,3066;0,8138
"makers";12;-0,329;-0,0327;-0,0913;1,0211;-0,0649;-0,4476;-0,24;0,4456
"forms";25;-0,6854;-0,0681;-0,1901;-0,1558;-0,1353;-1,2756;0,8541;0,8068
"concertar";19;0,4875;0,9497;0,5481;-0,371;-0,1028;-0,241;-0,9919;0,7417
"spss";13;-0,3564;-0,0354;-0,0989;-0,2539;-0,0703;-0,5053;1,265;-0,2392
"Dominique Strauss-Kahn ";21;-0,2013;-0,0572;-0,1597;-0,4101;-0,1136;-1,7404;0,5756;1,2279
"statistics";17;-0,466;-0,0463;-0,1293;0,7686;-0,092;0,2313;0,3298;-0,2479
"origen";186;0,4547;-0,5064;-1,4147;0,7035;-1,0066;0,4817;-0,6384;0,6604
"211";27;0,3027;-0,0735;-0,2054;-0,1767;-0,1461;-0,5441;-0,4875;1,2516
"comu";39;-1,0692;-0,1062;-0,2966;-0,3154;-0,2111;-1,6093;1,1652;1,0373
"cri";10;-0,2741;-0,0272;0,7941;-0,1953;-0,0541;0,2678;0,3459;-0,2851
"cal";17;-0,466;-0,0463;-0,1293;0,2721;-0,092;-0,7486;1,2033;-0,2479
"form";25;-0,6854;-0,0681;-0,1901;-0,1558;-0,1353;-0,4602;-0,3446;1,4996
"ahorro";41;0,9852;-0,1116;0,7986;-0,8007;0,3979;-1,2367;0,5395;-0,2724
"desconocimiento";36;-0,9869;-0,098;-0,2738;-0,703;-0,1948;-0,4121;1,6247;-0,2399
"presencialidad";20;-0,5483;-0,0544;-0,1521;-0,3906;-0,1082;-0,2737;1,3774;-0,392
"encima";42;0,9513;0,6355;0,2834;-0,8202;0,3899;-0,6217;0,4705;-0,446
"212";13;-0,3564;-0,0354;-0,0989;-0,2539;-0,0703;0,399;-0,3214;0,6739
"213";17;-0,466;-0,0463;-0,1293;0,2721;-0,092;-0,7486;1,2033;-0,2479
"emo";14;-0,3838;-0,0381;-0,1065;-0,2734;0,7957;-1,1602;0,6621;0,5763
"disminución";53;-0,4399;-0,1443;1,8684;-1,035;-0,2868;-0,7876;0,985;-0,2786
"deshumanización";17;-0,466;-0,0463;-0,1293;-0,332;-0,092;-0,7486;1,2033;0,3615
"individualidad";14;0,2315;-0,0381;-0,1065;-0,2734;-0,0758;0,3476;0,6621;-0,5615
"dificultar";75;-0,8089;0,4259;0,4262;-0,8163;1,177;-0,2442;0,5002;-0,3336
"económicamente";13;0,2519;1,1065;0,6912;1,7583;-0,0703;-0,5053;-0,9382;-0,2392
"240";17;-0,466;-0,0463;-0,1293;0,2721;-0,092;0,7982;-0,739;0,6165
"214";14;0,2315;-0,0381;-0,1065;-0,2734;-0,0758;-1,1602;-0,2234;1,3967
"acarrear";10;-0,2741;-0,0272;-0,0761;1,1624;-0,0541;-0,8287;0,3459;0,3175
"bidimensional";11;-0,3016;-0,0299;-0,0837;0,4087;-0,0595;-0,3914;0,838;-0,3487
"x2";10;-0,2741;-0,0272;-0,0761;-0,1953;-0,0541;-0,8287;1,6761;-0,2851
"012";20;-0,5483;-0,0544;-0,1521;-0,3906;-0,1082;-0,5238;0,9989;0,4065
"215";17;-0,466;-0,0463;0,5892;-0,332;-0,092;1,7374;-0,739;-0,2479
"374";12;-0,329;-0,0327;0,7223;-0,2343;-0,0649;-0,4476;0,372;0,4456
"263";10;-0,2741;-0,0272;-0,0761;0,4411;-0,0541;-0,337;0,6454;-0,2851
"contraposición";12;-0,329;-0,0327;-0,0913;-0,2343;-0,0649;0,8518;-0,24;-0,1927
"corte";51;-0,7623;-0,1388;-0,3879;-0,4715;-0,276;-1,3516;1,1992;0,9125
"216";14;0,2315;-0,0381;0,6627;-0,2734;-0,0758;0,3476;-0,4129;0,3126
"321";11;-0,3016;-0,0299;-0,0837;-0,2148;-0,0595;-0,3914;0,254;0,9267
"cu";20;-0,5483;-0,0544;-0,1521;-0,3906;-0,1082;-1,6575;0,6944;1,3642
"217";23;-0,6305;-0,0626;-0,1749;1,1069;-0,1245;-1,14;-0,5643;1,7978
"323";12;-0,329;-0,0327;-0,0913;-0,2343;-0,0649;-0,9945;1,5683;-0,1927
"218";15;-0,4112;-0,0408;-0,1141;-0,2929;-0,0812;0,3032;-0,2955;0,8138
"defender";92;0,4786;-0,2505;-0,6997;1,6981;-0,4979;0,6209;0,5445;-1,8312
"destrezas";64;-0,6169;-0,1742;-0,4868;-0,6539;-0,3463;0,6739;0,2857;0,6103
"219";18;-0,1564;-0,049;0,568;-0,3515;-0,0974;-0,8119;-0,3473;1,2234
"manifestación";32;1,9219;-0,0871;-0,2434;-0,6249;-0,1732;-0,7726;-0,4982;0,7927
"reticencia";11;-0,3016;-0,0299;0,7564;-0,2148;-0,0595;-0,9116;0,838;0,2581
"alam";18;-0,4935;-0,049;-0,1369;-0,3515;-0,0974;-0,21;1,4057;-0,526
"promoting";31;-0,8498;-0,0844;-0,2358;-0,6054;-0,1678;-0,2656;0,6491;0,6226
"ssrn";66;-1,085;-0,1797;-0,1663;0,4811;-0,3572;0,792;1,15;-1,4492
"2139";25;-0,6854;-0,0681;-0,1901;-0,4882;-0,1353;1,6919;0,606;-1,0365
"barriers";12;-0,329;-0,0327;0,7223;1,0211;-0,0649;-0,4476;-0,4581;0,4456
"lin";30;-0,3519;-0,0817;-0,2282;-0,5859;-0,1623;1,1987;-0,7437;0,688
"255";10;-0,2741;-0,0272;0,7941;-0,1953;-0,0541;-0,337;0,3459;0,3175
"s40593";11;0,3005;-0,0299;-0,0837;-0,2148;-0,0595;0,2262;0,254;0,2581
"019";30;-0,8224;-0,0817;-0,2282;-0,5859;-0,1623;-0,415;1,3123;0,3032
"discovery";17;-0,466;-0,0463;-0,1293;0,2721;0,7192;-0,3841;-0,4668;0,9528
"taylor";25;-0,6854;-0,0681;-0,1901;0,5208;-0,1353;-0,7814;0,2614;1,1234
"francis";16;0,5917;-0,0436;-0,1217;0,2899;-0,0866;0,526;-0,9632;0,4223
"personalized";55;-1,5078;-0,1497;0,2088;-1,0741;-0,2976;1,0729;-0,3285;0,6876
"enabled";12;-0,329;-0,0327;-0,0913;0,3798;-0,0649;0,4588;-0,4581;0,4456
"adaptive";31;-0,8498;0,753;0,3778;-0,6054;-0,1678;1,9164;-0,6105;-0,3365
"mapping";22;-0,6031;-0,0599;-0,1673;0,5988;0,6202;-0,344;0,3012;0,3069
"caeai";29;-0,795;-0,079;-0,2206;-0,5663;-0,1569;-0,6325;0,8702;0,7597
"versus";54;0,3742;-0,147;-0,4107;0,6717;-0,2922;-0,4092;-0,6657;0,9424
"frontiersin";12;0,7837;-0,0327;-0,0913;0,3798;-0,0649;0,4588;-0,4581;-0,4162
"pixel";19;-0,5209;-0,0517;-0,1445;-0,371;0,6761;-0,4758;1,6173;-0,5923
"characteristics";18;-0,4935;-0,049;-0,1369;-0,3515;-0,0974;-0,21;-0,5646;1,6875
"ahmed";16;-0,4386;-0,0436;-0,1217;-0,3125;-0,0866;0,8861;-0,3769;0,4223
"solutions";17;-0,466;-0,0463;0,5892;-0,332;-0,092;0,2313;-0,739;1,3732
"contigo";10;0,3297;-0,0272;-0,0761;-0,1953;-0,0541;1,7352;-0,2604;-1,2628
"ordenación";30;-0,8224;-0,0817;-0,2282;-0,2093;1,2752;0,3723;0,5426;-0,4719
"themes";12;-0,329;-0,0327;-0,0913;1,0211;-0,0649;-0,1856;-0,4581;0,4456
"221";14;-0,3838;-0,0381;-0,1065;-0,2734;-0,0758;-0,259;0,6621;0,3126
"achieving";12;-0,329;-0,0327;-0,0913;0,3798;-0,0649;-0,9945;0,6529;0,4456
"1038";30;-0,3519;-0,0817;-0,2282;-0,5859;-0,1623;0,3723;0,246;0,688
"grading";10;-0,2741;-0,0272;-0,0761;1,1624;-0,0541;0,2678;-0,5175;0,3175
"5th";11;-0,3016;-0,0299;-0,0837;0,4087;0,8925;0,2262;-1,0919;0,9267
"cloud";77;-0,8451;-0,2096;-0,5857;0,9099;-0,4167;0,326;1,1059;-0,8215
"222";12;0,2748;-0,0327;-0,0913;0,3798;-0,0649;-0,9945;-0,24;0,7892
"006";19;-0,5209;-0,0517;-0,1445;-0,371;0,6761;-1,5746;1,6173;0,2645
"014";19;-0,5209;-0,0517;-0,1445;-0,371;-0,1028;0,6494;0,3514;0,2645
"005";24;-0,6579;-0,0653;-0,1825;-0,4687;-0,1299;-1,2075;0,9981;0,8963
"normalización";13;0,2519;-0,0354;-0,0989;-0,2539;0,8252;-0,5053;0,5087;-0,2392
"202";35;-0,4435;-0,0953;0,3389;-0,2669;-0,1894;-0,9207;0,3473;1,0947
"003";33;-0,9047;-0,0898;-0,251;-0,6444;-0,1786;-0,8211;1,4688;0,5084
"008";15;-0,4112;-0,0408;-0,1141;-0,2929;0,7683;-1,2431;0,8301;0,4932
"015";15;0,2132;-0,0408;-0,1141;-0,2929;-0,0812;0,3032;0,5265;-0,3439
"020";29;-0,795;-0,079;-0,2206;-0,5663;-0,1569;1,6929;0,2973;-0,4249
"009";18;-0,4935;-0,049;-0,1369;-0,3515;-0,0974;-0,4292;0,2592;1,2234
"023";59;-1,6174;-0,1606;-0,4487;-1,1522;-0,3193;-0,2604;0,2998;1,8591
"365";13;0,7282;-0,0354;-0,0989;-0,2539;-0,0703;0,399;-0,5723;0,3731
"004";19;-0,5209;-0,0517;-0,1445;-0,371;-0,1028;-0,8761;0,8354;0,7417
"335";10;-0,2741;-0,0272;-0,0761;-0,1953;-0,0541;0,2678;-0,9208;1,6852
"223";24;-0,2491;-0,0653;0,4645;-0,4687;-0,1299;-1,2075;0,9981;0,3948
"313";14;0,2315;-0,0381;-0,1065;-0,2734;-0,0758;0,3476;-1,6372;1,9614
"293";11;0,3005;-0,0299;-0,0837;-0,2148;-0,0595;-0,3914;0,254;0,533
"237";13;-0,3564;-0,0354;0,6912;0,961;-0,0703;-1,0774;0,2816;0,3731
"231";15;-0,4112;-0,0408;-0,1141;-0,2929;-0,0812;0,3032;0,3066;0,4932
"981";16;-0,4386;-0,0436;-0,1217;-0,3125;-0,0866;0,2647;-0,6225;1,5434
"031";21;-0,5757;-0,0572;-0,1597;-0,4101;-0,1136;-0,3081;-0,2401;1,2279
"021";31;-0,8498;-0,0844;-0,2358;-0,6054;-0,1678;0,5436;1,1542;-0,521
"018";13;-0,3564;-0,0354;-0,0989;-0,2539;-0,0703;-1,0774;0,5087;1,079
"013";12;-0,329;-0,0327;-0,0913;-0,2343;-0,0649;0,4588;0,6529;-0,4162
"234";14;0,2315;-0,0381;0,6627;0,3305;-0,0758;-1,1602;-0,6952;1,3967
"315";11;-0,3016;-0,0299;-0,0837;-0,2148;-0,0595;0,5288;-0,6493;0,9267
"225";17;-0,466;-0,0463;0,5892;-0,332;-0,092;-0,7486;-0,2741;1,3732
"bogotá";11;-0,3016;-0,0299;-0,0837;-0,2148;-0,0595;-0,3914;1,3183;-0,3487
"secretario";63;-0,34;-0,1715;0,5244;1,6899;-0,3409;-0,3414;0,6879;-1,2692
"castillo";40;-1,0966;-0,1089;-0,3042;-0,7811;1,0564;-0,353;1,0395;-0,2437
"varela";11;-0,3016;-0,0299;-0,0837;-0,2148;-0,0595;0,2262;1,3183;-0,7159
"quintero";10;-0,2741;-0,0272;-0,0761;-0,1953;-0,0541;-0,8287;0,3459;1,0923
"peña";33;-0,9047;-0,0898;1,713;-0,6444;-0,1786;-1,2396;0,8878;0,5084
"natalia";13;0,2519;-0,0354;-0,0989;0,3539;-0,0703;-0,2212;1,265;-1,6417
"suarez";11;-0,3016;-0,0299;-0,0837;-0,2148;-0,0595;0,2262;0,4901;0,2581
"santana";13;-0,3564;-0,0354;-0,0989;-0,2539;-0,0703;-0,2212;0,8316;-0,2392
"impactando";28;-0,7676;-0,0762;-0,213;-0,5468;0,5309;-0,3471;0,7408;0,3857
"liberar";93;0,2951;-0,2532;0,3174;-0,2139;-0,5033;-0,2603;0,321;0,3109
"articular";97;0,6158;-0,2641;0,6238;-1,8943;-0,5249;0,2791;0,3409;0,3998
"apropiación";78;-1,3542;-0,2124;-0,5933;-0,4842;-0,4221;1,371;-0,782;1,1699
"movilización";10;-0,2741;-0,0272;-0,0761;1,1624;-0,0541;-0,337;0,3459;-0,2851
"emocionante";35;-0,1956;-0,0953;-0,2662;-0,6835;-0,1894;0,8511;0,3473;-0,3357
"traer";133;-0,2418;0,6941;-0,4866;-0,5228;0,3086;1,125;-1,1061;0,5607
"invitación";57;-0,5023;-0,1552;-0,4335;-1,1131;-0,3085;-0,947;1,2204;0,7694
"masificación";15;-0,4112;-0,0408;1,5648;-0,2929;-0,0812;-0,6247;-0,8258;1,7377
"horizontal";29;-0,795;-0,079;-0,2206;-0,5663;0,5182;1,2837;0,2973;-0,4249
"igualitario";12;-0,329;-0,0327;-0,0913;-0,2343;0,8573;-0,4476;1,0452;-0,4162
"explorador";18;-0,1564;-0,049;-0,1369;-0,3515;-0,0974;0,4164;0,2592;0,3093
"brújula";10;-0,2741;-0,0272;-0,0761;-0,1953;-0,0541;0,2678;-0,2604;0,6391
"consigo";62;0,4823;-0,1688;-0,4716;-1,2108;-0,3355;-0,4603;0,7604;0,4062
"predefinidos";15;-0,4112;1,047;-0,1141;0,3093;1,8397;-0,6247;1,2287;-1,8943
"juguete";15;0,6329;-0,0408;-0,1141;-0,2929;-0,0812;-0,2989;1,7352;-1,8943
"doméstico";27;0,6439;-0,0735;-0,2054;0,476;-0,1461;0,2875;-0,7015;0,4342
"predefinir";34;-0,4248;0,7168;-0,2586;-0,664;-0,184;0,9116;1,3052;-1,8074
"gusto";44;1,7782;-0,1198;0,2698;-0,8593;0,3746;0,2965;0,4852;-1,3116
"colaborativo";258;0,289;1,0975;-0,4639;-0,706;-0,2194;-1,2256;1,382;-0,3832
"horizonte";115;-0,5404;-0,3131;0,2252;-1,4472;-0,6223;-0,4354;0,5185;1,075
"omnipresente";33;-0,1729;-0,0898;-0,251;1,8556;-0,1786;-0,5255;-1,7229;1,6371
"utilizarla";70;-0,7199;-0,1906;-0,5324;-0,3972;0,2351;0,3527;0,5281;0,3973
"promesa";80;0,438;1,0472;1,888;-0,5068;-0,4329;-1,3115;-0,9092;1,4817
"provecho";19;-0,171;-0,0517;-0,1445;-0,371;-0,1028;-0,241;0,8354;-0,341
"integrarla";28;-0,7676;-0,0762;-0,213;-0,5468;-0,1515;-0,3471;-0,3871;1,9149
"pendiente";20;0,458;-0,0544;0,5294;-0,3906;1,5998;-0,2737;-0,5169;-0,2163
"encargo";18;-0,1564;-0,049;1,4162;0,2558;-0,0974;0,4164;-0,5646;-0,2929
"preventivo";16;0,5917;-0,0436;-0,1217;-0,3125;-0,0866;0,2647;-0,3769;0,4223
"integrante";35;-0,4435;-0,0953;-0,2662;0,3381;-0,1894;-0,2272;1,158;-0,736
"oponer";21;0,8728;0,9089;-0,1597;-0,4101;-0,1136;1,2353;-0,3962;-1,1468
"temer";25;1,1986;-0,0681;1,1581;1,021;0,5724;0,3527;-1,4228;-0,6857
"centrarnos";25;1,1986;-0,0681;-0,1901;0,5208;-0,1353;-1,2756;0,606;-0,4339
"destrucción";16;0,1967;-0,0436;1,5118;0,8108;-0,0866;-0,3406;0,2365;-0,7181
"coexistencia";10;-0,2741;-0,0272;-0,0761;-0,1953;-0,0541;0,2678;-0,9208;1,6852
"auténtico";171;-1,332;-0,1485;-0,6963;-0,6322;-0,9254;1,2136;-0,704;1,2834
"atrapar";13;0,7282;-0,0354;-0,0989;-0,2539;-0,0703;-0,2212;-0,5723;0,6739
"invaluable";40;-0,2566;-0,1089;-0,3042;-0,7811;-0,2165;-0,5481;1,6079;-0,3704
"régimen";25;1,1986;-0,0681;-0,1901;-0,4882;-0,1353;-0,7814;1,1586;-0,6857
"elogiar";12;-0,329;-0,0327;0,7223;-0,2343;-0,0649;-0,9945;0,372;0,7892
"inmersiva";21;-0,5757;-0,0572;-0,1597;-0,4101;-0,1136;0,2941;0,3719;0,5774
"difícilmente";13;0,7282;-0,0354;-0,0989;-0,2539;-0,0703;0,7529;-0,3214;-0,4873
"emular";28;0,2859;-0,0762;-0,213;-0,5468;-0,1515;0,447;0,7408;-0,5939
"arraigar";26;0,6764;-0,0708;-0,1978;0,4977;-0,1407;-0,5016;-0,8621;1,0194
"sociocultural";29;0,5844;-0,079;0,3999;-0,5663;-0,1569;0,6406;0,2973;-0,6514
"configurando";10;-0,2741;-0,0272;-0,0761;-0,1953;-0,0541;-0,337;1,0789;-0,2851
"colaborar";253;-1,0454;0,3283;0,5562;0,4911;-0,2095;-0,6335;1,4172;-0,8425
"entrega";104;-0,6368;-0,2831;-0,791;-0,489;-0,5628;-0,4541;0,3373;1,4694
"influir";293;0,8744;-0,344;0,3986;-0,7755;-0,2938;-0,6906;1,27;-0,8939
"acertar";39;1,0571;0,6638;0,833;-0,7616;0,4147;-1,1287;0,9159;-0,9778
"studio";21;-0,5757;-0,0572;-0,1597;-0,4101;-0,1136;-0,3081;1,5783;-0,4458
"courses";24;-0,6579;-0,0653;-0,1825;1,0628;-0,1299;-1,2075;-0,4428;1,6417
"griego";29;1,0073;-0,079;-0,2206;-0,5663;-0,1569;-0,3805;1,8807;-1,9062
"diccionario";20;0,9206;0,9287;-0,1521;-0,3906;1,5998;-0,5238;-0,3223;-0,392
"costumbre";21;0,4308;-0,0572;-0,1597;-0,4101;-0,1136;0,2941;0,3719;-0,2543
"procurar";50;-0,7415;-0,1361;0,6667;-0,9764;-0,2706;0,2914;1,32;-0,6017
"heredar";12;-0,329;-0,0327;-0,0913;-0,2343;0,8573;0,4588;0,372;-0,4162
"reduccionista";10;0,3297;-0,0272;-0,0761;-0,1953;-0,0541;-0,8287;-0,5175;1,6852
"aproximar";38;0,3839;-0,1035;1,5513;-0,7421;-0,2056;-1,5465;0,6025;0,4477
"daño";109;0,2985;-0,2968;0,9125;1,2899;0,4073;-0,8891;-0,6211;0,4887
"irreversible";10;0,3297;-0,0272;-0,0761;-0,1953;-0,0541;0,6114;-0,2604;-0,2851
"confirmación";12;-0,329;-0,0327;-0,0913;-0,2343;-0,0649;0,8518;1,0452;-1,5154
"reactivo";33;-0,4063;-0,0898;-0,251;-0,6444;-0,1786;0,692;0,4783;-0,2669
"selectivo";17;-0,466;-0,0463;-0,1293;0,7686;-0,092;0,7982;-1,1067;0,6165
"verificable";10;-0,2741;-0,0272;-0,0761;1,1624;-0,0541;0,6114;-0,9208;0,3175
"virtuoso";22;-0,2169;-0,0599;0,4952;-0,4296;-0,1191;1,1368;-1,0226;0,5091
"cultivar";86;-0,4096;-0,2341;-0,6541;-0,3245;-0,4654;0,9995;-1,5585;1,7722
"florecer";12;-0,329;-0,0327;-0,0913;-0,2343;-0,0649;-0,4476;0,6529;0,4456
"desarrollarse";41;0,6186;-0,1116;-0,3118;0,5705;0,3979;-0,3812;0,2774;-0,4074
"rompecabezas";14;0,2315;-0,0381;-0,1065;-0,2734;-0,0758;0,3476;-0,2234;0,3126
"compensar";18;1,0273;-0,049;1,4162;0,2558;-0,0974;-0,4292;0,4379;-1,4234
"individualmente";34;1,2658;0,7168;0,3481;0,3524;-0,184;0,9116;-0,8785;-0,9661
"ingenio";10;0,9156;-0,0272;-0,0761;0,4411;-0,0541;0,2678;-0,2604;-0,6219
"maximicen";14;-0,3838;-0,0381;0,6627;1,6677;-0,0758;-0,259;0,3956;-1,0102
"enemigo";17;-0,1422;0,9953;-0,1293;-0,332;-0,092;0,7982;-0,2741;-0,4623
"alinee";14;-0,3838;-0,0381;-0,1065;-0,2734;-0,0758;0,3476;1,0241;-0,5615
"innegable";33;-0,4063;-0,0898;-0,251;-0,6444;0,4722;-0,8211;0,3311;1,286
"innumerable";21;0,8728;-0,0572;-0,1597;0,2139;-0,1136;0,2941;0,5756;-1,1468
"multidisciplinarios";21;-0,5757;-0,0572;-0,1597;-0,4101;-0,1136;-1,0068;1,5783;0,3533
"bolivia";12;-0,329;-0,0327;0,7223;0,3798;-0,0649;0,4588;0,372;-0,8121
"océano";16;0,5917;-0,0436;-0,1217;-0,3125;-0,0866;-1,326;1,0109;-0,2063
"impedimento";12;-0,329;-0,0327;0,7223;0,3798;-0,0649;-0,4476;-0,24;0,4456
"doce";22;0,4055;-0,0599;-0,1673;-0,4296;-0,1191;0,262;0,7058;-0,5023
"cobertura";23;1,9435;-0,0626;1,2223;-0,1357;-0,1245;-1,9061;0,591;-0,8807
"proveniente";40;-0,5395;-0,1089;0,8155;-0,3279;0,4061;-1,1824;1,3047;-0,3704
"progresivamente";31;-0,8498;-0,0844;-0,2358;-0,6054;-0,1678;0,3396;0,6491;0,4228
"dirigirse";12;-0,329;-0,0327;-0,0913;0,3798;-0,0649;-0,4476;-0,24;0,7892
"espíritu";68;-0,2242;0,4596;1,512;-1,328;-0,368;1,4035;-0,3852;-0,8149
"inquieto";10;-0,2741;-0,0272;-0,0761;-0,1953;-0,0541;0,2678;1,0789;-0,6219
"indagar";33;-0,9047;-0,0898;-0,251;-0,6444;0,4722;-0,3208;1,8297;-0,6248
"asombro";14;0,6782;1,0756;-0,1065;-0,2734;-0,0758;0,667;-0,2234;-1,0102
"integramos";11;0,3005;-0,0299;-0,0837;-0,2148;-0,0595;-0,9116;1,9597;-0,7159
"legado";14;0,6782;-0,0381;-0,1065;-0,2734;-0,0758;-1,1602;-0,2234;0,9363
"home";51;-0,7623;-0,1388;-0,3879;1,6211;-0,276;-0,9923;-0,4811;1,4139
"recrear";12;-0,329;-0,0327;-0,0913;-0,2343;-0,0649;-0,4476;1,5683;-0,4162
"especializar";29;0,5844;-0,079;1,0462;0,4359;-0,1569;-0,3805;-0,3048;-0,4249
"jasper";28;-0,7676;-0,0762;-0,213;-0,5468;-0,1515;-0,3471;1,0038;0,3857
"runwayml";14;-0,3838;-0,0381;-0,1065;-0,2734;-0,0758;0,667;1,0241;-1,0102
"superponer";12;-0,329;-0,0327;-0,0913;0,3798;-0,0649;-0,4476;1,0452;-0,4162
"infografías";28;-0,7676;-0,0762;-0,213;-0,5468;-0,1515;-0,3471;1,3188;-0,2302
"colaborativos";50;-0,3949;-0,1361;0,234;-0,458;0,8947;-1,3;-0,4263;1,8126
"benítez";13;-0,3564;-0,0354;-0,0989;-0,2539;-0,0703;-0,5053;0,8316;0,3731
"nocomercial";30;-0,3519;-0,0817;1,0211;-0,5859;0,506;-0,6782;1,0082;-0,4719
"cc";66;-1,8093;0,47;1,5534;-0,3558;0,2513;-0,7748;0,7847;0,2943
"autorizar";67;-0,3895;-0,1824;0,9544;-0,6976;0,2471;0,9613;-0,3437;-0,4512
"maquetación";17;-0,1422;-0,0463;-0,1293;-0,332;-0,092;0,7982;0,3298;-0,4623
"203";24;-0,2491;-0,0653;1,1894;-0,4687;-0,1299;-0,7278;0,7174;-0,224
"exclusivo";78;-1,3542;-0,2124;-0,217;0,5869;-0,4221;0,3072;-0,782;1,6261
"respectivo";50;-0,3949;-0,1361;1,2509;0,7527;0,8947;-0,9483;0,528;-0,6017
"pedagogy";35;-0,4435;-0,0953;-0,2662;-0,6835;-0,1894;0,39;0,3473;0,5983
"isabel";24;-0,6579;-0,0653;-0,1825;-0,4687;-0,1299;-0,7278;1,3399;0,3948
"eduardo";16;-0,4386;-0,0436;-0,1217;-0,3125;-0,0866;-0,3406;1,4437;-0,4016
"navarro";44;-1,2062;-0,1198;-0,3347;-0,8593;-0,2381;-1,0026;1,5976;0,6988
"detectores";20;-0,186;-0,0544;-0,1521;-0,3906;-0,1082;0,5864;-0,5169;0,6545
"angel";12;-0,329;-0,0327;-0,0913;1,0211;-0,0649;-0,9945;1,0452;-0,4162
"mejía";10;-0,2741;-0,0272;-0,0761;-0,1953;-0,0541;-0,8287;0,6454;0,6391
"migración";33;1,3133;-0,0898;0,3576;-0,2434;-0,1786;0,4608;-1,0437;0,3381
"paz";62;-0,9973;-0,1688;1,6413;1,2623;-0,3355;0,4086;0,2742;-0,7449
"mónica";18;-0,4935;-0,049;-0,1369;-0,3515;-0,0974;-0,8119;0,2592;1,6875
"rivera";30;-0,8224;-0,0817;-0,2282;-0,2093;-0,1623;-1,6225;1,0082;0,953
"soto";22;-0,6031;-0,0599;-0,1673;-0,4296;-0,1191;-0,6236;1,356;0,3069
"transformadora";77;-0,8451;-0,2096;-0,2127;-1,5037;-0,4167;1,9907;-1,2444;1,2311
"241";10;-0,2741;-0,0272;-0,0761;-0,1953;-0,0541;0,6114;-0,9208;1,0923
"arena";13;-0,3564;1,1065;-0,0989;-0,2539;-0,0703;-0,2212;0,5087;-0,2392
"rv";45;-0,639;-0,1225;-0,3423;1,8696;0,3673;-1,0506;-0,7313;1,3689
"víctor";17;-0,466;-0,0463;-0,1293;-0,332;0,7192;-0,7486;1,2033;-0,2479
"teresa";17;-0,466;-0,0463;-0,1293;-0,332;-0,092;-1,4089;1,2033;0,6165
"durán";13;-0,3564;-0,0354;-0,0989;-0,2539;-0,0703;-0,5053;-0,3214;1,5931
"marinar";21;-0,2013;-0,0572;-0,1597;0,2139;0,6378;0,2941;0,5756;-0,7323
"vanessa";10;-0,2741;-0,0272;-0,0761;-0,1953;-0,0541;-0,8287;1,0789;0,3175
"daniela";15;-0,4112;-0,0408;-0,1141;-0,2929;-0,0812;-1,2431;0,5265;1,2276
"fernando";40;-1,0966;0,6541;-0,3042;-0,7811;-0,2165;-0,5481;1,3047;0,367
"izquierdo";20;-0,5483;-0,0544;-0,1521;-0,3906;-0,1082;0,3302;0,6944;-0,2163
"interactions";35;-0,9595;-0,0953;-0,2662;-0,2669;-0,1894;0,8511;-0,539;0,825
"ángel";19;-0,5209;-0,0517;-0,1445;-0,371;-0,1028;-0,4758;0,5598;0,7417
"maria";37;-1,0143;-0,1007;-0,2814;-0,7226;0,4325;-0,4446;1,7939;-0,4121
"belén";10;-0,2741;-0,0272;-0,0761;-0,1953;-0,0541;-0,8287;0,3459;1,0923
"cabrera";19;-0,5209;0,9497;-0,1445;0,2408;-0,1028;-0,8761;0,3514;0,7417
"ramon";13;1,3849;-0,0354;-0,0989;-0,2539;-0,0703;-1,0774;0,2816;0,3731
"martin";39;-0,52;0,6638;-0,2966;0,611;-0,2111;1,9264;-0,6537;-0,707
"martinez";24;-0,6579;-0,0653;-0,1825;-0,1457;-0,1299;-0,2269;1,3399;-0,6223
"aguilar";35;-0,9595;-0,0953;-0,2662;-0,6835;-0,1894;-0,9207;1,4617;0,5983
"patricia";31;-0,8498;-0,0844;-0,2358;0,3999;-0,1678;1,9164;0,462;-1,5397
"chávez";26;-0,7128;-0,0708;-0,1978;-0,5077;-0,1407;0,3185;1,0003;-0,2972
"convergencia";63;0,7284;-0,1715;-0,1543;-1,2303;-0,3409;-1,2045;1,7304;-0,4554
"nuria";15;1,9556;-0,0408;-0,1141;-0,2929;-0,0812;-0,6247;0,5265;-0,6385
"sanz";14;-0,3838;-0,0381;-0,1065;-0,2734;1,8983;-0,259;-1,093;1,3967
"lorena";10;-0,2741;-0,0272;-0,0761;-0,1953;-0,0541;-0,8287;0,6454;0,6391
"resiliencia";58;-0,5182;-0,1579;-0,4411;0,3259;0,2886;-0,2419;-0,6086;1,1315
"adrián";14;-0,3838;-0,0381;-0,1065;-0,2734;-0,0758;-0,5644;1,4955;-0,2897
"almeida";14;-0,3838;-0,0381;-0,1065;-0,2734;-0,0758;-1,1602;-0,2234;1,9614
"carolina";11;-0,3016;-0,0299;-0,0837;-0,2148;-0,0595;0,5288;0,4901;-0,3487
"estrada";25;-0,6854;-0,0681;0,4503;-0,4882;-0,1353;0,8884;0,2614;-0,2593
"ortega";33;-0,4063;-0,0898;-0,251;-0,6444;-0,1786;-1,2396;0,4783;1,6371
"lara";17;-0,466;-0,0463;-0,1293;0,2721;-0,092;-1,4089;-0,2741;1,8801
"cristina";18;-0,4935;-0,049;-0,1369;-0,3515;-0,0974;-0,4292;0,6832;0,5367
"herrero";27;-0,7402;-0,0735;-0,2054;-0,5273;-0,1461;-0,5441;1,1554;0,4342
"jesús";40;-1,0966;-0,1089;-0,3042;-0,7811;-0,2165;-1,6726;1,9508;0,7249
"luisa";12;-0,329;-0,0327;-0,0913;-0,2343;-0,0649;-0,4476;1,5683;-0,4162
"acosta";15;-0,4112;-0,0408;-0,1141;-0,2929;-0,0812;-1,2431;0,3066;1,7377
"nologías";30;-0,8224;-0,0817;1,8247;-0,2093;-0,1623;-0,6782;0,5426;0,3032
"poten";29;-0,795;-0,079;1,8649;-0,5663;-0,1569;-1,0047;-0,4562;1,7685
"iden";18;-0,4935;-0,049;0,568;0,2558;-0,0974;-1,4917;0,2592;1,2234
"integrarlas";21;-0,5757;-0,0572;-0,1597;0,2139;-0,1136;-0,5731;-0,3962;1,658
"minimizar";84;-1,4917;-0,2287;0,3671;0,5084;-0,4546;0,3027;0,7432;-0,3577
"jaume";15;-0,4112;-0,0408;-0,1141;-0,2929;-0,0812;-0,6247;0,8301;0,4932
"ever";15;-0,4112;-0,0408;-0,1141;-0,2929;-0,0812;-0,6247;0,3066;1,2276
"evolving";10;-0,2741;-0,0272;-0,0761;-0,1953;-0,0541;0,2678;-0,5175;1,0923
"chapter";23;-0,2328;-0,0626;-0,1749;-0,4492;-0,1245;-1,14;0,591;0,9956
"possibilities";19;-0,5209;-0,0517;-0,1445;-0,371;0,6761;-0,8761;0,3514;1,0908
"under";43;-0,296;-0,1171;-0,3271;-0,8397;-0,2327;-1,347;0,409;1,9018
"name";10;-0,2741;-0,0272;-0,0761;0,4411;-0,0541;0,2678;0,3459;-0,2851
"languages";29;-0,795;-0,079;-0,2206;1,4329;-0,1569;-0,2153;-0,6531;0,7597
"external";13;-0,3564;-0,0354;-0,0989;-0,2539;-0,0703;1,2239;-0,3214;-0,2392
"wide";23;0,7866;-0,0626;0,4794;1,1069;-0,1245;-0,3813;-1,5619;0,6908
"experiences";45;-1,2336;-0,1225;-0,3423;-0,8788;0,3673;-0,3302;0,5683;0,8515
"journey";12;-0,329;-0,0327;-0,0913;1,858;-0,0649;-0,1856;-1,2688;0,7892
"down";14;-0,3838;-0,0381;-0,1065;0,9064;-0,0758;-0,259;-0,6952;0,9363
"lane";12;0,2748;-0,0327;0,7223;0,3798;-0,0649;0,8518;-0,4581;-0,8121
"like";52;-1,4255;-0,1416;-0,3955;1,5838;0,3216;0,3798;-1,1008;1,0753
"white";27;-0,7402;-0,0735;-0,2054;-0,1767;0,5441;-0,315;0,4279;0,4342
"back";24;-0,6579;-0,0653;-0,1825;0,5452;-0,1299;-0,7278;0,3207;0,8963
"often";15;-0,4112;-0,0408;-0,1141;0,3093;-0,0812;-0,6247;-0,5136;1,7377
"cheating";18;-0,4935;-0,049;-0,1369;-0,3515;-0,0974;-0,21;-0,3473;1,2234
"learner";37;-1,0143;-0,1007;-0,2814;-0,2909;-0,2002;-0,2744;-0,3613;1,5309
"sense";26;-0,7128;-0,0708;-0,1978;-0,1661;-0,1407;-1,3441;0,7291;1,0194
"incorporate";10;-0,2741;-0,0272;-0,0761;-0,1953;-0,0541;0,6114;-0,9208;1,0923
"feeling";10;-0,2741;-0,0272;-0,0761;-0,1953;-0,0541;-0,8287;1,0789;0,3175
"instead";14;-0,3838;-0,0381;-0,1065;-0,2734;-0,0758;-1,1602;0,3956;1,3967
"texts";23;-0,6305;-0,0626;-0,1749;-0,4492;1,486;0,4322;-0,8222;0,9956
"instant";11;0,3005;-0,0299;-0,0837;-0,2148;-0,0595;-0,3914;-0,6493;1,4456
"itself";16;0,1967;-0,0436;-0,1217;-0,3125;-0,0866;-0,6861;0,2365;1,0809
"pages";14;0,2315;-0,0381;-0,1065;0,9064;-0,0758;-1,1602;-0,2234;0,5763
"ala";19;-0,5209;-0,0517;-0,1445;-0,371;-0,1028;1,4618;0,5598;-0,9699
"behind";12;0,2748;-0,0327;-0,0913;-0,2343;-0,0649;0,8518;-0,4581;-0,1927
"innovation";128;-1,8671;-0,3485;-0,2102;-0,297;-0,6927;-1,0629;0,6348;1,6736
"mean";25;-0,6854;-0,0681;-0,1901;1,6466;0,5724;0,5868;-1,8725;0,8068
"get";19;-0,5209;-0,0517;-0,1445;0,6934;-0,1028;-0,241;-0,2559;0,4672
"hand";26;-0,7128;-0,0708;-0,1978;-0,5077;-0,1407;-0,2843;0,3394;1,0194
"yet";21;-0,5757;-0,0572;-0,1597;-0,4101;-0,1136;-0,5731;0,5756;0,8682
"western";12;-0,329;-0,0327;-0,0913;-0,2343;-0,0649;-0,9945;1,0452;0,4456
"distin";17;-0,466;-0,0463;-0,1293;-0,332;-0,092;-0,7486;0,5434;0,9528
"jones";34;-0,4248;-0,0926;-0,2586;-0,664;-0,184;1,2327;-1,861;1,8957
"background";17;-0,466;-0,0463;-0,1293;-0,332;-0,092;0,2313;-0,2741;0,9528
"enhanced";34;-0,9321;-0,0926;-0,2586;1,2164;-0,184;-0,3501;-0,469;0,9
"significantly";12;-0,329;-0,0327;-0,0913;-0,2343;-0,0649;-0,4476;0,6529;0,4456
"achievement";34;-0,9321;-0,0926;0,9299;-0,2551;-0,184;-0,8705;1,0192;0,3018
"additionally";19;-0,5209;-0,0517;-0,1445;-0,371;-0,1028;-1,5746;0,8354;1,0908
"allowing";11;-0,3016;-0,0299;-0,0837;-0,2148;-0,0595;0,2262;-0,6493;1,4456
"focus";48;-1,3159;0,5853;0,2452;1,2298;0,3466;0,3383;-1,8105;1,3912
"pose";15;-0,4112;-0,0408;-0,1141;0,3093;-0,0812;0,5919;-0,5136;0,4932
"low";19;-0,171;-0,0517;-0,1445;0,6934;-0,1028;-0,241;-0,9919;1,0908
"contribute";16;-0,4386;-0,0436;0,6119;0,2899;-0,0866;-0,3406;0,2365;0,4223
"cre";13;-0,3564;-0,0354;0,6912;-0,2539;-0,0703;-0,5053;-0,5723;1,5931
"lan";31;-0,8498;-0,0844;-0,2358;-0,6054;-0,1678;-1,693;0,6491;1,9021
"guage";20;-0,5483;-0,0544;-0,1521;-0,3906;-0,1082;-1,6575;1,837;0,4065
"complete";41;-1,124;-0,1116;-0,3118;-0,8007;-0,2219;1,3778;-0,6182;0,8876
"ubiquitous";11;0,3005;-0,0299;-0,0837;-0,2148;-0,0595;-0,9116;0,838;0,2581
"cannot";16;-0,4386;-0,0436;-0,1217;0,2899;-0,0866;-0,3406;-0,3769;1,0809
"incorporation";12;-0,329;-0,0327;-0,0913;-0,2343;-0,0649;-0,9945;1,0452;0,4456
"dynamics";12;-0,329;-0,0327;-0,0913;1,858;-0,0649;-0,9945;-0,4581;0,7892
"demand";11;-0,3016;-0,0299;0,7564;0,4087;-0,0595;0,2262;-1,0919;0,9267
"detailed";16;-0,4386;-0,0436;-0,1217;0,2899;-0,0866;-0,3406;-0,6225;1,5434
"implement";23;-0,6305;-0,0626;-0,1749;-0,4492;-0,1245;-0,3813;-0,3686;1,7978
"themselves";12;-0,329;-0,0327;-0,0913;1,0211;-0,0649;-0,9945;-0,24;0,7892
"wood";10;1,7025;-0,0272;-0,0761;-0,1953;-0,0541;0,2678;-1,5268;0,6391
"said";12;-0,329;-0,0327;-0,0913;-0,2343;-0,0649;0,4588;-1,2688;1,8236
"become";18;-0,1564;-0,049;-0,1369;0,7296;-0,0974;-0,4292;-1,2558;1,6875
"bring";12;-0,329;-0,0327;1,7516;-0,2343;-0,0649;-0,4476;-1,2688;1,8236
"since";29;-0,795;-0,079;-0,2206;-0,5663;-0,1569;-0,6325;0,2973;1,7685
"strong";22;-0,6031;-0,0599;-0,1673;-0,4296;-0,1191;-0,6236;-0,3009;1,9698
"linguistic";18;-0,4935;-0,049;-0,1369;-0,3515;-0,0974;-0,8119;0,2592;1,6875
"boost";10;-0,2741;-0,0272;1,9079;0,4411;-0,0541;0,2678;-0,5175;-0,2851
"technol";15;-0,4112;-0,0408;-0,1141;-0,2929;-0,0812;-1,2431;0,5265;1,2276
"focused";20;-0,5483;-0,0544;-0,1521;-0,3906;-0,1082;0,9243;-1,5684;1,8295
"comprehensive";46;-1,2611;-0,1252;-0,3499;0,845;-0,2489;-0,3558;0,4997;0,4303
"playing";15;-0,4112;-0,0408;-0,1141;0,3093;0,7683;-0,2989;-0,8258;1,2276
"pivotal";10;-0,2741;-0,0272;-0,0761;-0,1953;-0,0541;-0,8287;1,0789;0,3175
"sign";16;-0,4386;-0,0436;0,6119;-0,3125;0,7429;1,344;-1,4194;0,4223
"addressed";17;-0,466;-0,0463;-0,1293;0,2721;-0,092;-1,4089;-0,2741;1,8801
"involved";19;-0,5209;-0,0517;-0,1445;-0,371;-0,1028;-1,5746;1,1853;0,7417
"considering";28;-0,7676;-0,0762;-0,213;-0,5468;-0,1515;-0,9476;0,5266;1,5019
"aligned";17;-0,466;-0,0463;0,5892;-0,332;-0,092;0,4678;-0,2741;0,3615
"user";40;-0,2566;-0,1089;-0,3042;-0,7811;-0,2165;1,1266;-1,881;1,8964
"efficiency";10;-0,2741;-0,0272;0,7941;-0,1953;-0,0541;-0,8287;-0,5175;1,6852
"align";10;-0,2741;-0,0272;-0,0761;-0,1953;-0,0541;-0,8287;-0,2604;1,6852
"ins";52;-1,4255;-0,1416;1,8966;-1,0155;-0,2814;-0,7494;-0,2995;1,615
"feature";14;-0,3838;-0,0381;-0,1065;0,9064;-0,0758;-1,1602;0,6621;0,3126
"taught";14;0,6782;-0,0381;-0,1065;0,9064;-0,0758;-0,259;-1,093;0,5763
"degree";25;-0,6854;-0,0681;-0,1901;-0,4882;-0,1353;-1,2756;0,8541;1,1234
"spanish";30;-0,8224;-0,0817;-0,2282;-0,2093;-0,1623;-1,0624;0,3749;1,6334
"mixed";15;-0,4112;-0,0408;-0,1141;0,8565;-0,0812;-0,6247;-0,8258;1,7377
"third";26;-0,7128;-0,0708;-0,1978;-0,1661;-0,1407;-0,5016;0,3394;1,0194
"format";24;-0,6579;-0,0653;-0,1825;-0,4687;-0,1299;-1,989;0,9981;1,2379
"proposed";12;-0,329;-0,0327;-0,0913;0,3798;-0,0649;-0,4476;-0,4581;1,2467
"register";10;-0,2741;-0,0272;-0,0761;0,4411;-0,0541;-0,8287;-0,5175;1,6852
"step";24;-0,6579;-0,0653;-0,1825;-0,4687;-0,1299;-0,4201;0,4932;0,8963
"chosen";10;-0,2741;-0,0272;-0,0761;-0,1953;-0,0541;-0,8287;0,3459;1,0923
"purposes";33;-0,9047;-0,0898;-0,251;-0,6444;-0,1786;-1,8351;1,4688;0,9812
"essay";18;-0,4935;-0,049;-0,1369;0,2558;-0,0974;-0,21;-0,8623;1,6875
"four";33;-0,4063;-0,0898;-0,251;1,256;-0,1786;-1,2396;0,4783;0,5084
"upon";17;-0,1422;-0,0463;-0,1293;-0,332;-0,092;-0,7486;0,5434;0,6165
"informed";17;-0,466;-0,0463;-0,1293;0,2721;-0,092;-0,7486;-0,4668;1,8801
"small";13;0,2519;-0,0354;-0,0989;-0,2539;-0,0703;-0,2212;-0,5723;1,079
"facilitate";30;-0,8224;-0,0817;-0,2282;-0,5859;0,506;-1,0624;0,3749;1,6334
"provision";13;-0,3564;-0,0354;-0,0989;-0,2539;-0,0703;-0,5053;-0,3214;1,5931
"lessons";24;-0,2491;-0,0653;-0,1825;0,5452;-0,1299;-0,4201;-0,6579;1,2379
"creation";34;-0,9321;-0,0926;-0,2586;-0,2551;-0,184;0,9116;0,2785;0,3018
"team";41;-1,124;-0,1116;-0,3118;-0,8007;-0,2219;-0,8628;0,5395;1,7778
"gaps";16;-0,4386;-0,0436;-0,1217;0,8108;-0,0866;0,8861;-1,4194;0,7081
"cultures";34;-0,9321;-0,0926;-0,2586;-0,664;-0,184;-0,8705;1,3052;0,6577
"promote";27;-0,7402;-0,0735;-0,2054;-0,5273;-0,1461;-0,8914;1,1554;0,6526
"explain";11;0,3005;-0,0299;-0,0837;-0,2148;-0,0595;0,2262;-1,0919;1,4456
"book";45;-1,2336;-0,1225;-0,3423;-0,8788;-0,2435;0,8358;-0,5564;1,3689
"2nd";10;-0,2741;-0,0272;-0,0761;-0,1953;-0,0541;0,2678;-0,5175;1,0923
"option";13;-0,3564;-0,0354;-0,0989;-0,2539;-0,0703;-1,0774;0,2816;1,5931
"aforementioned";13;-0,3564;-0,0354;-0,0989;-0,2539;-0,0703;-1,0774;1,265;0,3731
"assisted";28;-0,7676;-0,0762;1,9067;-0,1874;-0,1515;-0,5877;-0,7988;1,5019
"tional";14;-0,3838;-0,0381;0,6627;-0,2734;-0,0758;-0,259;-0,2234;0,5763
"accurate";12;-0,329;-0,0327;-0,0913;0,3798;-0,0649;-0,4476;-0,79;1,8236
"engaged";11;-0,3016;-0,0299;-0,0837;-0,2148;-0,0595;0,5288;-1,0919;1,4456
"despite";15;-0,4112;-0,0408;-0,1141;-0,2929;-0,0812;-0,2989;-0,2955;1,2276
"importance";49;-1,3433;0,5776;-0,3727;-0,4445;-0,2652;-1,6907;1,1927;1,0469
"alternative";15;-0,4112;-0,0408;-0,1141;-0,2929;-0,0812;-0,6247;1,2287;0,262
"evaluate";29;-0,795;-0,079;-0,2206;-0,5663;-0,1569;-1,0047;0,635;1,38
"examples";36;-0,9869;0,6946;-0,2738;0,6783;0,4419;-1,4222;0,2942;1,0094
"cons";53;-1,453;-0,1443;0,2184;-1,035;1,5512;-1,0823;0,4801;1,2503
"style";16;-0,4386;-0,0436;-0,1217;-0,3125;-0,0866;0,526;-0,6225;1,0809
"faculty";26;0,3206;-0,0708;-0,1978;-0,1661;1,3878;-0,2843;-0,8621;0,7258
"feel";28;-0,7676;-0,0762;-0,213;-0,5468;0,5309;-0,5877;-0,2511;1,5019
"manage";10;-0,2741;-0,0272;-0,0761;-0,1953;-0,0541;-0,337;-0,2604;1,0923
"once";27;0,6439;-0,0735;-0,2054;-0,5273;-0,1461;-0,315;0,2796;0,4342
"distributed";13;-0,3564;-0,0354;0,6912;-0,2539;-0,0703;-1,0774;-0,3214;1,5931
"responsibilities";11;-0,3016;-0,0299;-0,0837;0,4087;-0,0595;-0,9116;-0,3537;1,4456
"supported";30;-0,8224;-0,0817;1,8247;-0,5859;-0,1623;-0,6782;-0,5308;1,6334
"ongoing";10;-0,2741;-0,0272;-0,0761;-0,1953;-0,0541;0,2678;-0,9208;1,6852
"document";38;-1,0417;0,6737;-0,289;1,6083;-0,2056;-1,0756;-0,2926;0,8566
"progress";31;-0,8498;-0,0844;-0,2358;0,812;-0,1678;-0,4507;-0,4285;1,1645
"opportunity";18;-0,1564;-0,049;-0,1369;0,2558;-0,0974;-0,4292;-0,8623;1,6875
"intention";11;0,3005;-0,0299;-0,0837;-0,2148;-0,0595;0,9665;-1,7362;0,9267
"together";17;-0,466;-0,0463;0,5892;0,2721;-0,092;0,4678;-1,5898;1,3732
"correct";17;-0,466;-0,0463;-0,1293;-0,332;-0,092;0,2313;1,2033;-0,4623
"instance";16;-0,4386;-0,0436;-0,1217;-0,3125;-0,0866;0,2647;-0,3769;1,0809
"put";10;-0,2741;-0,0272;-0,0761;1,1624;-0,0541;0,2678;-1,5268;1,0923
"provides";22;-0,6031;-0,0599;-0,1673;1,8393;-0,1191;-1,0731;-0,7143;1,5036
"exams";12;-0,329;-0,0327;-0,0913;-0,2343;-0,0649;0,8518;-1,2688;1,2467
"guidelines";49;-1,3433;-0,1334;-0,3727;-0,1979;-0,2652;-1,2489;1,4507;0,6254
"included";16;-0,4386;-0,0436;-0,1217;-0,3125;-0,0866;-1,326;0,4175;1,5434
"items";20;-0,5483;-0,0544;-0,1521;-0,3906;-0,1082;0,5864;-0,7813;1,3642
"action";35;-0,9595;-0,0953;-0,2662;1,1785;0,4517;-0,3806;-0,9768;1,4081
"ability";30;-0,8224;-0,0817;-0,2282;-0,2093;-0,1623;0,3723;-0,364;0,953
"complexity";11;-0,3016;-0,0299;-0,0837;1,0878;-0,0595;-0,9116;0,4901;0,2581
"source";42;-1,1514;-0,1143;-0,3194;0,5514;0,3899;1,0004;-1,149;0,8202
"requires";12;-0,329;-0,0327;-0,0913;-0,2343;-0,0649;-0,1856;-0,4581;1,2467
"required";15;-0,4112;-0,0408;-0,1141;-0,2929;-0,0812;-0,2989;-0,2955;1,2276
"workspace";11;-0,3016;-0,0299;-0,0837;-0,2148;-0,0595;-0,9116;0,254;1,4456
"port";11;0,3005;-0,0299;-0,0837;0,4087;-0,0595;1,538;-1,0919;-0,3487
"moreover";19;-0,5209;-0,0517;-0,1445;-0,371;-0,1028;-1,5746;0,8354;1,0908
"sensitive";13;-0,3564;-0,0354;-0,0989;0,3539;-0,0703;-1,0774;1,265;-0,2392
"train";11;-0,3016;-0,0299;-0,0837;1,0878;-0,0595;-0,9116;-0,3537;0,9267
"contribution";14;-0,3838;-0,0381;-0,1065;0,3305;0,7957;-0,259;-0,2234;0,3126
"creator";25;-0,6854;-0,0681;-0,1901;-0,4882;1,4191;-1,2756;1,9543;-0,4339
"individuals";19;-0,5209;-0,0517;0,5481;0,6934;-0,1028;-0,8761;0,8354;-0,341
"barro";11;-0,3016;-0,0299;-0,0837;-0,2148;-0,0595;0,5288;-0,3537;0,533
"others";18;-0,4935;-0,049;-0,1369;0,7296;-0,0974;-0,4292;-0,8623;1,6875
"stakeholders";20;-0,5483;-0,0544;-0,1521;1,2565;-0,1082;-0,5238;0,4572;-0,2163
"offers";16;-0,4386;-0,0436;-0,1217;0,8108;-0,0866;-0,3406;-0,9632;1,5434
"relation";21;-0,5757;-0,0572;0,5118;1,2035;-0,1136;-1,7404;0,8406;-0,2543
"placer";54;0,3742;-0,147;-0,4107;0,6717;-0,2922;-0,4092;-1,2855;1,7284
"improvement";21;-0,5757;-0,0572;0,5118;-0,4101;-0,1136;-0,5731;-0,3962;1,658
"tive";12;-0,329;-0,0327;-0,0913;-0,2343;-0,0649;-0,4476;-0,4581;1,8236
"valuable";10;0,3297;-0,0272;-0,0761;-0,1953;-0,0541;-0,337;-0,2604;0,6391
"authorship";18;-0,4935;-0,049;-0,1369;-0,3515;1,6868;-1,4917;1,0031;0,3093
"gener";10;-0,2741;-0,0272;-0,0761;-0,1953;-0,0541;-0,8287;0,3459;1,0923
"lead";28;-0,7676;0,7932;0,4116;0,9086;-0,1515;-0,9476;-0,7988;1,5019
"indi";21;-0,5757;-0,0572;1,2934;-0,4101;-0,1136;-1,7404;0,5756;0,8682
"effort";13;-0,3564;-0,0354;-0,0989;-0,2539;-0,0703;0,7529;-0,3214;0,3731
"styles";12;-0,329;1,1399;-0,0913;-0,2343;-0,0649;-0,4476;0,372;0,4456
"conclusions";11;-0,3016;-0,0299;-0,0837;0,4087;-0,0595;0,2262;-0,6493;0,9267
"increasingly";14;-0,3838;1,0756;-0,1065;0,3305;-0,0758;0,3476;-1,093;0,9363
"methodologies";17;-0,466;-0,0463;-0,1293;-0,332;-0,092;0,2313;-0,739;1,8801
"rapid";13;0,2519;-0,0354;-0,0989;-0,2539;-0,0703;0,399;-0,9382;1,079
"formative";18;-0,4935;-0,049;-0,1369;-0,3515;-0,0974;-0,21;0,4379;0,5367
"changes";12;-0,329;-0,0327;-0,0913;0,3798;-0,0649;-0,4476;-0,79;1,8236
"prepared";13;-0,3564;-0,0354;-0,0989;0,3539;-0,0703;0,7529;-0,9382;0,6739
"challenge";43;-0,5988;-0,1171;-0,3271;0,923;-0,2327;-0,2819;-0,5859;0,9892
"fostering";29;-0,795;-0,079;-0,2206;1,4329;-0,1569;-0,6325;0,635;-0,2634
"rules";11;0,8457;-0,0299;-0,0837;1,0878;-0,0595;0,2262;-1,0919;0,2581
"avoid";12;-0,329;-0,0327;-0,0913;-0,2343;-0,0649;-0,4476;-0,24;1,2467
"references";20;-0,5483;-0,0544;-0,1521;-0,3906;-0,1082;-0,9411;0,4572;1,3642
"historical";22;-0,6031;-0,0599;-0,1673;-0,4296;1,522;-1,0731;1,7872;-0,5023
"recent";35;-0,9595;-0,0953;-0,2662;-0,2669;-0,1894;0,5954;-0,9768;1,7656
"developments";11;-0,3016;-0,0299;-0,0837;0,4087;-0,0595;0,2262;0,838;-0,7159
"predicting";11;-0,3016;-0,0299;-0,0837;0,4087;-0,0595;0,2262;-0,6493;0,9267
"skill";12;0,2748;-0,0327;-0,0913;-0,2343;-0,0649;-0,4476;-0,4581;1,2467
"260";14;0,2315;-0,0381;0,6627;-0,2734;-0,0758;0,3476;-0,6952;0,5763
"269";14;-0,3838;-0,0381;-0,1065;-0,2734;-0,0758;-1,1602;0,3956;1,3967
"1111";44;-0,6188;-0,1198;-0,3347;-0,8593;-0,2381;1,1668;0,6445;-0,5282
"collaboration";22;-0,6031;-0,0599;-0,1673;0,2019;-0,1191;0,262;-1,0226;1,9698
"s10639";29;-0,795;-0,079;-0,2206;-0,5663;-0,1569;-0,2153;0,4452;0,7597
"success";32;-0,388;-0,0871;-0,2434;-0,6249;0,483;-1,1799;0,2625;1,7647
"problems";39;-0,52;-0,1062;-0,2966;-0,7616;0,4147;-1,1287;0,3788;1,6542
"multiple";41;-1,124;-0,1116;-0,3118;-0,3404;-0,2219;-0,2373;1,4504;-0,4074
"networks";52;0,404;0,5557;-0,3955;1,5838;-0,2814;-0,5269;-1,3496;1,0753
"1186";69;-1,8916;-0,1879;-0,5248;-1,3475;-0,3734;0,3746;1,0656;0,5588
"hdl";38;-1,0417;-0,1035;-0,289;-0,7421;-0,2056;0,3025;1,9689;-0,6545
"aied";13;0,7282;-0,0354;0,6912;1,7583;-0,0703;-1,0774;-0,5723;-0,2392
"pathways";10;-0,2741;-0,0272;-0,0761;-0,1953;-0,0541;-0,337;0,3459;0,6391
"electronic";26;-0,7128;-0,0708;-0,1978;-0,1661;-0,1407;0,536;-0,4131;0,7258
"value";48;-0,7002;-0,1307;0,2452;1,7398;-0,2598;0,3383;-1,2177;0,8822
"arts";15;0,2132;1,047;-0,1141;0,3093;-0,0812;0,5919;-0,8258;0,262
"compedu";26;-0,7128;-0,0708;-0,1978;-0,5077;-0,1407;0,8186;0,5102;-0,2972
"206";21;0,4308;-0,0572;-0,1597;1,2035;-0,1136;-1,0068;-0,3962;0,5774
"reform";10;-0,2741;-0,0272;-0,0761;0,4411;-0,0541;0,2678;-0,2604;0,3175
"prospects";14;-0,3838;-0,0381;-0,1065;-0,2734;0,7957;0,667;-1,093;0,9363
"reading";50;-0,1981;-0,1361;-0,3803;-0,9764;-0,2706;-0,3109;1,0793;-0,3047
"et";118;-1,1863;-0,3213;0,4729;-0,6323;-0,6386;0,7827;-0,4128;0,801
"fer";11;-0,3016;-0,0299;-0,0837;-0,2148;-0,0595;0,2262;-0,3537;0,9267
"tuales";21;-0,5757;-0,0572;0,5118;-0,4101;-0,1136;0,2941;0,3719;0,3533
"destinar";134;-1,4803;0,6893;1,0701;-0,8096;-0,297;-0,7074;0,5686;0,7573
"márquez";21;-0,5757;-0,0572;-0,1597;-0,4101;-0,1136;0,2941;0,8406;-0,2543
"extender";155;-0,2821;-0,422;-0,6062;-0,7345;-0,8388;0,3539;0,7214;0,3324
"anterioridad";20;-0,5483;0,9287;0,5294;1,2565;-0,1082;-0,9411;-1,1271;1,3642
"domínguez";30;-0,8224;-0,0817;1,0211;-0,5859;-0,1623;-0,415;1,3123;-0,4719
"molina";38;-1,0417;-0,1035;-0,289;-0,7421;-0,2056;-1,0756;1,6154;0,6326
"plus";22;-0,2169;-0,0599;-0,1673;-0,4296;0,6202;0,262;0,3012;0,3069
"magistral";29;-0,3342;-0,079;-0,2206;-0,5663;-0,1569;-0,6325;-0,3048;1,7685
"parcialmente";36;-0,4624;0,6946;0,3301;0,3244;-0,1948;-1,4222;0,2942;1,0094
"titulaciones";31;-0,8498;-0,0844;-0,2358;0,3999;-0,1678;-0,4507;0,8788;0,2683
"elevar";101;-0,5965;-0,275;1,0016;-1,9724;-0,5466;-0,3956;0,2878;1,2454
"ideológico";19;-0,5209;-0,0517;-0,1445;0,2408;-0,1028;1,0135;-0,9919;0,7417
"aca";33;-0,9047;-0,0898;0,9514;-0,6444;-0,1786;-0,3208;-0,4037;1,286
"démico";13;-0,3564;-0,0354;0,6912;-0,2539;-0,0703;-0,5053;-0,3214;1,079
"frecuentemente";37;0,4019;-0,1007;0,3216;-0,7226;-0,2002;-0,6871;-0,3613;1,2097
"inadvertido";11;-0,3016;-0,0299;-0,0837;-0,2148;-0,0595;0,5288;-1,0919;1,4456
"constitucional";11;-0,3016;-0,0299;0,7564;0,4087;-0,0595;-0,9116;0,4901;0,2581
"ren";24;-0,6579;-0,0653;0,4645;-0,1457;-0,1299;-1,2075;-0,2822;1,6417
"aunar";14;-0,3838;-0,0381;0,6627;-0,2734;-0,0758;-0,5644;-0,2234;0,9363
"tecnológi";15;-0,4112;-0,0408;1,5648;-0,2929;-0,0812;-1,2431;-0,5136;1,7377
"semejante";16;-0,4386;-0,0436;-0,1217;-0,3125;-0,0866;0,8861;0,4175;-0,4016
"territorial";27;-0,7402;-0,0735;-0,2054;-0,5273;-0,1461;-1,4131;0,8619;1,2516
"conectividad";142;0,2964;-0,3866;0,6308;1,3055;-0,3243;-0,7478;-1,0548;1,1463
"renunciar";18;-0,4935;-0,049;-0,1369;-0,3515;-0,0974;-0,4292;1,0031;0,3093
"fica";16;-0,4386;-0,0436;0,6119;0,2899;-0,0866;-1,326;0,6723;0,4223
"roig";10;-0,2741;-0,0272;-0,0761;-0,1953;-0,0541;-0,8287;0,3459;1,0923
"epistémico";14;0,2315;-0,0381;-0,1065;-0,2734;-0,0758;-0,5644;-0,2234;0,9363
"condicionar";37;-0,2192;-0,1007;-0,2814;-0,7226;-0,2002;0,3294;0,9064;-0,4121
"académi";16;-0,4386;-0,0436;1,5118;-0,3125;-0,0866;-1,326;0,4175;0,7081
"fraudulento";17;-0,1422;-0,0463;-0,1293;0,2721;-0,092;-1,4089;-0,2741;1,3732
"perspec";22;-0,6031;-0,0599;-0,1673;0,5988;-0,1191;0,262;-0,7143;1,1056
"interdisciplinariedad";29;-0,795;-0,079;-0,2206;-0,5663;-0,1569;0,9326;0,635;-0,4249
"mico";18;-0,4935;-0,049;-0,1369;-0,3515;-0,0974;-0,8119;0,6832;0,8405
"peda";14;-0,3838;-0,0381;-0,1065;-0,2734;-0,0758;-0,5644;0,6621;0,5763
"cer";42;-1,1514;-0,1143;0,7821;-0,8202;0,3899;-1,2916;0,6307;1,0652
"meter";53;-0,4399;-0,1443;-0,4031;-1,035;0,3157;1,1861;0,2628;-0,2786
"abstracción";27;-0,2994;-0,0735;-0,2054;-0,5273;-0,1461;0,7544;1,1554;-1,1988
"inferencias";18;0,5194;0,9718;-0,1369;0,7296;-0,0974;1,5926;-0,8623;-1,4234
"lectivo";10;-0,2741;-0,0272;-0,0761;-0,1953;-0,0541;0,2678;0,3459;0,3175
"autopercepción";25;-0,2656;-0,0681;-0,1901;-0,4882;-0,1353;-1,2756;0,41;1,4996
"amplitud";29;-0,3342;-0,079;-0,2206;-0,5663;-0,1569;-0,3805;1,1541;-0,2634
"favorable";47;-1,2885;-0,128;0,2511;-0,1816;-0,2543;-1,5742;1,4494;0,5461
"independencia";43;0,3062;-0,1171;0,2765;0,5331;0,3822;0,6934;-0,4333;-0,683
"sultados";13;-0,3564;-0,0354;-0,0989;-0,2539;-0,0703;-0,5053;-0,3214;1,5931
"obligar";143;-0,9066;-0,3893;-0,5403;-0,4021;0,5831;1,1301;-1,2549;1,2598
"necesa";14;-0,3838;-0,0381;0,6627;-0,2734;-0,0758;-1,1602;0,6621;0,5763
"adherir";24;-0,2491;-0,0653;-0,1825;-0,4687;-0,1299;1,8146;-0,6579;-0,224
"diversificar";35;0,4406;-0,0953;-0,2662;-0,6835;-0,1894;-0,9207;0,6765;0,5983
"localizar";42;0,5948;-0,1143;-0,3194;0,2546;-0,2273;-0,4104;0,6307;-0,446
"constatar";55;-1,5078;-0,1497;-0,4183;-0,2499;-0,2976;-0,6233;1,2131;0,5219
"rea";53;-1,453;-0,1443;0,6296;-0,2321;-0,2868;0,5102;-0,965;1,5236
"lizar";30;-0,8224;-0,0817;-0,2282;-0,2093;-0,1623;-1,0624;0,3749;1,6334
"causa";107;0,6815;-0,2913;0,2547;0,2931;0,4171;1,8356;-0,5335;-1,5915
"pu";14;-0,3838;-0,0381;0,6627;-0,2734;1,8983;-1,1602;-0,4129;0,9363
"bús";15;-0,4112;-0,0408;0,6363;-0,2929;-0,0812;-1,2431;0,3066;1,2276
"imposibilidad";12;-0,329;-0,0327;-0,0913;1,0211;-0,0649;-0,1856;-0,24;-0,1927
"dialnet";24;-0,6579;-0,0653;-0,1825;-0,4687;-0,1299;-0,7278;0,9981;0,6158
"índole";30;0,2555;-0,0817;0,3886;0,4174;-0,1623;-0,415;-0,7437;0,953
"tico";52;-1,4255;-0,1416;1,2096;-0,4851;0,3216;-1,037;0,8791;0,4917
"tarse";13;-0,3564;-0,0354;-0,0989;-0,2539;-0,0703;-1,0774;0,5087;1,079
"complemente";20;-0,5483;-0,0544;-0,1521;-0,3906;-0,1082;0,3302;-0,7813;1,8295
"sutil";26;0,6764;-0,0708;-0,1978;0,9816;1,3878;-0,5016;-1,1779;0,4883
"espinoso";27;0,3027;-0,0735;-0,2054;-0,5273;-0,1461;-0,8914;1,1554;0,2674
"gital";20;-0,5483;-0,0544;1,332;-0,3906;-0,1082;-1,6575;0,4572;0,9731
"inmersivo";19;-0,5209;-0,0517;-0,1445;-0,371;-0,1028;-0,241;-0,4284;1,5166
"objetividad";33;-0,1729;-0,0898;-0,251;-0,2434;-0,1786;0,692;0,8878;-1,2574
"imparable";10;-0,2741;-0,0272;-0,0761;-0,1953;-0,0541;-0,337;-0,2604;1,0923
"convocar";24;-0,6579;-0,0653;-0,1825;0,5452;-0,1299;-0,4201;0,4932;0,3948
"abogar";42;-1,1514;0,6355;-0,3194;1,4413;-0,2273;0,7399;0,3397;-0,8737
"inducir";24;0,3601;-0,0653;0,4645;1,0628;-0,1299;0,3905;-0,9357;-0,224
"prometedora";25;-0,6854;0,8385;-0,1901;-0,4882;-0,1353;-0,2549;-0,5232;1,4996
"dialéctica";11;0,8457;-0,0299;-0,0837;-0,2148;-0,0595;-0,3914;-1,0919;1,4456
"constancia";11;0,8457;-0,0299;-0,0837;-0,2148;-0,0595;0,5288;-1,0919;0,533
"má";16;-0,4386;-0,0436;1,5118;0,2899;-0,0866;0,2647;-0,6225;0,4223
"coincidencia";33;-0,1729;0,7285;-0,251;0,3675;-0,1786;-0,5255;0,4783;-0,2669
"tección";13;-0,3564;-0,0354;0,6912;-0,2539;-0,0703;-1,0774;0,2816;1,079
"diente";12;0,2748;-0,0327;-0,0913;-0,2343;0,8573;-0,4476;-0,79;1,2467
"llamativo";29;-0,795;-0,079;-0,2206;-0,5663;-0,1569;0,9326;-0,6531;1,044
"denotar";14;-0,3838;-0,0381;1,622;0,9064;-0,0758;0,3476;-0,4129;-0,5615
"ria";37;-1,0143;-0,1007;0,8698;0,3114;-0,2002;-1,0233;-0,5087;1,8941
"limi";13;-0,3564;-0,0354;1,684;0,3539;-0,0703;-1,0774;0,2816;0,3731
"clima";42;0,5948;-0,1143;-0,3194;0,5514;-0,2273;-1,8005;1,9353;-0,8737
"detec";16;-0,4386;-0,0436;0,6119;0,2899;-0,0866;0,8861;-0,6225;-0,2063
"sustantivar";13;0,7282;-0,0354;-0,0989;-0,2539;-0,0703;0,399;-1,4508;1,079
"insuficiente";47;-0,3513;-0,128;0,707;-0,1816;-0,2543;-0,2459;-0,2831;0,393
"depurar";11;-0,3016;-0,0299;-0,0837;-0,2148;-0,0595;0,2262;0,254;0,533
"pedagó";22;-0,6031;-0,0599;-0,1673;-0,4296;-0,1191;0,262;-0,4769;1,5036
"gica";17;-0,466;-0,0463;0,5892;-0,332;0,7192;0,2313;0,3298;-0,2479
"rele";23;-0,6305;-0,0626;1,2223;-0,4492;-0,1245;-1,14;0,3914;0,9956
"vante";10;-0,2741;-0,0272;-0,0761;-0,1953;-0,0541;-0,337;-0,2604;1,0923
"cuaderno";29;-0,795;-0,079;0,3999;-0,5663;-0,1569;-0,2153;0,2973;0,7597
"mann";16;0,5917;-0,0436;-0,1217;0,8108;-0,0866;-1,326;0,4175;-0,2063
"incursión";10;0,3297;-0,0272;-0,0761;-0,1953;-0,0541;-0,8287;0,3459;0,6391
"renovación";18;-0,4935;-0,049;-0,1369;0,2558;-0,0974;-1,4917;0,4379;1,2234
"thomson";11;0,8457;-0,0299;-0,0837;-0,2148;-0,0595;0,2262;-0,3537;0,2581
"ortiz";39;-1,0692;-0,1062;0,3055;-0,7616;-0,2111;0,4389;0,703;0,2695
"massachusetts";32;0,5067;-0,0871;0,9738;0,3833;-0,1732;-0,2926;-0,3434;-0,3761
"papers";74;-0,2807;-0,2015;0,4334;-0,2296;-0,4005;1,8899;-0,2628;-1,3505
"jornada";59;-0,9322;-0,1606;-0,4487;-1,1522;-0,3193;0,3459;0,2998;1,3022
"jordi";16;-0,4386;-0,0436;-0,1217;-0,3125;-0,0866;-0,6861;1,983;-0,4016
"suárez";32;-0,8773;-0,0871;-0,2434;-0,6249;-0,1732;-1,1799;1,3079;0,7927
"vidal";24;-0,6579;-0,0653;-0,1825;-0,4687;-0,1299;-1,989;0,9981;1,2379
"ayuso";15;-0,4112;-0,0408;-0,1141;-0,2929;-0,0812;-1,2431;1,2287;0,4932
"camacho";23;-0,6305;-0,0626;-0,1749;-0,4492;-0,1245;-0,6752;1,1642;0,4485
"vázquez";45;-1,2336;-0,1225;-0,3423;-0,8788;0,97;-1,0506;1,1805;0,6442
"vila";13;-0,3564;-0,0354;-0,0989;-0,2539;-0,0703;0,399;0,2816;0,3731
"esteve";13;-0,3564;-0,0354;-0,0989;-0,2539;-0,0703;-1,0774;1,8273;-0,2392
"ferreira";12;0,2748;-0,0327;-0,0913;-0,2343;-0,0649;-0,4476;-0,79;1,8236
"superación";26;-0,7128;-0,0708;-0,1978;-0,5077;-0,1407;-1,3441;1,0003;1,0194
"addressing";23;-0,6305;-0,0626;-0,1749;-0,1357;-0,1245;-0,3813;0,591;0,4485
"field";50;-1,3707;-0,1361;0,234;1,1679;0,3338;-1,7496;0,2895;1,2243
"cul";11;-0,3016;-0,0299;-0,0837;-0,2148;-0,0595;-0,3914;-0,3537;1,4456
"direct";15;-0,4112;-0,0408;-0,1141;0,3093;-0,0812;1,481;-1,8274;0,8138
"cognitive";65;-1,063;-0,177;-0,4944;0,2606;0,2556;-0,2665;0,4384;0,5694
"activar";56;-0,2598;-0,1525;0,2041;-0,259;-0,303;0,2868;-0,3731;0,6395
"developing";71;-1,9464;-0,1933;0,8991;-0,4078;-0,3842;1,2385;-0,8085;0,7872
"demands";12;0,7837;-0,0327;-0,0913;-0,2343;-0,0649;-0,1856;0,372;-0,4162
"maps";19;-0,171;-0,0517;0,5481;-0,371;0,6761;0,6494;-0,9919;0,4672
"ye";12;-0,329;-0,0327;-0,0913;-0,2343;-0,0649;0,8518;-0,4581;0,4456
"accessible";16;-0,4386;-0,0436;-0,1217;1,509;-0,0866;-0,3406;-0,3769;0,4223
"scenarios";16;-0,4386;-0,0436;-0,1217;-0,3125;-0,0866;0,8861;-0,3769;0,4223
"awareness";37;-1,0143;-0,1007;-0,2814;0,3114;-0,2002;-1,4841;1,7939;0,3347
"professionals";12;-0,329;-0,0327;-0,0913;-0,2343;-0,0649;-0,1856;-0,4581;1,2467
"building";43;-1,1788;0,6266;-0,3271;1,9633;-0,2327;-0,9553;0,554;0,2698
"goldman sachs";15;0,6329;-0,0408;-0,1141;1,585;-0,0812;-0,2989;-0,8258;0,262
"goal";17;-0,466;-0,0463;-0,1293;-0,332;-0,092;-0,7486;1,668;-0,2479
"growth";22;-0,6031;-0,0599;0,4952;0,5988;-0,1191;-0,344;0,3012;0,3069
"inclusive";35;-0,9595;-0,0953;-0,2662;0,3381;-0,1894;-0,6044;1,158;0,2689
"limited";26;-0,7128;-0,0708;0,4368;-0,1661;-0,1407;-0,836;0,3394;1,0194
"hwang";19;-0,5209;-0,0517;-0,1445;-0,371;-0,1028;-0,241;0,5598;0,4672
"efforts";12;-0,329;-0,0327;0,7223;1,858;-0,0649;-0,9945;-0,24;-0,1927
"needed";21;-0,2013;-0,0572;-0,1597;0,2139;-0,1136;-0,5731;-0,6124;1,658
"fully";13;-0,3564;-0,0354;-0,0989;0,3539;-0,0703;-0,5053;0,5087;0,3731
"reason";10;-0,2741;-0,0272;-0,0761;1,1624;-0,0541;-0,8287;-0,9208;1,6852
"explores";11;-0,3016;-0,0299;-0,0837;1,0878;-0,0595;0,5288;-1,0919;0,533
"practical";52;-1,4255;-0,1416;0,2235;-0,2233;-0,2814;-0,2344;-0,6976;1,9308
"presented";21;-0,5757;-0,0572;-0,1597;-0,4101;-0,1136;0,2941;-0,6124;1,658
"state";57;-0,8892;-0,1552;0,5844;0,3366;-0,3085;0,5537;0,387;-0,3944
"presents";12;-0,329;-0,0327;-0,0913;-0,2343;-0,0649;-0,9945;1,0452;0,4456
"adopting";10;-0,2741;-0,0272;-0,0761;1,1624;-0,0541;-0,8287;-0,5175;1,0923
"job";19;0,972;-0,0517;-0,1445;0,6934;-0,1028;1,0135;-1,9424;0,2645
"additional";10;-0,2741;-0,0272;-0,0761;-0,1953;-0,0541;0,2678;-0,9208;1,6852
"especially";15;-0,4112;-0,0408;-0,1141;-0,2929;-0,0812;-0,6247;0,5265;0,8138
"chang";15;-0,4112;-0,0408;-0,1141;-0,2929;-0,0812;0,9849;-0,5136;0,4932
"choices";10;-0,2741;-0,0272;-0,0761;-0,1953;-0,0541;-0,337;-0,2604;1,0923
"risk";47;-0,6797;-0,128;0,2511;0,8207;-0,2543;-0,8203;0,5823;0,393
"jan";16;0,1967;-0,0436;0,6119;0,2899;-0,0866;-0,6861;-0,6225;1,0809
"zhao";25;-0,6854;-0,0681;-0,1901;0,5208;-0,1353;-0,4602;0,606;0,3471
"zou";13;-0,3564;-0,0354;-0,0989;0,3539;-0,0703;-0,5053;-0,3214;1,079
"contributing";14;-0,3838;-0,0381;-0,1065;-0,2734;-0,0758;-0,259;0,3956;0,5763
"anxiety";20;1,5111;-0,0544;-0,1521;-0,3906;-0,1082;-1,6575;0,2807;0,6545
"wu";34;-0,9321;-0,0926;-0,2586;0,3524;-0,184;-0,8705;0,776;0,6577
"serve";14;-0,3838;-0,0381;-0,1065;-0,2734;-0,0758;-0,259;0,6621;0,3126
"influence";23;-0,2328;-0,0626;-0,1749;-0,4492;-0,1245;-0,6752;0,591;0,6908
"aimed";12;-0,329;1,1399;-0,0913;-0,2343;-0,0649;-0,9945;1,0452;-0,1927
"resource";42;0,5948;-0,1143;-0,3194;-0,8202;-0,2273;0,3474;-0,6928;1,0652
"collection";33;-0,9047;-0,0898;-0,251;-0,6444;0,4722;-1,8351;0,8878;1,286
"measure";20;-0,5483;-0,0544;-0,1521;1,2565;0,6564;-0,9411;-1,1271;1,8295
"univer";32;-0,8773;-0,0871;0,3675;0,3833;-0,1732;-0,4876;0,2625;0,7927
"a2";20;-0,5483;-0,0544;-0,1521;-0,3906;-0,1082;-1,6575;0,6944;1,3642
"prior";14;-0,3838;-0,0381;-0,1065;-0,2734;-0,0758;-0,259;0,3956;0,5763
"presentations";16;-0,4386;-0,0436;-0,1217;-0,3125;-0,0866;-0,6861;0,2365;1,5434
"franco";24;-0,6579;-0,0653;0,4645;-0,4687;-0,1299;0,3905;-0,2822;0,6158
"countries";17;-0,466;-0,0463;1,4624;-0,332;-0,092;1,7374;-1,5898;0,3615
"career";12;-0,329;-0,0327;-0,0913;-0,2343;-0,0649;0,8518;-1,9486;1,8236
"side";15;0,6329;-0,0408;-0,1141;-0,2929;-0,0812;-0,6247;0,5265;0,262
"topics";24;-0,6579;-0,0653;-0,1825;-0,4687;1,4518;-0,4201;-0,6579;1,6417
"apply";16;-0,4386;-0,0436;-0,1217;0,2899;-0,0866;0,526;-1,4194;1,5434
"unique";10;-0,2741;-0,0272;-0,0761;-0,1953;-0,0541;-0,8287;0,6454;0,6391
"differences";12;0,2748;-0,0327;-0,0913;0,3798;-0,0649;-0,4476;-0,79;1,2467
"account";17;-0,466;-0,0463;-0,1293;-0,332;-0,092;-0,3841;-0,4668;1,8801
"mentioned";15;-0,4112;-0,0408;-0,1141;-0,2929;-0,0812;-1,2431;0,8301;0,8138
"faz";11;-0,3016;-0,0299;-0,0837;0,4087;-0,0595;0,5288;-1,0919;0,9267
"brief";18;-0,1564;-0,049;0,568;-0,3515;-0,0974;-0,21;0,6832;-0,526
"platform";42;-1,1514;-0,1143;0,7821;1,4413;-0,2273;1,3037;-0,6928;-0,6338
"allows";16;-0,4386;1,0203;-0,1217;-0,3125;-0,0866;0,526;-0,9632;1,0809
"elements";31;-0,8498;1,7931;-0,2358;-0,6054;-0,1678;-0,725;0,462;0,8694
"rate";13;-0,3564;-0,0354;-0,0989;-0,2539;-0,0703;-0,2212;-0,5723;1,5931
"meet";24;-0,6579;-0,0653;-0,1825;1,7073;-0,1299;-0,7278;-0,9357;1,6417
"concepts";28;-0,7676;1,8777;-0,213;-0,5468;-0,1515;0,2594;-0,3871;0,8384
"choice";32;-0,388;-0,0871;0,3675;-0,6249;-0,1732;-0,4876;0,7643;0,3784
"draw";15;-0,4112;-0,0408;-0,1141;-0,2929;-0,0812;0,3032;0,3066;0,4932
"initiatives";13;-0,3564;-0,0354;-0,0989;-0,2539;-0,0703;-1,0774;0,5087;1,079
"pictures";12;-0,329;-0,0327;-0,0913;-0,2343;-0,0649;1,3695;-0,24;-0,4162
"advance";15;-0,4112;-0,0408;-0,1141;0,8565;-0,0812;0,9849;-0,8258;0,262
"via";25;-0,6854;-0,0681;-0,1901;-0,4882;-0,1353;0,5868;-0,5232;1,1234
"structure";22;-0,2169;-0,0599;-0,1673;-0,4296;-0,1191;-0,6236;0,3012;1,1056
"visually";11;0,3005;-0,0299;-0,0837;-0,2148;-0,0595;0,2262;-0,3537;0,533
"similarly";11;-0,3016;-0,0299;-0,0837;-0,2148;-0,0595;-0,9116;0,838;0,533
"generating";19;-0,5209;0,9497;-0,1445;-0,371;-0,1028;-1,5746;0,3514;1,5166
"closed";12;-0,329;-0,0327;-0,0913;-0,2343;-0,0649;-0,9945;1,5683;-0,1927
"previously";12;-0,329;-0,0327;-0,0913;-0,2343;-0,0649;-0,9945;0,372;1,2467
"assist";20;-0,5483;-0,0544;0,5294;-0,3906;-0,1082;-0,5238;-0,3223;1,3642
"exam";17;-0,1422;-0,0463;-0,1293;-0,332;-0,092;0,7982;-1,1067;0,9528
"grade";11;-0,3016;-0,0299;0,7564;-0,2148;-0,0595;-0,9116;0,838;0,2581
"assessed";14;-0,3838;-0,0381;-0,1065;-0,2734;-0,0758;1,0967;-1,6372;1,3967
"ups";11;-0,3016;-0,0299;-0,0837;-0,2148;-0,0595;0,5288;0,838;-0,7159
"instructors";13;-0,3564;-0,0354;-0,0989;-0,2539;-0,0703;0,399;0,8316;-0,4873
"reports";34;-0,4248;-0,0926;1,6784;-0,2551;-0,184;0,424;-1,4782;1,1867
"discussions";13;-0,3564;-0,0354;0,6912;0,3539;-0,0703;-1,0774;-0,3214;1,079
"perform";10;-0,2741;-0,0272;-0,0761;-0,1953;-0,0541;-0,8287;-0,2604;1,6852
"mark";31;0,2416;-0,0844;0,997;0,3999;0,4943;0,5436;-1,4569;0,4228
"handbook";44;-1,2062;-0,1198;-0,3347;0,2351;-0,2381;0,4529;-0,2536;0,6988
"accuracy";18;-0,4935;-0,049;-0,1369;1,3736;0,697;-0,21;-1,2558;0,8405
"last";12;-0,329;-0,0327;-0,0913;1,858;-0,0649;-0,9945;-1,2688;1,8236
"actively";11;-0,3016;-0,0299;-0,0837;-0,2148;-0,0595;0,2262;0,254;0,533
"identifying";14;-0,3838;-0,0381;0,6627;-0,2734;-0,0758;-0,259;-0,6952;1,3967
"offering";11;-0,3016;-0,0299;-0,0837;0,4087;-0,0595;-0,3914;0,254;0,533
"even";27;-0,7402;0,8077;-0,2054;-0,1767;-0,1461;-0,315;0,2796;0,6526
"measures";23;-0,6305;-0,0626;-0,1749;-0,1357;0,6035;0,2333;-0,8222;1,3642
"consent";12;-0,329;-0,0327;-0,0913;-0,2343;-0,0649;-0,9945;0,372;1,2467
"care";22;-0,6031;-0,0599;-0,1673;0,5988;-0,1191;-1,0731;0,4756;0,7746
"critically";17;-0,466;-0,0463;-0,1293;-0,332;-0,092;0,2313;-0,739;1,8801
"require";10;-0,2741;-0,0272;-0,0761;-0,1953;-0,0541;0,6114;-1,5268;1,6852
"ready";13;-0,3564;-0,0354;1,684;-0,2539;-0,0703;-0,5053;-0,9382;1,5931
"techno";17;-0,466;-0,0463;-0,1293;1,4388;0,7192;0,4678;-0,739;-0,2479
"experi";19;-0,5209;-0,0517;0,5481;-0,371;-0,1028;-1,5746;0,3514;1,5166
"promise";21;-0,5757;-0,0572;0,5118;0,2139;-0,1136;0,2941;-0,3962;0,5774
"relevance";10;-0,2741;-0,0272;-0,0761;0,4411;-0,0541;-0,337;1,0789;-0,6219
"incor";13;-0,3564;-0,0354;-0,0989;-0,2539;-0,0703;-0,5053;0,5087;0,6739
"toward";25;-0,6854;-0,0681;-0,1901;1,6466;-0,1353;0,3527;-1,4228;1,1234
"associated";18;-0,4935;-0,049;-0,1369;1,3736;-0,0974;-1,4917;-0,5646;1,6875
"contemporary";35;-0,9595;-0,0953;-0,2662;-0,2669;-0,1894;1,513;-0,2592;-0,3357
"transforming";16;-0,4386;-0,0436;-0,1217;1,509;-0,0866;-0,6861;-0,3769;0,7081
"pedagogies";10;-0,2741;-0,0272;-0,0761;-0,1953;-0,0541;-0,8287;1,6761;-0,2851
"reference";23;-0,2328;-0,0626;0,4794;-0,4492;-0,1245;-0,3813;0,591;0,2662
"chai";10;-0,2741;-0,0272;-0,0761;-0,1953;-0,0541;1,1009;-0,5175;0,3175
"jiang";17;-0,466;-0,0463;-0,1293;-0,332;-0,092;-0,3841;0,3298;0,9528
"twenty";14;-0,3838;-0,0381;0,6627;-0,2734;-0,0758;-0,259;-0,2234;0,5763
"cheng";14;-0,3838;-0,0381;-0,1065;-0,2734;-0,0758;0,3476;-0,6952;1,3967
"springer";111;0,282;-0,3022;1,3488;-0,339;-0,222;0,4307;0,334;-0,6498
"nguyen";21;-0,2013;-0,0572;-0,1597;-0,4101;-0,1136;0,5296;-0,6124;0,8682
"british";32;-0,388;-0,0871;0,9738;0,3833;-0,1732;0,5006;0,3919;-0,8351
"1057";11;-0,3016;-0,0299;-0,0837;-0,2148;-0,0595;0,2262;-0,3537;0,9267
"bjet";17;-0,466;-0,0463;-0,1293;-0,332;-0,092;0,4678;0,5434;-0,2479
"3rd";16;-0,4386;-0,0436;-0,1217;0,2899;-0,0866;-0,6861;0,6723;0,4223
"reflective";17;-0,466;-0,0463;-0,1293;-0,332;-0,092;-0,3841;-0,2741;1,3732
"lai";12;-0,329;-0,0327;1,7516;1,0211;-0,0649;-0,4476;0,372;-0,8121
"front";12;0,2748;-0,0327;-0,0913;0,3798;-0,0649;-0,4476;1,0452;-0,8121
"fpsyg";12;-0,329;-0,0327;-0,0913;-0,2343;-0,0649;-0,4476;0,372;0,7892
"American";43;0,3062;-0,1171;0,2765;0,923;-0,2327;-0,9553;-0,5859;0,9892
"community";34;-0,1841;-0,0926;0,3481;0,3524;-0,184;-0,3501;-0,8785;1,1867
"childhood";13;-0,3564;-0,0354;0,6912;-0,2539;-0,0703;1,2239;-0,5723;-0,2392
"kaur";14;-0,3838;-0,0381;-0,1065;-0,2734;-0,0758;-0,259;-0,2234;0,9363
"pandemic";23;-0,6305;-0,0626;-0,1749;-0,4492;-0,1245;0,2333;0,3914;0,6908
"literacies";11;-0,3016;-0,0299;-0,0837;-0,2148;-0,0595;-0,3914;0,4901;0,533
"culture";47;-0,6797;-0,128;0,2511;0,8207;-0,2543;-0,8203;-0,6946;1,7993
"griffiths";10;0,9156;-0,0272;0,7941;0,4411;-0,0541;0,2678;-0,5175;-0,6219
"reflections";12;-0,329;-0,0327;-0,0913;0,3798;-0,0649;-0,4476;-0,24;0,7892
"comparison";12;-0,329;-0,0327;-0,0913;-0,2343;-0,0649;-0,4476;-0,24;1,2467
"overview";34;-0,9321;-0,0926;-0,2586;1,8021;0,4617;-0,3501;-1,1524;1,1867
"227";12;-0,329;-0,0327;-0,0913;-0,2343;-0,0649;-0,1856;-0,24;0,7892
"igi";13;-0,3564;-0,0354;-0,0989;-0,2539;-0,0703;-0,2212;0,5087;0,3731
"evans";10;0,3297;-0,0272;-0,0761;-0,1953;-0,0541;-0,8287;1,6761;-0,6219
"programs";13;0,2519;-0,0354;-0,0989;1,7583;-0,0703;-0,2212;-0,3214;-0,4873
"sage";28;-0,7676;-0,0762;-0,213;-0,1874;-0,1515;-1,4825;1,0038;0,8384
"multifacético";24;-0,6579;-0,0653;-0,1825;-0,4687;-0,1299;-0,4201;-0,2822;1,6417
"interven";11;-0,3016;-0,0299;0,7564;-0,2148;-0,0595;0,2262;0,4901;-0,3487
"repetitivo";13;-0,3564;-0,0354;-0,0989;0,3539;-0,0703;-0,5053;-0,3214;1,079
"desequilibrio";20;-0,5483;-0,0544;1,332;1,9879;-0,1082;0,3302;-0,3223;-1,0575
"1993";54;1,786;-0,147;-0,4107;-0,5125;-0,2922;0,3304;-0,5152;0,2965
"mentos";46;-1,2611;-0,1252;0,7211;-0,4048;-0,2489;-1,0993;0,2629;1,9096
"proliferación";35;0,4406;-0,0953;-0,2662;0,3381;-0,1894;-0,6044;0,897;-0,5071
"amenazar";27;-0,2994;-0,0735;-0,2054;0,9441;-0,1461;0,4895;0,2796;-0,5384
"persistencia";13;0,7282;-0,0354;0,6912;-0,2539;-0,0703;-0,2212;-0,9382;0,6739
"documentar";59;-1,6174;-0,1606;-0,4487;0,3156;-0,3193;0,491;0,2998;0,6697
"persistente";30;0,2555;-0,0817;-0,2282;0,4174;-0,1623;-0,2398;-0,7437;0,953
"vención";15;-0,4112;-0,0408;-0,1141;-0,2929;-0,0812;-0,6247;-0,2955;1,7377
"abor";20;-0,5483;-0,0544;1,332;-0,3906;-0,1082;-0,9411;1,3774;-0,392
"concienciación";24;-0,2491;-0,0653;-0,1825;-0,1457;0,5876;-0,7278;-0,2822;0,8963
"anti";12;-0,329;-0,0327;0,7223;0,3798;-0,0649;0,4588;-0,79;0,4456
"efecti";11;-0,3016;-0,0299;-0,0837;-0,2148;0,8925;-0,9116;-0,3537;1,4456
"contextualmente";21;-0,2013;-0,0572;-0,1597;-0,4101;-0,1136;-0,5731;0,5756;0,5774
"prevenir";84;0,3882;-0,2287;1,8038;0,2944;0,5542;-0,5524;-0,3695;-0,3577
"fomen";14;-0,3838;-0,0381;0,6627;-0,2734;-0,0758;-0,5644;-0,6952;1,9614
"tado";37;-1,0143;-0,1007;0,8698;-0,7226;0,4325;-0,4446;-0,6928;1,8941
"adaptarlas";10;-0,2741;1,2164;-0,0761;-0,1953;-0,0541;0,2678;-0,5175;0,6391
"promo";17;-0,466;-0,0463;-0,1293;-0,332;-0,092;-1,4089;0,8317;0,9528
"empoderamiento";68;-1,8642;-0,1851;-0,1745;0,4554;-0,368;-1,1102;1,8666;-0,2619
"participativo";39;-0,52;-0,1062;-0,2966;-0,3154;-0,2111;0,2776;0,703;0,2695
"concienciar";11;-0,3016;-0,0299;-0,0837;1,0878;0,8925;-0,3914;-0,6493;0,533
"paña";12;-0,329;-0,0327;-0,0913;-0,2343;-0,0649;-0,4476;0,372;0,7892
"multi";40;-0,2566;-0,1089;0,8155;1,5218;-0,2165;-0,5481;-0,3974;-0,2437
"canvas";18;-0,4935;-0,049;-0,1369;-0,3515;-0,0974;-1,4917;1,4057;0,5367
"participativa";38;-1,0417;0,6737;-0,289;-0,3031;-0,2056;0,6917;-0,419;0,6326
"docen";34;-0,9321;-0,0926;-0,2586;-0,664;-0,184;-0,3501;0,4084;1,1867
"tecnólogos";23;0,7866;0,872;-0,1749;-0,1357;-0,1245;-0,6752;0,2426;0,2662
"implementó";24;-0,6579;-0,0653;0,4645;-0,4687;0,5876;0,3905;-0,2822;0,3948
"cua";14;-0,3838;-0,0381;-0,1065;0,3305;-0,0758;-1,1602;-0,4129;1,9614
"asimilación";26;-0,7128;-0,0708;0,4368;-0,5077;-0,1407;-0,5016;1,7154;-0,485
"aprobación";37;-1,0143;-0,1007;-0,2814;-0,2909;-0,2002;0,3294;1,4565;-0,6036
"confidencialidad";31;-0,8498;-0,0844;-0,2358;1,3405;-0,1678;-1,693;1,478;-0,3365
"tancia";34;-0,9321;-0,0926;0,3481;-0,664;-0,184;0,424;0,776;-0,3003
"socioemocionales";17;-0,466;-0,0463;-0,1293;0,2721;-0,092;0,4678;-1,1067;1,3732
"represar";11;-0,3016;-0,0299;-0,0837;-0,2148;0,8925;0,2262;0,254;0,2581
"educati";44;-1,2062;-0,1198;-0,3347;-0,8593;-0,2381;-1,4031;1,0548;1,4621
"sensibilizar";19;-0,5209;-0,0517;-0,1445;0,2408;-0,1028;-0,4758;-0,4284;1,5166
"aprendidas";34;-0,1841;0,7168;-0,2586;-0,2551;-0,184;-0,5644;1,3052;-0,6796
"deliberar";33;-0,1729;-0,0898;-0,251;0,7549;-0,1786;0,9762;-1,3548;0,5084
"impactó";12;1,479;-0,0327;-0,0913;-0,2343;-0,0649;-0,4476;-0,24;-0,1927
"dida";13;-0,3564;-0,0354;-0,0989;-0,2539;0,8252;-1,0774;-0,3214;1,5931
"centrándose";30;-0,3519;-0,0817;-0,2282;-0,2093;0,506;-0,415;1,3123;-0,7108
"posicionar";50;-1,3707;-0,1361;1,2509;-0,458;-0,2706;-0,9483;1,32;0,2974
"implementando";25;0,3396;-0,0681;1,1581;0,5208;-0,1353;-0,4602;0,2614;-0,4339
"relacio";25;-0,6854;-0,0681;1,1581;-0,1558;0,5724;-1,2756;-0,7572;1,9363
"juventud";19;-0,171;-0,0517;-0,1445;0,2408;-0,1028;0,3707;-0,4284;0,4672
"habilida";23;-0,6305;-0,0626;1,2223;-0,4492;-0,1245;-0,6752;-0,3686;1,3642
"ciedad";15;-0,4112;-0,0408;0,6363;-0,2929;-0,0812;-0,2989;-0,2955;0,8138
"comportar";54;1,3412;-0,147;0,6179;-0,5125;0,31;0,4788;-0,3896;-0,7855
"intervention";15;-0,4112;-0,0408;0,6363;-0,2929;-0,0812;0,3032;-0,2955;0,4932
"publications";88;0,3439;0,3726;0,7054;-0,3416;1,016;-0,5005;0,7666;-1,1117
"369";12;-0,329;-0,0327;-0,0913;0,3798;-0,0649;-0,1856;-0,79;1,2467
"ross";12;-0,329;-0,0327;-0,0913;-0,2343;-0,0649;-0,1856;0,372;0,4456
"quarterly";16;0,1967;-0,0436;-0,1217;0,2899;1,7852;0,2647;-1,4194;0,7081
"clinical";14;-0,3838;-0,0381;-0,1065;-0,2734;-0,0758;0,3476;0,3956;0,3126
"move";10;-0,2741;-0,0272;-0,0761;-0,1953;0,9312;0,2678;-0,5175;0,6391
"preliminary";14;-0,3838;-0,0381;-0,1065;1,6677;-0,0758;0,3476;-1,6372;0,9363
"justice";20;-0,5483;-0,0544;0,5294;1,2565;-0,1082;-0,5238;0,6944;-0,6612
"definitions";19;-0,171;-0,0517;-0,1445;0,6934;-0,1028;-0,8761;-0,6696;1,5166
"mayer";20;0,9206;-0,0544;0,5294;-0,3906;-0,1082;-0,2737;0,2807;-0,392
"afirmativo";14;0,2315;-0,0381;-0,1065;-0,2734;0,7957;-1,1602;0,3956;0,5763
"satisfactorio";44;-1,2062;-0,1198;-0,3347;-0,8593;0,3746;-0,4715;1,0548;0,514
"excepcional";29;-0,795;-0,079;-0,2206;-0,5663;0,5182;0,9326;-0,4562;0,5263
"nocimiento";26;-0,7128;-0,0708;0,4368;-0,5077;-0,1407;-1,3441;0,5102;1,3701
"novedoso";26;1,1467;-0,0708;-0,1978;-0,5077;-0,1407;0,3185;-1,1779;1,0194
"direc";16;-0,4386;-0,0436;1,5118;0,8108;-0,0866;0,2647;-0,9632;0,4223
"derar";13;-0,3564;-0,0354;0,6912;-0,2539;-0,0703;-1,0774;-0,3214;1,5931
"causal";12;0,2748;-0,0327;-0,0913;-0,2343;-0,0649;-0,4476;0,6529;-0,1927
"inconsciente";17;1,0871;-0,0463;-0,1293;0,2721;-0,092;-0,3841;-0,2741;-0,2479
"indebido";59;-0,5343;-0,1606;-0,1386;0,3156;-0,3193;1,3866;-0,3023;-0,6177
"tual";26;-0,7128;-0,0708;0,4368;-0,5077;-0,1407;0,3185;0,5102;0,3049
"conceder";20;0,9206;-0,0544;0,5294;-0,3906;-0,1082;-0,9411;0,2807;0,4065
"fesores";20;-0,5483;-0,0544;-0,1521;-0,3906;-0,1082;-1,6575;1,3774;0,6545
"sobrecarga";25;1,1986;-0,0681;-0,1901;0,5208;-0,1353;-0,4602;-1,4228;1,1234
"designar";16;0,1967;-0,0436;1,5118;0,8108;-0,0866;0,2647;-0,6225;-0,4016
"carencia";40;-0,2566;-0,1089;0,8155;-0,3279;-0,2165;-0,8177;1,3047;-0,5402
"concientización";14;-0,3838;-0,0381;-0,1065;-0,2734;-0,0758;-0,259;1,0241;-0,2897
"sanción";21;-0,5757;-0,0572;-0,1597;-0,4101;-0,1136;-0,3081;0,5756;0,5774
"ibarra";12;-0,329;-0,0327;-0,0913;-0,2343;-0,0649;0,8518;-0,4581;0,4456
"prestigiar";20;-0,5483;-0,0544;-0,1521;0,6597;-0,1082;-0,5238;0,4572;0,4065
"valorando";13;0,2519;-0,0354;-0,0989;-0,2539;-0,0703;-1,0774;0,5087;0,6739
"carrión";13;-0,3564;-0,0354;-0,0989;-0,2539;-0,0703;-1,0774;0,5087;1,079
"trampa";72;-0,4548;-0,196;-0,5476;-0,4185;-0,3896;1,7232;-0,4584;-0,2637
"arce";10;0,3297;-0,0272;-0,0761;-0,1953;-0,0541;-0,8287;-0,2604;1,0923
"inexistente";15;-0,4112;-0,0408;-0,1141;0,3093;0,7683;0,3032;0,3066;-0,3439
"refe";15;-0,4112;-0,0408;-0,1141;-0,2929;-0,0812;-0,6247;0,5265;0,8138
"debidamente";13;-0,3564;1,1065;-0,0989;0,3539;-0,0703;-0,5053;0,5087;-0,2392
"originar";29;0,2702;-0,079;-0,2206;-0,5663;1,3017;-1,5523;0,8702;0,3422
"lidad";55;-1,5078;-0,1497;0,6065;-1,0741;-0,2976;-0,866;0,9951;0,8813
"impactan";29;0,5844;-0,079;-0,2206;-0,1983;0,5182;-0,3805;0,8702;-0,9585
"consistencia";44;-0,6188;-0,1198;-0,3347;-0,8593;-0,2381;-1,9299;1,0548;1,4621
"permitirles";13;0,7282;-0,0354;-0,0989;0,961;1,9616;-0,5053;-0,3214;-0,9103
"simultáneo";28;0,2859;0,7932;-0,213;0,4554;-0,1515;-0,5877;1,0038;-0,8876
"tativa";11;-0,3016;-0,0299;0,7564;-0,2148;-0,0595;-0,9116;0,838;0,2581
"debajo";45;1,2587;-0,1225;0,7357;-0,3917;-0,2435;1,1036;-0,7313;-0,7859
"resul";37;-1,0143;-0,1007;0,3216;0,3114;-0,2002;-0,6871;-0,5087;1,8941
"sancionar";11;-0,3016;-0,0299;-0,0837;-0,2148;-0,0595;0,2262;1,3183;-0,7159
"jorar";16;-0,4386;-0,0436;0,6119;-0,3125;-0,0866;-0,3406;0,4175;0,4223
"rentar";18;-0,4935;-0,049;-0,1369;-0,3515;-0,0974;-0,8119;1,9005;-0,2929
"acadé";34;-0,9321;-0,0926;0,3481;-0,2551;-0,184;-1,9067;1,0192;0,9
"mica";16;-0,4386;-0,0436;1,5118;0,8108;-0,0866;-0,6861;-1,4194;1,5434
"arduo";16;1,8519;-0,0436;-0,1217;-0,3125;-0,0866;-0,3406;-0,9632;0,7081
"leve";15;-0,4112;-0,0408;-0,1141;0,3093;-0,0812;-0,2989;-0,2955;0,8138
"ficar";12;-0,329;-0,0327;0,7223;-0,2343;-0,0649;-0,9945;1,0452;-0,1927
"paréntesis";11;-0,3016;-0,0299;-0,0837;-0,2148;-0,0595;-0,9116;1,3183;0,2581
"innecesario";17;-0,1422;-0,0463;0,5892;-0,332;-0,092;1,7374;-1,5898;0,3615
"verse";87;1,0729;-0,2369;-0,2574;1,8431;0,5334;0,3522;-0,8795;-0,7018
"parafraseo";10;-0,2741;-0,0272;-0,0761;-0,1953;-0,0541;0,2678;-0,2604;0,6391
"autocorrección";10;-0,2741;1,2164;-0,0761;-0,1953;-0,0541;0,2678;-0,5175;0,6391
"situarse";10;-0,2741;-0,0272;-0,0761;-0,1953;-0,0541;-0,8287;0,6454;0,6391
"percibirse";10;-0,2741;-0,0272;-0,0761;0,4411;-0,0541;0,2678;-0,5175;0,6391
"efectuar";31;0,5312;-0,0844;0,3778;-0,2205;-0,1678;-1,693;-0,2881;1,1645
"séptimo";10;-0,2741;-0,0272;-0,0761;-0,1953;-0,0541;0,2678;-0,5175;1,0923
"omisión";20;0,458;-0,0544;-0,1521;0,2268;-0,1082;0,5864;-0,3223;-0,392
"escri";10;-0,2741;-0,0272;-0,0761;-0,1953;-0,0541;-0,8287;-0,2604;1,6852
"abusar";11;-0,3016;1,1763;-0,0837;-0,2148;-0,0595;0,2262;-0,6493;0,9267
"cepal";17;-0,466;-0,0463;-0,1293;-0,332;-0,092;-0,3841;0,3298;0,9528
"engaño";20;-0,186;-0,0544;-0,1521;0,2268;-0,1082;0,9243;-0,7813;0,4065
"sospechar";30;1,4699;-0,0817;-0,2282;-0,5859;-0,1623;-0,6782;1,3123;-1,031
"segui";11;-0,3016;-0,0299;-0,0837;-0,2148;-0,0595;-0,9116;0,254;1,4456
"yor";10;-0,2741;-0,0272;1,9079;-0,1953;-0,0541;-0,8287;-0,5175;1,0923
"rezar";22;-0,2169;-0,0599;0,4952;-0,4296;-0,1191;-1,0731;0,7058;0,5091
"notorio";22;-0,6031;-0,0599;-0,1673;0,5988;-0,1191;0,7701;-1,4125;1,1056
"conside";14;-0,3838;-0,0381;-0,1065;-0,2734;-0,0758;-0,5644;-0,2234;1,3967
"graduar";45;-0,639;-0,1225;0,2634;-0,3917;-0,2435;0,4213;0,7416;-0,4034
"mutuo";24;-0,6579;-0,0653;-0,1825;-0,1457;-0,1299;0,3905;0,7174;-0,3852
"medina";19;-0,5209;-0,0517;-0,1445;-0,371;-0,1028;-1,5746;0,5598;1,5166
"salazar";10;-0,2741;-0,0272;-0,0761;-0,1953;-0,0541;0,6114;-0,9208;1,0923
"fraude";43;1,3403;-0,1171;1,4136;0,5331;-0,2327;-0,4405;-0,7713;-0,3346
"oviedo";16;1,8519;-0,0436;-0,1217;-0,3125;-0,0866;-1,326;-0,3769;0,7081
"educatio";11;-0,3016;-0,0299;-0,0837;-0,2148;-0,0595;-0,3914;0,4901;0,533
"preservación";53;-1,453;-0,1443;-0,4031;0,691;0,8538;-1,4564;1,7333;-0,397
"5281";12;-0,329;-0,0327;-0,0913;-0,2343;-0,0649;-0,1856;0,6529;-0,1927
"zenodo";17;-0,466;-0,0463;-0,1293;-0,332;-0,092;-0,3841;0,8317;0,3615
"arias";23;-0,6305;-0,0626;0,4794;-0,4492;-0,1245;0,2333;-0,3686;0,9956
"22201";20;-0,5483;-0,0544;-0,1521;-0,3906;-0,1082;-0,2737;-0,3223;1,3642
"laguna";60;-0,9538;-0,1633;-0,1425;-0,2964;-0,3247;-1,0732;0,3538;1,7649
"certezas";13;-0,3564;-0,0354;-0,0989;-0,2539;-0,0703;-0,5053;0,5087;0,6739
"lidades";24;-0,6579;-0,0653;1,1894;-0,4687;-0,1299;-0,7278;0,3207;0,8963
"crí";14;-0,3838;-0,0381;-0,1065;-0,2734;-0,0758;-1,1602;-0,2234;1,9614
"rey";60;0,2975;-0,1633;-0,1425;-1,1717;0,2786;0,631;0,5953;-0,6589
"bilidad";21;-0,5757;-0,0572;0,5118;-0,4101;-0,1136;-0,5731;-0,2401;1,2279
"menta";14;1,2998;-0,0381;-0,1065;-0,2734;1,8983;-1,1602;-1,093;0,9363
"nario";11;-0,3016;-0,0299;-0,0837;-0,2148;-0,0595;0,2262;-0,6493;1,4456
"aislamiento";25;-0,2656;-0,0681;-0,1901;-0,4882;-0,1353;-0,4602;1,1586;-0,2593
"vinculación";34;-0,9321;-0,0926;-0,2586;-0,2551;-0,184;-0,5644;0,776;0,6577
"merecer";51;-0,7623;-0,1388;-0,3879;-0,2147;-0,276;1,3101;-0,6297;0,5332
"articulación";43;-1,1788;-0,1171;0,2765;-0,8397;-0,2327;-0,9553;0,409;1,9018
"metodológicas";43;-0,5988;-0,1171;-0,3271;-0,8397;-0,2327;0,3211;0,7289;0,3989
"pectiva";12;-0,329;-0,0327;-0,0913;-0,2343;-0,0649;-0,9945;-0,24;1,8236
"observador";10;-0,2741;-0,0272;-0,0761;0,4411;-0,0541;0,2678;-0,5175;0,6391
"turas";15;-0,4112;-0,0408;-0,1141;-0,2929;0,7683;0,5919;-0,2955;0,262
"fun";56;-1,5352;-0,1525;1,1329;-1,0936;0,299;-0,6568;0,7231;0,6395
"damental";17;-0,466;-0,0463;-0,1293;-0,332;-0,092;-0,7486;0,5434;0,9528
"pulsar";15;0,6329;-0,0408;0,6363;-0,2929;-0,0812;-0,6247;0,8301;-0,6385
"característico";19;1,587;-0,0517;-0,1445;-0,371;0,6761;-0,241;-0,9919;0,4672
"elec";17;-0,466;-0,0463;0,5892;-0,332;-0,092;0,2313;-0,2741;0,6165
"ticipación";16;-0,4386;-0,0436;-0,1217;-0,3125;-0,0866;0,8861;-0,3769;0,4223
"digita";13;-0,3564;-0,0354;1,684;-0,2539;-0,0703;-0,5053;0,8316;-0,4873
"lúdica";13;-0,3564;-0,0354;-0,0989;-0,2539;-0,0703;-0,5053;1,265;-0,2392
"docs";44;-0,3095;-0,1198;-0,3347;0,5154;-0,2381;0,4529;-0,2536;-0,2472
"teams";32;-0,8773;-0,0871;-0,2434;-0,6249;-0,1732;0,5006;1,0133;-0,3761
"networking";13;-0,3564;-0,0354;-0,0989;-0,2539;-0,0703;-0,5053;0,8316;0,3731
"fíos";13;-0,3564;-0,0354;-0,0989;-0,2539;-0,0703;-1,0774;0,2816;1,5931
"pretensión";12;-0,329;-0,0327;-0,0913;-0,2343;-0,0649;0,8518;-0,24;-0,1927
"reflexivas";35;-0,9595;0,7055;-0,2662;-0,6835;-0,1894;1,918;-0,3814;-0,3357
"estrechamente";58;0,8462;0,516;-0,1348;0,9543;-0,3139;-1,3175;0,7357;-0,7639
"246";11;-0,3016;-0,0299;-0,0837;1,0878;-0,0595;0,2262;-1,0919;0,9267
"sistematización";21;-0,2013;-0,0572;-0,1597;-0,4101;-0,1136;-1,0068;1,5783;-0,2543
"sonal";12;-0,329;-0,0327;0,7223;-0,2343;-0,0649;-0,4476;-0,24;0,7892
"basándonos";16;1,1519;-0,0436;-0,1217;-0,3125;-0,0866;0,2647;-0,6225;0,4223
"vivencia";16;-0,4386;-0,0436;-0,1217;-0,3125;-0,0866;-0,6861;0,6723;0,7081
"indagación";49;-1,3433;-0,1334;-0,3727;-0,9569;-0,2652;0,655;0,4523;0,6254
"unificar";23;-0,2328;-0,0626;1,2223;-0,4492;-0,1245;0,4322;-0,3686;0,2662
"enriquecimiento";25;-0,6854;-0,0681;0,4503;-0,4882;0,5724;-0,7814;0,8541;0,3471
"deriva";33;-0,4063;-0,0898;0,9514;-0,2434;-0,1786;0,9762;-0,7846;0,3381
"metodológica";54;-1,4804;-0,147;-0,4107;-1,0545;-0,2922;-0,4092;1,8809;0,2965
"conformación";10;-0,2741;-0,0272;-0,0761;0,4411;-0,0541;-0,8287;0,3459;0,6391
"tutorización";24;-0,6579;-0,0653;-0,1825;-0,4687;-0,1299;-1,2075;1,3399;0,6158
"enriquecedora";36;-0,9869;-0,098;-0,2738;-0,703;-0,1948;-0,9716;1,0256;1,0094
"enrique";27;-0,2994;-0,0735;1,9504;-0,5273;-0,1461;-1,4131;0,8619;0,2674
"enriquecedor";23;-0,6305;-0,0626;-0,1749;-0,4492;-0,1245;0,2333;0,2426;0,9956
"samiento";20;-0,5483;-0,0544;-0,1521;-0,3906;-0,1082;-0,2737;-0,3223;1,3642
"dor";19;-0,5209;-0,0517;0,5481;-0,371;-0,1028;0,3707;0,5598;-0,341
"sentar";56;0,8987;-0,1525;1,7876;-0,259;0,299;0,4211;-0,8051;-0,5015
"extenderse";13;-0,3564;1,1065;0,6912;-0,2539;-0,0703;-0,2212;0,2816;-0,2392
"cho";13;-0,3564;-0,0354;0,6912;-0,2539;-0,0703;-1,0774;0,8316;0,3731
"epistemológico";14;1,2998;-0,0381;-0,1065;-0,2734;-0,0758;-0,259;-1,093;0,9363
"fundamentación";30;-0,3519;-0,0817;-0,2282;-0,5859;0,506;-0,6782;1,3123;-0,2989
"pluralidad";12;-0,329;-0,0327;0,7223;0,3798;-0,0649;-0,4476;-0,79;1,2467
"expuesto";11;-0,3016;-0,0299;-0,0837;-0,2148;-0,0595;-0,9116;0,4901;0,9267
"testigo";12;0,2748;-0,0327;-0,0913;-0,2343;-0,0649;0,8518;-0,24;-0,4162
"bueno|óptimo";21;0,4308;0,9089;-0,1597;-0,4101;-0,1136;-0,5731;0,5756;-0,2543
"posibilitan";17;-0,466;-0,0463;0,5892;-0,332;-0,092;0,2313;0,3298;0,3615
"periencias";14;-0,3838;-0,0381;-0,1065;-0,2734;-0,0758;-0,259;0,3956;0,5763
"proporcio";25;-0,6854;-0,0681;-0,1901;-0,1558;-0,1353;-1,2756;0,8541;0,8068
"enriquecidos";23;-0,6305;-0,0626;-0,1749;-0,4492;-0,1245;-1,9061;0,8469;1,3642
"dinamizar";12;-0,329;-0,0327;0,7223;-0,2343;-0,0649;-0,9945;1,0452;-0,1927
"conforme";52;-1,4255;-0,1416;0,6417;0,3957;0,8671;-0,7494;-0,8841;1,9308
"discernir";46;-1,2611;-0,1252;-0,3499;-0,4048;-0,2489;-0,3558;-0,3428;1,9096
"cues";29;-0,795;-0,079;-0,2206;-0,5663;-0,1569;-1,0047;0,8702;1,044
"configurar";91;-1,1088;-0,2477;-0,6921;-0,2016;-0,1618;-0,3206;-0,2912;1,2206
"cívico";36;-0,4624;1,6701;-0,2738;1,142;-0,1948;-0,6453;0,2942;-0,2399
"humanismo";14;0,2315;-0,0381;-0,1065;-0,2734;-0,0758;-0,259;-0,4129;0,9363
"inclu";28;-0,7676;-0,0762;0,4116;-0,5468;-0,1515;-0,9476;-0,2511;1,9149
"factual";20;-0,5483;-0,0544;-0,1521;-0,3906;-0,1082;-0,9411;1,3774;0,4065
"deci";24;1,8641;-0,0653;0,4645;-0,4687;-0,1299;-1,2075;-0,6579;0,8963
"siones";27;-0,7402;-0,0735;-0,2054;-0,5273;-0,1461;-1,4131;1,1554;0,9246
"empodera";16;-0,4386;-0,0436;-0,1217;0,8108;-0,0866;-0,3406;-0,6225;1,0809
"sonas";19;-0,5209;-0,0517;1,3728;0,2408;0,6761;-1,5746;-0,6696;1,5166
"plural";12;-0,329;-0,0327;-0,0913;-0,2343;-0,0649;-0,1856;0,6529;-0,1927
"miranda";11;-0,3016;-0,0299;-0,0837;-0,2148;-0,0595;1,538;0,254;-0,7159
"á";38;-1,0417;-0,1035;-0,289;-0,3031;1,0946;-0,4781;-0,2926;1,1205
"guerrero";38;-1,0417;-0,1035;-0,289;-0,7421;-0,2056;0,6917;-0,419;1,1205
"scielo";29;-0,795;-0,079;1,0462;-0,5663;-0,1569;-1,5523;1,4898;0,3422
"erradicar";15;-0,4112;-0,0408;-0,1141;0,8565;-0,0812;0,5919;-0,2955;-0,3439
"geogebra";12;-0,329;-0,0327;-0,0913;-0,2343;-0,0649;0,4588;-0,4581;0,7892
"mentando";10;-0,2741;-0,0272;0,7941;-0,1953;-0,0541;-0,8287;-0,2604;1,0923
"math";24;-0,6579;-0,0653;-0,1825;1,0628;-0,1299;0,6424;0,3207;-0,6223
"notablemente";18;1,6686;-0,049;1,4162;-0,3515;-0,0974;0,4164;-0,5646;-0,884
"señanza";20;-0,5483;-0,0544;-0,1521;-0,3906;-0,1082;-0,5238;0,2807;1,3642
"temáticos";29;-0,795;-0,079;-0,2206;-0,5663;-0,1569;-1,0047;0,8702;1,044
"objeti";14;-0,3838;-0,0381;0,6627;-0,2734;-0,0758;0,3476;-1,093;1,3967
"lar";14;-0,3838;-0,0381;-0,1065;-0,2734;-0,0758;-0,5644;0,3956;0,9363
"tegias";13;-0,3564;-0,0354;1,684;-0,2539;-0,0703;-0,5053;-0,3214;0,6739
"cionar";22;-0,6031;-0,0599;0,4952;-0,4296;-0,1191;-1,8232;0,3012;1,9698
"gias";13;-0,3564;-0,0354;-0,0989;-0,2539;-0,0703;-1,0774;0,5087;1,079
"diferen";24;-0,6579;-0,0653;-0,1825;-0,1457;0,5876;-0,7278;-0,2822;1,2379
"valenzuela";20;-0,5483;-0,0544;-0,1521;0,2268;-0,1082;0,3302;0,9989;-0,6612
"someter";37;-0,4815;-0,1007;0,3216;0,6549;-0,2002;-0,6871;0,9064;-0,4121
"mendoza";29;-0,795;-0,079;-0,2206;-0,5663;-0,1569;-0,2153;0,635;0,5263
"greso";11;-0,3016;-0,0299;-0,0837;-0,2148;-0,0595;-0,9116;0,4901;0,9267
"confiabilidad";62;-1,6997;-0,1688;-0,4716;-0,6251;-0,3355;0,749;1,598;-0,7449
"alfa";20;-0,5483;-0,0544;-0,1521;-0,3906;-0,1082;0,3302;0,2807;0,6545
"cronbach";15;-0,4112;-0,0408;-0,1141;-0,2929;-0,0812;-0,6247;0,3066;1,2276
"fiabilidad";122;-1,2583;-0,3321;-0,9279;-0,6754;0,7143;-1,8435;0,8267;1,8314
"constructos";10;0,3297;-0,0272;-0,0761;-0,1953;-0,0541;-0,337;0,3459;0,3175
"1994";44;0,5501;0,6179;-0,3347;-0,8593;-0,2381;0,2965;-0,2536;0,3625
"tencia";32;-0,8773;-0,0871;0,9738;-0,6249;-0,1732;-0,7726;-0,3434;1,7647
"exploratoria";20;0,458;-0,0544;-0,1521;-0,3906;-0,1082;-0,2737;0,2807;0,4065
"matemá";13;-0,3564;-0,0354;-0,0989;-0,2539;-0,0703;-1,0774;1,8273;-0,2392
"ticas";40;-1,0966;-0,1089;1,4937;-0,7811;-0,2165;-0,353;0,3248;0,7249
"362";15;-0,4112;-0,0408;0,6363;-0,2929;-0,0812;0,3032;-1,2536;1,7377
"juárez";21;-0,5757;-0,0572;-0,1597;-0,4101;-0,1136;-1,7404;0,5756;1,658
"corporación";53;0,3888;0,5487;1,8684;1,0819;-0,2868;-1,0823;-0,4596;-0,2786
"titulado";28;1,5877;-0,0762;-0,213;0,9086;-0,1515;0,447;-1,0867;-0,3801
"sucesivo";33;-0,4063;-0,0898;-0,251;-0,6444;-0,1786;1,3133;0,6629;-0,8998
"correr";138;1,3592;-0,3757;-0,5133;1,3797;-0,3106;-0,8038;-0,8475;0,6326
"comple";21;-0,5757;-0,0572;0,5118;-0,4101;-0,1136;-0,5731;-0,3962;1,658
"heterogéneo";23;-0,6305;-0,0626;-0,1749;-0,1357;-0,1245;-1,14;0,591;0,9956
"constructor";18;-0,1564;-0,049;-0,1369;-0,3515;-0,0974;-0,21;-0,8623;1,6875
"sobresalir";34;0,8182;-0,0926;0,3481;-0,664;-0,184;-0,3501;-0,3248;0,4588
"diferenciadas";16;-0,4386;-0,0436;0,6119;-0,3125;0,7429;0,2647;-0,3769;0,4223
"manipular";69;0,8916;-0,1879;-0,5248;0,7288;0,6766;0,2613;0,4634;-1,3387
"puntajes";12;1,479;-0,0327;-0,0913;0,3798;-0,0649;0,8518;-1,2688;-0,4162
"cobo";32;-0,8773;-0,0871;1,7488;-0,6249;-0,1732;-1,1799;0,5581;0,7927
"trategias";17;-0,466;-0,0463;0,5892;-0,332;-0,092;-0,7486;0,3298;0,9528
"rincón";25;1,7891;-0,0681;-0,1901;-0,4882;-0,1353;-1,2756;1,1586;-0,6857
"consonancia";26;-0,7128;-0,0708;-0,1978;1,589;-0,1407;0,3185;-0,6096;0,4883
"posibili";17;-0,466;-0,0463;0,5892;-0,332;-0,092;-1,4089;0,3298;1,3732
"proce";39;-1,0692;-0,1062;1,5221;-0,7616;-0,2111;-0,3258;0,703;0,2695
"fidelidad";13;0,7282;-0,0354;-0,0989;-0,2539;-0,0703;-1,0774;-0,3214;1,079
"armar";23;-0,6305;-0,0626;-0,1749;0,5712;0,6035;1,9474;-0,8222;-0,5611
"chimborazo";18;-0,4935;-0,049;-0,1369;-0,3515;-0,0974;0,4164;1,9005;-1,4234
"osf";10;-0,2741;-0,0272;-0,0761;-0,1953;-0,0541;0,2678;0,3459;0,3175
"io";95;-1,7476;-0,2586;-0,7226;1,2357;-0,5141;0,853;0,5089;-0,5462
"mcgraw";10;-0,2741;1,2164;-0,0761;-0,1953;-0,0541;-0,8287;-0,2604;1,0923
"hill";18;-0,4935;0,9718;-0,1369;0,2558;-0,0974;-0,4292;-0,3473;0,8405
"cárdenas";19;-0,5209;-0,0517;-0,1445;-0,371;-0,1028;-1,5746;0,5598;1,5166
"ordinario";17;-0,466;-0,0463;-0,1293;0,7686;-0,092;0,7982;-0,739;0,3615
"347";10;-0,2741;-0,0272;-0,0761;-0,1953;-0,0541;-0,337;-0,2604;1,0923
"1987";27;0,3027;1,9081;-0,2054;0,9441;0,5441;-0,315;-0,3235;-0,8185
"preparatorio";11;-0,3016;-0,0299;-0,0837;-0,2148;-0,0595;0,5288;-0,6493;0,9267
"profesionista";11;-0,3016;-0,0299;-0,0837;-0,2148;-0,0595;-0,3914;-0,3537;1,4456
"novación";12;-0,329;-0,0327;0,7223;-0,2343;-0,0649;-0,9945;-0,4581;1,8236
"específi";12;-0,329;-0,0327;0,7223;-0,2343;-0,0649;-0,9945;-0,24;1,2467
"tados";49;-1,3433;-0,1334;0,2395;-0,1979;-0,2652;1,1451;-0,8471;0,8204
"hi";16;0,1967;-0,0436;0,6119;0,8108;-0,0866;0,2647;0,2365;-0,7181
"tallar";14;0,2315;-0,0381;-0,1065;-0,2734;0,7957;-0,5644;0,6621;-0,2897
"incitar";11;0,3005;-0,0299;-0,0837;1,9686;-0,0595;-0,3914;-1,0919;0,533
"escoger";46;0,509;-0,1252;0,2571;-0,8983;0,9542;0,7868;-0,4689;-0,4401
"vestigación";27;-0,7402;-0,0735;1,9504;-0,5273;-0,1461;-1,4131;-0,3235;1,6344
"opor";48;-1,3159;-0,1307;1,2943;-0,9374;-0,2598;1,5191;0,514;-0,9506
"tunidad";17;-0,466;-0,0463;0,5892;-0,332;-0,092;0,7982;-0,2741;-0,2479
"zado";20;-0,5483;-0,0544;-0,1521;-0,3906;-0,1082;-0,9411;0,2807;1,8295
"estructurados";64;-0,3522;-0,1742;-0,1582;0,5083;0,7257;0,6739;0,4901;-1,3283
"especialidad";38;-0,5007;0,6737;-0,289;-0,7421;-0,2056;0,9564;0,3096;-0,3016
"gunas";11;-0,3016;-0,0299;1,8257;-0,2148;-0,0595;-0,9116;0,838;-0,3487
"docu";21;-0,5757;-0,0572;-0,1597;-0,4101;-0,1136;-1,0068;1,5783;0,3533
"desem";13;-0,3564;-0,0354;1,684;-0,2539;-0,0703;-1,0774;0,2816;0,6739
"cier";12;-0,329;-0,0327;-0,0913;-0,2343;-0,0649;1,3695;-0,24;-0,4162
"portada";23;0,382;-0,0626;-0,1749;-0,1357;-0,1245;0,4322;-0,5643;0,4485
"equi";22;-0,6031;-0,0599;1,2569;-0,4296;0,6202;-1,0731;0,4756;0,5091
"investi";47;-1,2885;-0,128;1,3169;-0,1816;-0,2543;-1,1486;0,5823;0,7309
"borrar";20;-0,186;-0,0544;-0,1521;-0,3906;-0,1082;0,5864;-0,5169;0,6545
"salar|salir";12;1,479;-0,0327;-0,0913;-0,2343;0,8573;-0,9945;-0,24;-0,1927
"generarse";10;-0,2741;1,2164;-0,0761;-0,1953;-0,0541;-0,8287;0,6454;0,3175
"directorio";19;-0,5209;-0,0517;1,3728;0,6934;-0,1028;1,0135;-1,4098;0,2645
"usua";18;-0,4935;-0,049;0,568;-0,3515;-0,0974;-0,8119;0,2592;1,2234
"avalar";19;-0,171;-0,0517;-0,1445;-0,371;-0,1028;0,3707;0,5598;-0,341
"corroborar";12;-0,329;-0,0327;-0,0913;-0,2343;-0,0649;-0,4476;-0,24;1,2467
"continuamente";100;1,0676;0,3319;1,0135;1,4912;-0,5412;-1,8607;-0,54;0,4218
"respues";14;-0,3838;-0,0381;0,6627;-0,2734;-0,0758;0,3476;-0,6952;0,9363
"desventaja";69;-0,7025;-0,1879;0,4721;1,082;0,239;0,2613;-0,5464;0,4277
"bio";15;-0,4112;-0,0408;1,5648;-0,2929;-0,0812;-1,2431;0,3066;0,8138
"statu";10;-0,2741;-0,0272;-0,0761;0,4411;-0,0541;-0,8287;-0,5175;1,6852
"tiendo";14;0,2315;-0,0381;0,6627;-0,2734;-0,0758;-0,259;-0,4129;0,5763
"imáge";16;-0,4386;-0,0436;1,5118;0,8108;-0,0866;-1,326;0,6723;-0,4016
"exploren";31;-0,8498;-0,0844;-0,2358;-0,6054;-0,1678;0,5436;-0,4285;1,1645
"utilizarlas";41;-1,124;-0,1116;-0,3118;-0,3404;-0,2219;0,5607;0,2774;0,6661
"cientí";20;-0,5483;-0,0544;0,5294;0,6597;0,6564;-0,9411;0,6944;-0,392
"ficos";13;-0,3564;-0,0354;-0,0989;0,3539;-0,0703;-1,0774;0,2816;1,079
"educacionales";13;-0,3564;-0,0354;-0,0989;-0,2539;-0,0703;0,399;0,2816;0,3731
"educacional";39;-0,52;-0,1062;-0,2966;-0,7616;-0,2111;1,5384;-0,6537;0,578
"necesi";32;-0,8773;-0,0871;0,9738;-0,6249;-0,1732;-1,1799;1,0133;0,5629
"interpersonales";38;-1,0417;-0,1035;0,8511;-0,7421;-0,2056;0,4739;-0,579;1,1205
"enfatizan";31;-0,8498;-0,0844;0,3778;-0,6054;-0,1678;0,3396;0,3144;0,6226
"vial";11;0,3005;-0,0299;0,7564;0,4087;-0,0595;-0,9116;0,4901;-0,3487
"enfatizando";32;-0,8773;-0,0871;-0,2434;-0,6249;-0,1732;-0,2926;0,7643;0,5629
"mático";12;-0,329;-0,0327;0,7223;-0,2343;0,8573;-0,9945;-0,4581;1,2467
"profesionalización";22;-0,6031;-0,0599;-0,1673;-0,4296;-0,1191;-1,0731;1,356;0,5091
"soft";30;-0,8224;-0,0817;1,0211;-0,5859;-0,1623;0,3723;0,246;0,472
"insti";11;-0,3016;-0,0299;1,8257;0,4087;-0,0595;0,2262;-1,7362;0,9267
"namiento";16;-0,4386;-0,0436;-0,1217;-0,3125;-0,0866;-0,6861;1,4437;-0,2063
"tran";23;-0,6305;-0,0626;1,2223;-0,4492;0,6035;-0,6752;-0,8222;1,7978
"contingencia";15;0,2132;-0,0408;-0,1141;-0,2929;1,8397;-0,6247;0,3066;0,262
"suspender";11;0,3005;-0,0299;0,7564;1,9686;-0,0595;-0,3914;-1,0919;0,2581
"territorio";79;-0,332;-0,2151;1,3098;-0,2676;-0,4275;0,2894;0,4183;-0,4409
"esencialmente";26;0,3206;1,9398;-0,1978;0,9816;-0,1407;-0,2843;-0,6096;-0,2972
"interferencia";11;-0,3016;-0,0299;-0,0837;1,9686;-0,0595;0,2262;-1,0919;0,533
"capacitaciones";16;-0,4386;-0,0436;-0,1217;1,509;-0,0866;-0,3406;0,2365;-0,2063
"cursar";21;-0,5757;-0,0572;-0,1597;-0,4101;-0,1136;0,2941;-0,6124;1,658
"diplomado";12;-0,329;-0,0327;-0,0913;-0,2343;-0,0649;0,8518;0,6529;-0,8121
"inme";10;-0,2741;-0,0272;-0,0761;-0,1953;-0,0541;-0,8287;0,6454;0,6391
"mando";25;-0,2656;-0,0681;-0,1901;-0,4882;0,5724;-0,2549;0,2614;0,5486
"disciplinares";29;-0,795;-0,079;-0,2206;-0,5663;-0,1569;0,408;-0,3048;1,044
"desta";19;-0,5209;-0,0517;-0,1445;-0,371;-0,1028;-0,4758;0,5598;0,7417
"convenio";21;-0,5757;-0,0572;-0,1597;1,9113;-0,1136;-0,3081;0,8406;-1,1468
"acreditar";31;-0,8498;-0,0844;-0,2358;0,3999;0,4943;0,3396;0,462;-0,3365
"cien";50;0,7225;-0,1361;0,6667;0,4224;-0,2706;-0,4666;-0,4263;0,2974
"efec";28;-0,7676;-0,0762;0,4116;-0,5468;-0,1515;0,447;-1,0867;1,9149
"egreso";20;-0,5483;-0,0544;-0,1521;-0,3906;-0,1082;-0,5238;1,3774;-0,2163
"tros";18;-0,4935;-0,049;1,4162;-0,3515;-0,0974;-1,4917;1,9005;-0,526
"contactar";11;0,8457;-0,0299;-0,0837;-0,2148;-0,0595;0,2262;-0,3537;0,2581
"instru";10;-0,2741;-0,0272;-0,0761;0,4411;-0,0541;-0,8287;0,3459;0,6391
"alterar";60;1,1376;-0,1633;-0,4564;0,5678;-0,3247;-0,798;-0,5829;0,7995
"decisivo";32;1,363;-0,0871;0,3675;-0,6249;-0,1732;-0,7726;0,7643;-0,572
"lí";11;-0,3016;-0,0299;1,8257;-0,2148;-0,0595;-0,9116;-0,6493;1,4456
"vir";28;-0,7676;-0,0762;-0,213;-0,5468;0,5309;1,3748;0,5266;-0,8876
"variabilidad";23;0,7866;0,872;-0,1749;-0,4492;-0,1245;-0,3813;-0,5643;0,6908
"mate";52;0,6751;-0,1416;0,2235;-0,4851;-0,2814;-1,4037;-0,2995;1,3299
"riales";10;-0,2741;-0,0272;-0,0761;-0,1953;-0,0541;-0,8287;0,6454;0,6391
"motivadora";14;-0,3838;-0,0381;-0,1065;-0,2734;-0,0758;-0,5644;0,6621;0,5763
"retener";29;-0,3342;0,7793;1,0462;1,4329;-0,1569;0,9326;-1,206;-0,6514
"honestidad";34;-0,4248;-0,0926;-0,2586;-0,664;-0,184;1,2327;-0,3248;0,3018
"centralizar";25;1,1986;-0,0681;-0,1901;-0,1558;-0,1353;-1,2756;1,9543;-1,5176
"técni";14;-0,3838;-0,0381;0,6627;-0,2734;-0,0758;-1,1602;0,3956;0,9363
"responsa";16;-0,4386;-0,0436;-0,1217;-0,3125;-0,0866;-1,326;0,4175;1,5434
"bilidades";26;-0,7128;-0,0708;0,4368;-0,1661;-0,1407;-0,836;-0,2658;1,3701
"tecnoló";26;-0,7128;-0,0708;1,1282;-0,1661;-0,1407;-1,3441;0,7291;0,4883
"desafiante";43;-1,1788;-0,1171;0,2765;-0,8397;-0,2327;-0,9553;1,4491;0,5609
"contri";17;-0,466;-0,0463;-0,1293;-0,332;-0,092;-0,3841;0,3298;0,9528
"tión";19;-0,5209;-0,0517;1,3728;-0,371;-0,1028;-0,241;-0,4284;0,7417
"nidad";11;-0,3016;-0,0299;-0,0837;-0,2148;-0,0595;-0,3914;0,254;0,9267
"suave";17;1,0871;-0,0463;-0,1293;-0,332;-0,092;0,4678;-1,5898;0,9528
"mediano";38;-1,0417;-0,1035;1,5513;-0,3031;-0,2056;0,9564;0,6025;-1,2458
"abilities";16;-0,4386;-0,0436;-0,1217;-0,3125;-0,0866;-0,6861;0,6723;0,7081
"managing";12;-0,329;-0,0327;-0,0913;1,858;-0,0649;-0,1856;-1,2688;0,7892
"potentially";11;-0,3016;-0,0299;-0,0837;-0,2148;-0,0595;0,2262;-0,3537;0,9267
"distance";19;-0,5209;-0,0517;-0,1445;-0,371;-0,1028;-0,241;-0,4284;1,5166
"319";19;-0,5209;0,9497;1,3728;-0,371;0,6761;0,3707;-0,9919;0,4672
"facer";48;-1,3159;-0,1307;0,6932;1,7398;-0,2598;-0,8622;-0,4468;0,8822
"357";10;-0,2741;-0,0272;-0,0761;-0,1953;-0,0541;-0,8287;-0,2604;1,6852
"nudo";10;0,3297;-0,0272;-0,0761;-0,1953;-0,0541;-0,8287;0,6454;0,3175
"nar";38;-1,0417;-0,1035;0,8511;-0,7421;0,4234;-1,0756;1,0324;0,4477
"viceversa";15;1,9556;-0,0408;-0,1141;-0,2929;-0,0812;-0,2989;-0,2955;-0,3439
"schneider";13;-0,3564;-0,0354;-0,0989;-0,2539;0,8252;-0,2212;0,2816;0,3731
"adverso";22;-0,6031;-0,0599;0,4952;1,1537;-0,1191;-0,344;0,3012;-0,2953
"800";12;1,479;-0,0327;1,7516;-0,2343;-0,0649;-0,1856;-1,9486;0,4456
"escolarización";12;-0,329;-0,0327;0,7223;-0,2343;-0,0649;0,8518;-1,9486;1,2467
"ocupacional";15;-0,4112;1,047;-0,1141;0,3093;-0,0812;-0,6247;0,3066;0,4932
"delos";44;-1,2062;-0,1198;-0,3347;-0,8593;-0,2381;-0,6988;1,9221;0,3625
"lec";11;-0,3016;-0,0299;-0,0837;0,4087;-0,0595;0,2262;-1,0919;1,4456
"escritorio";26;1,1467;-0,0708;-0,1978;-0,1661;-0,1407;0,536;-1,1779;0,4883
"solar|soler";12;-0,329;-0,0327;-0,0913;0,3798;-0,0649;0,4588;-0,4581;0,4456
"asis";20;-0,5483;-0,0544;1,332;-0,3906;-0,1082;0,3302;0,4572;-0,392
"opcional";35;-0,9595;-0,0953;-0,2662;-0,6835;-0,1894;0,8511;-0,9768;1,7656
"questionnaire";16;-0,4386;-0,0436;-0,1217;-0,3125;-0,0866;-0,3406;-0,3769;1,5434
"englobar";26;-0,7128;-0,0708;1,1282;-0,5077;-0,1407;-1,3441;1,3278;0,3049
"recur";21;-0,5757;-0,0572;-0,1597;-0,4101;-0,1136;-0,3081;0,5756;0,5774
"bondad";18;-0,4935;-0,049;-0,1369;-0,3515;-0,0974;0,4164;1,0031;-0,526
"predictiva";59;0,3091;-0,1606;-0,4487;-0,5824;0,7801;0,6673;-0,4035;0,2706
"schooling";13;-0,3564;-0,0354;-0,0989;-0,2539;-0,0703;0,399;-0,5723;1,079
"occupational";11;-0,3016;-0,0299;-0,0837;-0,2148;-0,0595;-0,9116;0,254;1,4456
"hu";52;-1,4255;-0,1416;1,8966;0,7109;0,8671;-0,2344;-1,1008;0,6567
"parar|parir";11;-0,3016;-0,0299;-0,0837;0,4087;-0,0595;0,5288;-1,0919;0,9267
"247";10;0,3297;1,2164;-0,0761;-0,1953;-0,0541;-0,337;-0,9208;1,0923
"porcionar";13;-0,3564;-0,0354;0,6912;-0,2539;-0,0703;-0,5053;0,2816;0,6739
"agency";29;-0,795;-0,079;-0,2206;-0,5663;-0,1569;-0,6325;0,4452;1,38
"cation";28;-0,7676;-0,0762;-0,213;-0,5468;-0,1515;0,2594;0,5266;0,5863
"brindándoles";14;-0,3838;-0,0381;-0,1065;-0,2734;-0,0758;0,667;-1,093;1,3967
"nicación";16;-0,4386;-0,0436;-0,1217;0,2899;-0,0866;-1,326;0,4175;1,0809
"char";10;-0,2741;-0,0272;0,7941;-0,1953;-0,0541;-0,8287;-0,5175;1,6852
"successful";11;-0,3016;-0,0299;-0,0837;-0,2148;0,8925;0,2262;-0,6493;0,9267
"default";38;0,3839;-0,1035;0,3134;0,299;-0,2056;-0,4781;0,6025;-0,4531
"trends";60;-0,9538;-0,1633;0,5533;-0,2964;-0,3247;0,8312;-0,4523;0,4742
"1787";37;-1,0143;-0,1007;-0,2814;-0,7226;-0,2002;0,5116;-0,2466;0,9301
"mediated";10;-0,2741;-0,0272;-0,0761;-0,1953;-0,0541;-0,337;1,0789;-0,2851
"02";94;-0,506;-0,2559;0,3124;0,4004;-0,1705;1,0798;-0,7164;0,2901
"fr";19;-0,5209;0,9497;-0,1445;1,313;0,6761;1,4618;-0,9919;-0,9699
"2023c";18;-0,4935;-0,049;-0,1369;-0,3515;-0,0974;1,1122;0,6832;-0,884
"draft";10;0,3297;-0,0272;-0,0761;-0,1953;-0,0541;-0,8287;0,3459;0,6391
"sitiva";10;-0,2741;-0,0272;-0,0761;-0,1953;-0,0541;-0,8287;0,6454;0,6391
"petencia";23;-0,6305;-0,0626;-0,1749;-0,4492;-0,1245;-1,9061;0,8469;1,3642
"sim";12;-0,329;-0,0327;-0,0913;-0,2343;-0,0649;0,4588;-0,79;1,2467
"plejos";10;-0,2741;-0,0272;-0,0761;-0,1953;-0,0541;-0,337;-0,2604;1,0923
"inapropiado";26;-0,2823;-0,0708;-0,1978;-0,5077;-0,1407;0,3185;-0,8621;1,7788
"escalar";22;-0,6031;-0,0599;-0,1673;-0,4296;-0,1191;0,4784;0,7058;-0,2953
"dispo";17;-0,466;-0,0463;1,4624;-0,332;0,7192;-0,3841;-0,739;0,9528
"colar";11;1,5841;-0,0299;-0,0837;-0,2148;0,8925;-0,9116;-0,6493;0,533
"blackboard";16;-0,4386;-0,0436;-0,1217;-0,3125;-0,0866;-0,6861;0,6723;0,7081
"explicativo";18;1,0273;0,9718;-0,1369;-0,3515;-0,0974;-0,21;0,2592;-0,526
"204";17;1,0871;-0,0463;1,4624;0,2721;-0,092;0,4678;-0,739;-0,8
"cognitivo";142;1,2733;0,6521;-0,5349;-1,3151;0,2789;1,164;-1,0548;0,2849
"extracurriculares";10;-0,2741;-0,0272;-0,0761;-0,1953;-0,0541;0,6114;-0,2604;0,3175
"denuncia";12;-0,329;-0,0327;-0,0913;0,3798;-0,0649;-0,4476;-0,4581;1,2467
"tivas";57;-1,5626;-0,1552;1,1148;-0,2682;-0,3085;-0,491;-0,5492;1,7463
"monitorización";34;1,7955;-0,0926;-0,2586;-0,664;-0,184;-1,2999;1,0192;-0,4615
"cesario";14;-0,3838;-0,0381;1,622;-0,2734;-0,0758;-1,1602;-0,2234;0,9363
"aso";11;-0,3016;-0,0299;0,7564;-0,2148;-0,0595;-0,9116;0,4901;0,533
"rial";14;-0,3838;-0,0381;-0,1065;-0,2734;-0,0758;-0,5644;-0,4129;1,9614
"pel";10;-0,2741;-0,0272;0,7941;-0,1953;-0,0541;0,2678;-0,5175;0,6391
"vidades";13;-0,3564;-0,0354;0,6912;-0,2539;-0,0703;-0,5053;-0,5723;1,5931
"infrastructure";15;-0,4112;-0,0408;-0,1141;0,8565;-0,0812;-0,6247;-0,8258;1,7377
"exposure";10;-0,2741;-0,0272;-0,0761;-0,1953;-0,0541;-0,337;-0,5175;1,6852
"beliefs";23;-0,6305;-0,0626;-0,1749;-0,4492;-0,1245;-1,9061;1,1642;0,9956
"emotional";31;-0,8498;-0,0844;-0,2358;-0,2205;-0,1678;-0,4507;0,8788;0,4228
"mana";14;-0,3838;-0,0381;-0,1065;0,3305;-0,0758;-1,1602;0,3956;0,9363
"ciona";13;-0,3564;-0,0354;0,6912;-0,2539;-0,0703;-1,0774;-0,3214;1,5931
"der";88;-1,051;-0,2396;0,7054;0,4621;0,5266;0,448;-0,6562;0,5498
"389";12;-0,329;-0,0327;-0,0913;0,3798;-0,0649;-0,9945;-0,24;1,2467
"digi";32;-0,8773;-0,0871;0,9738;0,3833;-0,1732;-1,7639;0,5581;0,7927
"impactar";30;-0,8224;-0,0817;-0,2282;-0,5859;-0,1623;0,3723;0,3749;0,688
"prácti";23;-0,6305;-0,0626;1,2223;-0,4492;-0,1245;-1,9061;1,5478;0,2662
"socioeconómicos";38;-1,0417;-0,1035;1,5513;1,6083;-0,2056;0,4739;-0,7761;-0,3016
"oportuni";16;-0,4386;-0,0436;1,5118;-0,3125;-0,0866;-1,326;0,2365;1,0809
"pausa";22;0,8283;-0,0599;-0,1673;-0,4296;-0,1191;0,7701;0,3012;-0,8055
"individualizados";14;-0,3838;-0,0381;-0,1065;0,3305;-0,0758;0,667;0,3956;-0,5615
"motivador";24;-0,6579;0,8549;-0,1825;-0,4687;-0,1299;-0,4201;0,4932;0,6158
"periódicamente";22;1,3741;-0,0599;-0,1673;0,2019;0,6202;-0,6236;-1,4125;1,1056
"findings";31;-0,8498;-0,0844;-0,2358;0,3999;-0,1678;0,3396;0,462;0,2683
"transformarse";10;-0,2741;-0,0272;-0,0761;-0,1953;-0,0541;0,2678;-0,9208;1,6852
"colaborador";45;1,2587;0,6094;0,7357;-0,8788;-0,2435;0,6084;0,4237;-1,7822
"organi";16;-0,4386;-0,0436;1,5118;0,8108;-0,0866;-1,326;-0,3769;0,7081
"privilegio";16;1,1519;-0,0436;0,6119;0,2899;-0,0866;-0,3406;-0,6225;-0,2063
"sumergirse";11;-0,3016;-0,0299;-0,0837;-0,2148;-0,0595;0,2262;-0,3537;0,9267
"logía";42;-1,1514;-0,1143;1,4395;-0,8202;-0,2273;-0,9087;1,3064;0,2994
"ofre";16;-0,4386;-0,0436;-0,1217;-0,3125;-0,0866;-1,326;0,6723;1,0809
"ciendo";18;-0,4935;-0,049;0,568;-0,3515;-0,0974;-1,4917;0,2592;1,6875
"digitalizado";41;-1,124;-0,1116;-0,3118;-0,8007;-0,2219;-1,2367;1,7688;0,6661
"globalizar";16;-0,4386;-0,0436;-0,1217;-0,3125;-0,0866;-0,6861;0,4175;1,0809
"análi";17;-0,466;-0,0463;-0,1293;-0,332;0,7192;-1,4089;0,3298;1,3732
"presentarse";14;0,2315;-0,0381;-0,1065;-0,2734;-0,0758;0,667;-0,2234;-0,2897
"estandarizar";32;0,5067;-0,0871;0,3675;-0,2319;-0,1732;-1,1799;0,5581;0,3784
"ente";17;-0,466;-0,0463;0,5892;-0,332;-0,092;-0,3841;0,3298;0,6165
"descriptiva";24;-0,6579;-0,0653;-0,1825;-0,4687;-0,1299;0,6424;1,3399;-0,9577
"230";12;-0,329;-0,0327;1,7516;-0,2343;-0,0649;-0,4476;-0,4581;0,7892
"foque";16;-0,4386;-0,0436;-0,1217;-0,3125;-0,0866;-1,326;0,6723;1,0809
"interpretativo";18;-0,4935;-0,049;-0,1369;-0,3515;-0,0974;0,7197;0,2592;0,3093
"evaluadores";10;-0,2741;-0,0272;-0,0761;0,4411;-0,0541;-0,337;1,0789;-0,6219
"anali";14;-0,3838;-0,0381;-0,1065;-0,2734;-0,0758;-0,5644;0,3956;0,9363
"optimizan";11;-0,3016;1,1763;-0,0837;-0,2148;-0,0595;-0,9116;0,4901;0,533
"expediente";18;-0,4935;-0,049;-0,1369;-0,3515;-0,0974;-1,4917;1,9005;0,3093
"orga";13;-0,3564;-0,0354;1,684;0,961;-0,0703;-1,0774;-0,5723;0,6739
"modernidad";17;-0,466;-0,0463;-0,1293;-0,332;0,7192;0,4678;-0,2741;0,3615
"éti";12;-0,329;-0,0327;1,7516;-0,2343;-0,0649;-0,9945;0,6529;-0,1927
"intrínsecamente";18;-0,4935;-0,049;-0,1369;1,3736;0,697;-0,8119;-0,5646;0,8405
"núcleo";51;-0,4097;-0,1388;-0,3879;0,4088;-0,276;-0,9923;1,4526;-0,334
"armonizar";11;-0,3016;-0,0299;-0,0837;1,0878;-0,0595;-0,9116;0,4901;0,2581
"cola";21;0,4308;-0,0572;1,2934;-0,4101;-0,1136;0,5296;-0,6124;-0,2543
"239";15;-0,4112;-0,0408;0,6363;0,3093;-0,0812;0,5919;0,3066;-0,6385
"confinamiento";20;-0,5483;-0,0544;-0,1521;-0,3906;-0,1082;-0,9411;0,6944;0,9731
"novedosa";20;-0,5483;-0,0544;-0,1521;-0,3906;-0,1082;0,3302;0,9989;-0,392
"cinta";16;1,8519;-0,0436;-0,1217;1,509;-0,0866;0,8861;-1,4194;-1,2144
"preparándolos";15;-0,4112;-0,0408;-0,1141;-0,2929;-0,0812;-0,6247;0,3066;1,2276
"plata";35;-0,9595;-0,0953;0,3389;-0,6835;-0,1894;-0,3806;-0,2592;1,4081
"faci";10;-0,2741;-0,0272;0,7941;-0,1953;-0,0541;-0,8287;-0,2604;1,0923
"sinergia";61;-0,9755;-0,1661;1,6644;-0,6108;0,2738;-1,8943;1,47;0,3211
"converger|convergir";23;-0,2328;-0,0626;-0,1749;-0,4492;0,6035;-0,6752;0,3914;0,6908
"dise";21;-0,5757;-0,0572;-0,1597;-0,4101;-0,1136;-1,0068;0,8406;0,8682
"carga";163;-0,3394;-0,1373;-0,651;-0,3754;-0,8821;-1,5278;0,4228;1,8356
"asig";23;-0,6305;-0,0626;0,4794;-0,4492;-0,1245;-1,14;0,2426;1,7978
"siguien";12;-0,329;-0,0327;0,7223;0,3798;-0,0649;0,4588;-0,4581;-0,1927
"petencias";22;-0,6031;-0,0599;0,4952;-0,4296;-0,1191;-1,8232;0,7058;1,1056
"planear";37;0,4019;-0,1007;0,3216;-0,7226;-0,2002;1,0193;-0,3613;-0,4121
"introductorio";15;-0,4112;1,047;-0,1141;-0,2929;-0,0812;-0,2989;1,2287;-0,6385
"yectos";10;-0,2741;-0,0272;0,7941;-0,1953;-0,0541;-0,8287;0,3459;0,6391
"ensamblar";12;-0,329;-0,0327;-0,0913;0,3798;-0,0649;-0,4476;1,0452;-0,4162
"lización";14;-0,3838;-0,0381;-0,1065;-0,2734;-0,0758;-0,5644;-0,4129;1,9614
"tablero";41;0,6186;-0,1116;-0,3118;0,5705;0,3979;1,0617;-1,6461;0,3317
"exportar";17;-0,1422;-0,0463;0,5892;-0,332;-0,092;-0,3841;-0,2741;0,6165
"ajus";10;-0,2741;-0,0272;0,7941;-0,1953;-0,0541;-0,8287;0,6454;0,3175
"rentes";28;-0,7676;-0,0762;1,0724;-0,1874;-0,1515;-1,4825;-0,3871;1,9149
"familiarización";12;-0,329;-0,0327;-0,0913;-0,2343;-0,0649;0,4588;-0,24;0,4456
"ponente";14;0,2315;-0,0381;-0,1065;-0,2734;-0,0758;-1,1602;0,6621;0,5763
"eléctrico";48;0,4711;-0,1307;0,2452;-0,4312;-0,2598;0,3383;0,8566;-0,9506
"caída";14;-0,3838;-0,0381;0,6627;-0,2734;-0,0758;1,6352;-0,6952;-0,2897
"implementada";18;-0,4935;-0,049;-0,1369;-0,3515;-0,0974;-0,21;-0,3473;1,2234
"salto";52;-0,4248;-0,1416;-0,3955;-1,0155;-0,2814;1,2467;-0,4073;0,4917
"ela";14;-0,3838;-0,0381;0,6627;-0,2734;0,7957;-1,1602;-0,4129;1,3967
"boración";11;-0,3016;-0,0299;1,8257;-0,2148;-0,0595;-0,9116;-0,3537;0,9267
"sumergir";10;0,3297;-0,0272;-0,0761;-0,1953;-0,0541;-0,8287;0,3459;0,6391
"quier";11;-0,3016;-0,0299;1,8257;-0,2148;-0,0595;-0,3914;-0,3537;0,533
"inscribir";35;-0,9595;0,7055;0,9092;-0,6835;-0,1894;0,8511;-0,2592;-0,3357
"narios";13;-0,3564;-0,0354;0,6912;-0,2539;-0,0703;-0,2212;-0,9382;1,5931
"cono";41;-1,124;-0,1116;0,2905;-0,3404;-0,2219;-1,7364;0,716;1,443
"cimiento";68;-0,6851;-0,1851;0,4803;-0,3763;-0,368;-1,1102;0,5156;1,1488
"estimulantes";14;0,2315;-0,0381;-0,1065;-0,2734;-0,0758;0,3476;-0,4129;0,5763
"participativos";15;-0,4112;-0,0408;-0,1141;0,8565;0,7683;0,3032;-1,2536;0,8138
"robotic";10;0,9156;-0,0272;-0,0761;0,4411;-0,0541;0,2678;-0,5175;-0,2851
"flipped";19;-0,5209;-0,0517;-0,1445;-0,371;-0,1028;-0,8761;0,5598;1,0908
"simply";14;-0,3838;-0,0381;-0,1065;-0,2734;-0,0758;-0,5644;0,3956;0,9363
"cooperative";10;-0,2741;-0,0272;-0,0761;-0,1953;-0,0541;-0,8287;0,6454;0,6391
"curricula";11;-0,3016;-0,0299;-0,0837;-0,2148;-0,0595;0,2262;0,838;-0,3487
"tridimensional";19;-0,5209;-0,0517;0,5481;0,6934;-0,1028;-0,4758;0,8354;-0,5923
"versidad";22;-0,6031;-0,0599;0,4952;0,2019;-0,1191;-0,6236;-0,4769;1,5036
"apostar";39;-0,52;-0,1062;1,5221;-0,7616;-0,2111;0,2776;-0,8636;1,3258
"revolucionar";59;-0,5343;1,2769;-0,1386;-1,1522;-0,3193;0,491;0,4;0,2706
"albergar";14;0,6782;-0,0381;1,622;-0,2734;-0,0758;-0,5644;-0,4129;0,3126
"óleo";10;-0,2741;-0,0272;-0,0761;-0,1953;-0,0541;1,7352;-1,5268;0,6391
"xvii";10;0,9156;-0,0272;-0,0761;-0,1953;-0,0541;0,6114;-1,5268;0,6391
"pi";20;-0,5483;-0,0544;1,332;-0,3906;-0,1082;1,3432;-0,5169;-0,392
"villa";10;0,3297;-0,0272;-0,0761;-0,1953;-0,0541;0,2678;-0,2604;0,3175
"promotor";16;-0,4386;-0,0436;-0,1217;0,2899;-0,0866;0,2647;0,6723;-0,4016
"aque";12;-0,329;-0,0327;0,7223;-0,2343;-0,0649;-0,4476;-0,79;1,8236
"llos";12;-0,329;-0,0327;1,7516;-0,2343;-0,0649;-0,9945;-0,79;1,8236
"vr";24;-0,6579;-0,0653;-0,1825;0,5452;-0,1299;0,9642;-0,6579;0,3948
"diver";27;-0,7402;-0,0735;-0,2054;-0,1767;-0,1461;0,2875;0,6206;0,2674
"gafas";13;0,7282;-0,0354;-0,0989;0,961;-0,0703;-0,2212;-0,5723;-0,2392
"recuperación";58;0,5516;-0,1579;-0,4411;-0,2775;-0,3139;0,9213;0,7357;-1,577
"reconstrucción";14;0,2315;-0,0381;-0,1065;-0,2734;-0,0758;-1,1602;-0,4129;1,9614
"cómodo";42;1,8847;-0,1143;-0,3194;-0,8202;-0,2273;1,0004;-0,5191;-0,6338
"trucción";17;-0,466;-0,0463;0,5892;-0,332;-0,092;0,7982;-0,2741;-0,2479
"rescatar";16;1,8519;-0,0436;-0,1217;-0,3125;-0,0866;0,2647;-0,9632;0,4223
"fusión";33;-0,4063;0,7285;0,3576;-0,2434;-0,1786;-0,3208;1,8297;-1,7172
"adhesión";10;-0,2741;-0,0272;-0,0761;0,4411;-0,0541;-0,337;0,6454;-0,2851
"alcalá";29;-0,795;-0,079;-0,2206;-0,5663;-0,1569;-1,5523;1,4898;0,7597
"museo";40;-1,0966;-0,1089;-0,3042;-0,7811;-0,2165;1,8292;-0,7324;0,7249
"cesos";22;-0,6031;-0,0599;-0,1673;-0,4296;0,6202;-0,6236;0,7058;0,5091
"prolongar";22;-0,6031;-0,0599;0,4952;-0,4296;-0,1191;1,5777;0,4756;-1,2375
"bello";29;1,0073;-0,079;-0,2206;-0,5663;-0,1569;1,2837;-1,5743;0,5263
"sores";20;-0,5483;-0,0544;0,5294;-0,3906;-0,1082;-1,6575;0,2807;1,8295
"extra";28;-0,3167;-0,0762;-0,213;-0,5468;-0,1515;-0,9476;1,6893;-0,2302
"franja";14;-0,3838;-0,0381;-0,1065;-0,2734;-0,0758;-0,259;-0,4129;1,3967
"268";11;-0,3016;-0,0299;-0,0837;-0,2148;-0,0595;0,2262;-0,6493;1,4456
"álvaro";13;-0,3564;-0,0354;-0,0989;-0,2539;-0,0703;-1,0774;0,8316;0,6739
"zamora";12;-0,329;-0,0327;-0,0913;-0,2343;-0,0649;-0,9945;0,6529;0,7892
"archives";14;-0,3838;-0,0381;-0,1065;0,3305;0,7957;-0,5644;-0,4129;0,9363
"remote";10;-0,2741;-0,0272;-0,0761;-0,1953;-0,0541;-0,337;0,3459;0,6391
"spatial";11;-0,3016;-0,0299;-0,0837;-0,2148;-0,0595;-0,9116;1,9597;-0,3487
"mr";13;-0,3564;-0,0354;-0,0989;0,3539;-0,0703;0,399;0,5087;-0,4873
"calderón";19;-0,5209;-0,0517;-0,1445;-0,371;-0,1028;-1,5746;0,5598;1,5166
"inmersivas";32;-0,8773;-0,0871;-0,2434;-0,6249;-0,1732;-0,4876;1,6506;-0,2354
"guzmán";10;-0,2741;-0,0272;-0,0761;-0,1953;-0,0541;0,6114;0,3459;-0,2851
"st";12;0,2748;-0,0327;-0,0913;0,3798;-0,0649;0,8518;-0,24;-0,8121
"applying";14;-0,3838;-0,0381;-0,1065;-0,2734;-0,0758;0,667;-1,6372;1,9614
"far";10;0,9156;-0,0272;-0,0761;-0,1953;-0,0541;0,6114;-0,9208;0,3175
"tangible";21;-0,5757;-0,0572;-0,1597;-0,4101;-0,1136;-0,5731;0,8406;0,5774
"villalobos";11;-0,3016;-0,0299;-0,0837;-0,2148;-0,0595;0,2262;1,3183;-0,7159
"1977";12;-0,329;-0,0327;-0,0913;1,0211;-0,0649;0,8518;-0,4581;-0,4162
"eks";18;-0,4935;-0,049;-0,1369;-0,3515;-0,0974;-1,4917;0,6832;1,2234
"14201";16;-0,4386;-0,0436;-0,1217;-0,3125;-0,0866;-0,3406;0,4175;0,7081
"museum";12;-0,329;-0,0327;-0,0913;0,3798;-0,0649;1,3695;-0,79;-0,1927
"lens";25;-0,6854;-0,0681;-0,1901;-0,1558;-0,1353;-0,2549;-0,5232;1,4996
"protagonista";69;-1,1515;-0,1879;-0,5248;-1,3475;0,239;1,9279;-0,8409;0,8877
"logías";23;-0,6305;-0,0626;-0,1749;-0,4492;-0,1245;-1,14;0,3914;1,7978
"jetivos";13;-0,3564;-0,0354;-0,0989;-0,2539;-0,0703;0,7529;0,2816;-0,2392
"zados";14;-0,3838;-0,0381;0,6627;-0,2734;-0,0758;-1,1602;0,3956;0,9363
"adversario";11;-0,3016;-0,0299;-0,0837;0,4087;-0,0595;-0,3914;0,254;0,533
"competitividad";49;-1,3433;0,5776;1,9853;-0,4445;-0,2652;-0,9049;1,1927;-0,3999
"encajar";15;0,2132;-0,0408;-0,1141;0,3093;-0,0812;-0,2989;0,3066;0,262
"sonalización";11;-0,3016;-0,0299;-0,0837;-0,2148;-0,0595;-0,9116;0,838;0,533
"ficación";16;-0,4386;-0,0436;0,6119;-0,3125;-0,0866;0,2647;0,6723;-0,4016
"vigente";61;-0,567;-0,1661;-0,1464;-0,6108;-0,3301;-1,1164;0,8389;0,9407
"tie";14;-0,3838;-0,0381;-0,1065;-0,2734;-0,0758;-0,5644;-0,4129;1,9614
"280";12;-0,329;-0,0327;0,7223;1,0211;-0,0649;-0,1856;0,372;-0,8121
"fesional";11;-0,3016;-0,0299;-0,0837;-0,2148;-0,0595;-0,9116;0,838;0,533
"sentan";10;-0,2741;-0,0272;0,7941;-0,1953;0,9312;0,2678;-0,5175;0,3175
"valoren";18;-0,1564;-0,049;-0,1369;0,2558;-0,0974;-0,4292;-0,5646;1,2234
"283";12;-0,329;-0,0327;0,7223;-0,2343;-0,0649;-0,4476;-0,24;0,7892
"senta";16;-0,4386;-0,0436;-0,1217;-0,3125;-0,0866;-0,6861;0,6723;0,7081
"deficiencia";33;-0,9047;0,7285;-0,251;0,3675;-0,1786;0,9762;-1,7229;1,286
"285";10;-0,2741;-0,0272;-0,0761;-0,1953;-0,0541;0,2678;-0,9208;1,6852
"división";61;0,2863;-0,1661;1,6644;1,7605;0,7577;1,0126;-1,2058;-1,4447
"ir|ser";28;1,5877;-0,0762;-0,213;-0,5468;-0,1515;0,2594;1,0038;-1,8076
"riencias";10;-0,2741;-0,0272;-0,0761;-0,1953;-0,0541;-0,8287;0,3459;1,0923
"reflexivos";18;-0,4935;-0,049;0,568;-0,3515;-0,0974;0,7197;-0,5646;0,5367
"lodge";12;-0,329;-0,0327;-0,0913;-0,2343;-0,0649;-0,1856;-0,4581;1,2467
"buckingham";20;-0,186;-0,0544;-0,1521;0,2268;-0,1082;-0,5238;0,4572;0,4065
"acoger";26;-0,2823;-0,0708;1,1282;0,4977;-0,1407;0,3185;-1,1779;0,7258
"ferentes";17;-0,466;-0,0463;0,5892;-0,332;-0,092;-0,3841;0,5434;0,3615
"measuring";16;-0,4386;-0,0436;-0,1217;0,8108;-0,0866;0,526;-0,3769;-0,2063
"readiness";13;-0,3564;-0,0354;0,6912;1,7583;-0,0703;-1,0774;-0,5723;0,6739
"huma";27;-0,7402;-0,0735;0,4239;-0,1767;0,5441;-1,4131;0,4279;0,9246
"auditoría";57;-1,5626;-0,1552;0,1996;0,9784;-0,3085;0,7452;0,387;-0,539
"emerging";42;-1,1514;-0,1143;-0,3194;0,5514;0,3899;1,3037;-0,5191;-0,3027
"hughes";11;-0,3016;-0,0299;-0,0837;-0,2148;-0,0595;0,2262;0,4901;0,2581
"kar";10;-0,2741;-0,0272;-0,0761;-0,1953;-0,0541;-0,8287;0,3459;1,0923
"conversational";22;-0,6031;-0,0599;-0,1673;0,2019;-0,1191;1,1368;0,3012;-0,5023
"reviews";19;-0,5209;-0,0517;-0,1445;0,2408;-0,1028;0,3707;-0,2559;0,4672
"path";10;-0,2741;-0,0272;-0,0761;0,4411;-0,0541;1,1009;-1,5268;0,6391
"thompson";18;-0,1564;-0,049;-0,1369;-0,3515;-0,0974;0,4164;-0,3473;0,5367
"shen";14;-0,3838;-0,0381;-0,1065;-0,2734;-0,0758;0,667;-1,6372;1,9614
"ramón";11;0,3005;-0,0299;-0,0837;-0,2148;0,8925;-0,3914;0,4901;-0,3487
"reinvención";11;-0,3016;-0,0299;-0,0837;0,4087;-0,0595;-0,3914;0,254;0,533
"37074";10;-0,2741;-0,0272;-0,0761;-0,1953;-0,0541;1,1009;-0,5175;0,3175
"jalt";13;-0,3564;-0,0354;-0,0989;-0,2539;-0,0703;0,7529;0,2816;-0,2392
"pedro";35;1,2204;1,6932;-0,2662;0,3381;-0,1894;1,513;-1,6052;-0,736
"futures";22;-0,6031;0,89;-0,1673;0,2019;-0,1191;0,4784;1,356;-1,8527
"evi";15;-0,4112;-0,0408;0,6363;-0,2929;-0,0812;-1,2431;0,3066;1,2276
"thomas";31;0,5312;-0,0844;-0,2358;1,3405;-0,1678;-1,1208;-0,2881;0,4228
"solution";15;-0,4112;-0,0408;0,6363;1,585;-0,0812;0,5919;-1,8274;0,4932
"horizons";13;-0,3564;-0,0354;-0,0989;-0,2539;-0,0703;-0,5053;-0,3214;1,5931
"poblar";24;0,3601;-0,0653;0,4645;-0,4687;-0,1299;-0,4201;0,7174;-0,3852
"motivadores";10;-0,2741;-0,0272;-0,0761;-0,1953;-0,0541;-0,337;0,3459;0,6391
"lev";15;1,2225;-0,0408;-0,1141;0,8565;-0,0812;1,481;-1,8274;-0,6385
"1978";16;0,5917;1,0203;-0,1217;-0,3125;-0,0866;0,8861;-0,9632;-0,2063
"socioemocional";13;-0,3564;-0,0354;-0,0989;-0,2539;-0,0703;-1,0774;0,2816;1,5931
"abanico";55;-0,4708;-0,1497;-0,4183;-0,5263;-0,2976;-0,4357;1,2131;0,2705
"prometedoras";22;-0,6031;-0,0599;0,4952;0,5988;-0,1191;-1,8232;0,7058;0,5091
"mite";20;-0,186;-0,0544;-0,1521;-0,3906;-0,1082;-1,6575;1,837;-0,2163
"personali";25;-0,6854;-0,0681;-0,1901;-0,4882;-0,1353;-1,2756;0,606;1,4996
"identifi";17;-0,466;-0,0463;1,4624;-0,332;-0,092;-1,4089;0,8317;0,3615
"receptor";28;1,0513;-0,0762;-0,213;-0,5468;-0,1515;1,3748;-1,0867;-0,2302
"transferibles";22;-0,6031;-0,0599;-0,1673;0,2019;-0,1191;-1,0731;0,7058;0,7746
"rencias";17;-0,466;-0,0463;0,5892;-0,332;-0,092;-0,7486;1,668;-0,4623
"prometedor";24;-0,6579;-0,0653;-0,1825;-0,1457;-0,1299;-0,4201;0,4932;0,6158
"prin";17;-0,466;-0,0463;-0,1293;0,2721;-0,092;-0,3841;-0,2741;0,9528
"permi";34;-0,9321;-0,0926;1,6784;-0,664;0,4617;-1,9067;1,3052;0,3018
"conte";41;-1,124;-0,1116;-0,3118;-0,8007;-0,2219;-1,7364;0,9256;1,7778
"gamificadas";11;-0,3016;-0,0299;-0,0837;-0,2148;-0,0595;-0,3914;1,3183;-0,3487
"tudiante";14;-0,3838;-0,0381;-0,1065;-0,2734;-0,0758;-0,259;0,6621;0,3126
"colaborativas";51;1,046;-0,1388;-0,3879;-0,2147;-0,276;-0,9923;-0,2594;0,7078
"verter";16;-0,4386;-0,0436;1,5118;-0,3125;-0,0866;-0,3406;-0,6225;1,0809
"idóneo";33;1,8573;0,7285;0,9514;-0,6444;-0,1786;-1,8351;1,1556;-1,2574
"contreras";16;-0,4386;-0,0436;-0,1217;-0,3125;-0,0866;-1,326;1,983;-0,2063
"cualificación";12;-0,329;-0,0327;-0,0913;0,3798;0,8573;-0,4476;-0,4581;0,7892
"retroali";23;-0,6305;-0,0626;-0,1749;-0,4492;-0,1245;-1,9061;1,1642;0,9956
"defining";17;-0,466;-0,0463;0,5892;-0,332;-0,092;-0,3841;0,3298;0,6165
"mateos";15;-0,4112;-0,0408;-0,1141;0,8565;-0,0812;0,3032;-0,2955;0,262
"panorámica";13;-0,3564;-0,0354;-0,0989;-0,2539;-0,0703;-0,2212;1,265;-0,4873
"1st";11;-0,3016;-0,0299;-0,0837;0,4087;-0,0595;0,9665;-0,6493;0,2581
"cole";11;0,3005;-0,0299;-0,0837;-0,2148;-0,0595;0,5288;-0,3537;0,2581
"princi";16;-0,4386;-0,0436;0,6119;0,2899;-0,0866;-0,6861;-0,6225;1,5434
"adam";14;-0,3838;-0,0381;-0,1065;-0,2734;-0,0758;1,0967;-0,4129;0,3126
"esbozar";20;-0,186;-0,0544;-0,1521;0,2268;1,5998;0,3302;0,2807;-0,6612
"fabricante";11;1,5841;1,1763;-0,0837;-0,2148;0,8925;-0,3914;-0,3537;-0,7159
"prioritario";57;-1,5626;-0,1552;-0,4335;0,9784;-0,3085;-1,6718;1,4618;0,4457
"román";16;-0,4386;-0,0436;-0,1217;-0,3125;-0,0866;-0,3406;0,6723;0,4223
"incipiente";31;0,5312;-0,0844;0,997;-0,2205;-0,1678;-0,2656;0,3144;-0,521
"ligero";14;0,6782;-0,0381;-0,1065;-0,2734;-0,0758;-0,5644;-1,093;1,9614
"acaso";13;-0,3564;-0,0354;-0,0989;-0,2539;0,8252;-0,5053;0,5087;0,3731
"unánime";10;-0,2741;-0,0272;-0,0761;-0,1953;-0,0541;-0,337;0,3459;0,6391
"estrictamente";22;-0,2169;-0,0599;-0,1673;-0,4296;0,6202;0,7701;-0,3009;-0,2953
"andalucía";15;-0,4112;-0,0408;-0,1141;-0,2929;0,7683;-1,2431;0,8301;0,4932
"universidade";18;-0,4935;-0,049;-0,1369;-0,3515;-0,0974;-0,4292;-0,3473;1,6875
"portar";13;0,2519;-0,0354;-0,0989;-0,2539;0,8252;-1,0774;-0,5723;1,5931
"portugal";31;0,2416;-0,0844;-0,2358;-0,2205;-0,1678;-0,4507;1,1542;-0,521
"municación";21;-0,5757;-0,0572;-0,1597;-0,4101;-0,1136;-0,5731;-0,2401;1,658
"yecto";13;-0,3564;-0,0354;0,6912;-0,2539;-0,0703;0,399;-0,5723;0,6739
"produc";25;-0,6854;-0,0681;1,1581;-0,1558;-0,1353;-0,2549;-0,7572;1,1234
"umbral";35;1,2204;-0,0953;-0,2662;-0,2669;-0,1894;0,8511;-1,265;0,4135
"faceta";52;0,404;-0,1416;-0,3955;-0,2233;-0,2814;1,552;-1,1008;0,3551
"comuni";20;-0,5483;-0,0544;0,5294;-0,3906;-0,1082;-0,9411;0,4572;0,9731
"tatuajes";12;-0,329;-0,0327;-0,0913;-0,2343;-0,0649;-0,1856;1,5683;-0,8121
"renacimiento";12;-0,329;-0,0327;-0,0913;0,3798;-0,0649;1,3695;-1,9486;0,7892
"multisectorial";11;0,3005;-0,0299;-0,0837;0,4087;-0,0595;-0,3914;0,4901;-0,3487
"chas";11;-0,3016;-0,0299;0,7564;-0,2148;-0,0595;0,2262;-0,3537;0,533
"socie";12;-0,329;-0,0327;0,7223;-0,2343;-0,0649;-0,9945;0,6529;0,4456
"indudable";11;-0,3016;-0,0299;-0,0837;-0,2148;-0,0595;0,5288;0,254;0,2581
"instrumentales";15;-0,4112;-0,0408;-0,1141;-0,2929;-0,0812;-0,2989;-0,2955;1,2276
"sistémicas";10;-0,2741;-0,0272;-0,0761;1,1624;-0,0541;-0,337;-0,5175;0,6391
"descarga";34;0,4615;-0,0926;0,9299;-0,2551;1,1787;0,424;0,2785;-1,3356
"mien";11;-0,3016;-0,0299;1,8257;-0,2148;-0,0595;-0,9116;-0,6493;1,4456
"conteni";30;-0,8224;-0,0817;-0,2282;-0,5859;-0,1623;-1,6225;0,7526;1,6334
"complementando";18;-0,4935;-0,049;-0,1369;0,2558;0,697;-0,8119;0,2592;0,8405
"porciona";10;-0,2741;-0,0272;-0,0761;-0,1953;-0,0541;-0,8287;1,0789;0,3175
"sep";12;-0,329;-0,0327;-0,0913;0,3798;-0,0649;-0,9945;1,0452;-0,1927
"nor";13;-0,3564;-0,0354;0,6912;-0,2539;-0,0703;-0,2212;0,5087;-0,2392
"evolution";36;-0,4624;-0,098;-0,2738;-0,2788;0,4419;0,7944;-0,8245;0,7557
"behaviors";13;-0,3564;-0,0354;-0,0989;0,3539;-0,0703;-0,5053;-0,5723;1,5931
"wiley";24;0,3601;-0,0653;-0,1825;-0,4687;-0,1299;-0,2269;-0,9357;1,6417
"polity";15;-0,4112;-0,0408;-0,1141;0,8565;-0,0812;-1,2431;1,2287;-0,3439
"transformation";28;-0,7676;-0,0762;-0,213;0,4554;-0,1515;-0,3471;1,0038;-0,3801
"identity";16;-0,4386;-0,0436;-0,1217;0,8108;-0,0866;-1,326;0,6723;0,4223
"morris";14;1,2998;-0,0381;-0,1065;0,9064;-0,0758;-0,5644;-1,6372;0,9363
"storytelling";14;-0,3838;-0,0381;-0,1065;-0,2734;-0,0758;-0,5644;0,6621;0,5763
"transmedia";29;-0,795;-0,079;-0,2206;-0,5663;-0,1569;0,9326;-0,3048;0,5263
"acento";17;-0,466;-0,0463;-0,1293;-0,332;-0,092;0,4678;-0,2741;0,6165
"prisma";28;-0,7676;-0,0762;-0,213;-0,1874;-0,1515;0,6952;1,6893;-1,8076
"3916";28;-0,7676;-0,0762;-0,213;-0,5468;-0,1515;-0,3471;1,0038;0,3857
"uses";39;-1,0692;-0,1062;-0,2966;1,5643;-0,2111;1,5384;-0,4812;-0,707
"lecture";17;0,554;-0,0463;0,5892;0,7686;-0,092;-0,7486;-0,739;0,6165
"edition";19;-0,5209;-0,0517;0,5481;1,313;-0,1028;0,6494;-0,4284;-0,5923
"telos";13;-0,3564;-0,0354;-0,0989;-0,2539;-0,0703;-0,5053;1,265;-0,2392
"cadores";17;-0,466;-0,0463;-0,1293;-0,332;-0,092;-1,4089;1,668;0,3615
"efi";28;-0,7676;-0,0762;-0,213;-0,5468;-0,1515;-0,9476;0,7408;1,1433
"recono";12;-0,329;-0,0327;0,7223;-0,2343;-0,0649;-0,9945;0,6529;0,4456
"lejano";28;1,5877;-0,0762;0,4116;-0,1874;1,3292;-0,5877;-0,7988;-0,2302
"darle";45;1,2587;0,6094;-0,3423;-0,8788;0,3673;0,6084;0,3058;-1,0533
"irrumpido";14;-0,3838;-0,0381;-0,1065;-0,2734;-0,0758;-1,1602;0,3956;1,3967
"computar";10;0,9156;-0,0272;-0,0761;-0,1953;-0,0541;-0,337;-0,2604;0,3175
"arar";13;0,7282;-0,0354;-0,0989;-0,2539;-0,0703;-0,5053;0,5087;-0,2392
"eaton";11;-0,3016;-0,0299;-0,0837;-0,2148;-0,0595;1,538;-1,7362;0,9267
"moreira";16;-0,4386;-0,0436;-0,1217;-0,3125;-0,0866;-0,6861;1,0109;0,4223
"gonzalez";14;-0,3838;-0,0381;-0,1065;-0,2734;-0,0758;-0,5644;1,4955;-0,2897
"envergadura";10;0,3297;-0,0272;1,9079;-0,1953;-0,0541;-0,8287;0,3459;-0,2851
"333";12;-0,329;-0,0327;0,7223;-0,2343;-0,0649;-0,9945;-0,4581;1,8236
"tránsito";16;0,5917;-0,0436;0,6119;-0,3125;0,7429;0,2647;-0,6225;-0,2063
"retroalimenta";14;-0,3838;-0,0381;-0,1065;-0,2734;-0,0758;-0,5644;1,4955;-0,2897
"concreción";14;-0,3838;-0,0381;-0,1065;-0,2734;-0,0758;-1,1602;1,0241;0,5763
"imá";17;-0,466;-0,0463;-0,1293;0,2721;-0,092;-0,7486;0,5434;0,6165
"genes";25;0,7108;-0,0681;-0,1901;0,5208;-0,1353;-0,4602;0,2614;-0,2593
"naturalmente";21;1,4403;-0,0572;-0,1597;-0,4101;0,6378;0,8435;-1,2674;-0,2543
"gración";10;-0,2741;-0,0272;0,7941;-0,1953;-0,0541;-0,8287;0,3459;0,6391
"contextualizada";33;-0,1729;-0,0898;-0,251;-0,6444;-0,1786;-0,5255;-0,4037;1,6371
"afine|afín";23;-0,6305;-0,0626;-0,1749;0,5712;-0,1245;-0,6752;1,1642;-0,3389
"interactúen";19;0,4875;-0,0517;-0,1445;0,6934;-0,1028;0,3707;-0,2559;-0,5923
"brainstorming";14;-0,3838;-0,0381;-0,1065;-0,2734;-0,0758;0,3476;-0,4129;0,9363
"lúdico";18;-0,4935;-0,049;-0,1369;-0,3515;-0,0974;-1,4917;1,4057;0,5367
"quizzes";15;-0,4112;-0,0408;-0,1141;-0,2929;-0,0812;-0,6247;1,2287;0,262
"mérito";16;-0,4386;-0,0436;-0,1217;-0,3125;-0,0866;0,8861;0,2365;-0,2063
"rales";17;-0,466;-0,0463;0,5892;-0,332;0,7192;-0,7486;0,5434;0,3615
"compresión";11;-0,3016;-0,0299;-0,0837;-0,2148;-0,0595;-0,9116;1,9597;-0,3487
"340";12;-0,329;-0,0327;-0,0913;-0,2343;-0,0649;-0,1856;0,372;0,4456
"goo";10;-0,2741;-0,0272;1,9079;0,4411;-0,0541;-0,8287;-1,5268;1,6852
"maximizando";27;-0,7402;-0,0735;-0,2054;-0,5273;-0,1461;-0,5441;0,8619;0,6526
"incapaz";20;0,458;-0,0544;-0,1521;0,6597;0,6564;-0,5238;-0,3223;-0,2163
"occidente";22;-0,6031;-0,0599;-0,1673;-0,4296;-0,1191;1,1368;0,9975;-1,2375
"2307";15;-0,4112;-0,0408;-0,1141;-0,2929;-0,0812;0,9849;-0,5136;0,4932
"interface";11;0,3005;-0,0299;-0,0837;0,4087;-0,0595;0,5288;-0,3537;-0,3487
"potencialidad";12;-0,329;-0,0327;-0,0913;-0,2343;-0,0649;-0,1856;-0,4581;1,2467
"htm";12;1,479;-0,0327;-0,0913;1,0211;-0,0649;-0,4476;-0,4581;-0,4162
"tor";26;-0,7128;-0,0708;1,996;-0,5077;-0,1407;1,5783;-1,1779;0,3049
"significación";20;-0,5483;-0,0544;-0,1521;-0,3906;-0,1082;-1,6575;0,4572;1,8295
"rela";28;-0,7676;-0,0762;1,9067;-0,5468;0,5309;-0,9476;1,0038;-0,3801
"cionados";10;-0,2741;-0,0272;1,9079;-0,1953;0,9312;-0,8287;-0,2604;0,3175
"predisposición";15;-0,4112;-0,0408;-0,1141;-0,2929;-0,0812;0,3032;1,7352;-1,1116
"socioculturales";14;-0,3838;-0,0381;-0,1065;0,3305;-0,0758;0,3476;0,6621;-0,5615
"tipología";22;-0,6031;-0,0599;-0,1673;-0,4296;-0,1191;-1,8232;1,7872;0,5091
"1964";14;0,6782;-0,0381;-0,1065;0,3305;-0,0758;0,3476;-0,2234;-0,5615
"sesenta";10;0,9156;-0,0272;-0,0761;0,4411;-0,0541;0,2678;-0,5175;-0,2851
"impulsores";12;-0,329;-0,0327;-0,0913;1,0211;-0,0649;-0,1856;0,6529;-0,8121
"mail";16;-0,4386;-0,0436;-0,1217;0,2899;-0,0866;-0,6861;-0,3769;1,5434
"milenio";12;-0,329;1,1399;-0,0913;1,0211;-0,0649;1,3695;-1,9486;-0,1927
"preceder";23;-0,2328;-0,0626;0,4794;-0,4492;-0,1245;1,0468;-0,5643;0,2662
"ochenta";14;1,2998;-0,0381;-0,1065;0,3305;-0,0758;-0,5644;0,3956;-0,5615
"tencial";13;-0,3564;-0,0354;1,684;-0,2539;-0,0703;-1,0774;-0,3214;1,079
"connotación";11;-0,3016;-0,0299;-0,0837;0,4087;-0,0595;0,2262;0,838;-0,7159
"mediadas";12;-0,329;-0,0327;-0,0913;-0,2343;-0,0649;-0,4476;-0,24;1,2467
"seño";12;-0,329;-0,0327;-0,0913;-0,2343;-0,0649;-0,9945;0,372;1,2467
"epistemológicas";18;1,0273;-0,049;-0,1369;-0,3515;-0,0974;-0,4292;0,6832;-0,526
"singular";40;-1,0966;-0,1089;-0,3042;-0,7811;-0,2165;0,6016;-0,7324;1,8964
"ducción";18;-0,4935;-0,049;1,4162;-0,3515;-0,0974;-0,8119;0,6832;0,3093
"comercializar";12;-0,329;-0,0327;1,7516;1,0211;-0,0649;-0,9945;0,6529;-0,8121
"digitalmente";44;0,2927;0,6179;-0,3347;-0,3787;-0,2381;-0,6988;0,6445;0,3625
"355";11;1,5841;-0,0299;-0,0837;-0,2148;-0,0595;0,2262;-1,7362;0,9267
"bargo";19;-0,5209;-0,0517;0,5481;0,2408;-0,1028;-0,8761;-0,2559;1,0908
"asi";10;-0,2741;-0,0272;0,7941;-0,1953;-0,0541;-0,337;1,0789;-0,6219
"incorporarlas";11;-0,3016;-0,0299;-0,0837;-0,2148;-0,0595;-0,3914;1,3183;-0,3487
"praxis";24;-0,2491;-0,0653;-0,1825;-0,4687;-0,1299;-1,989;0,7174;1,2379
"teriales";13;-0,3564;-0,0354;-0,0989;-0,2539;-0,0703;-1,0774;1,8273;-0,2392
"fesorado";12;-0,329;-0,0327;-0,0913;-0,2343;-0,0649;-0,1856;0,372;0,4456
"multitud";36;1,1769;-0,098;0,3301;-0,2788;-0,1948;-0,4121;0,2942;-0,373
"autoestima";15;0,6329;-0,0408;-0,1141;0,3093;-0,0812;-0,2989;-0,5136;0,4932
"huelga";12;0,7837;-0,0327;-0,0913;-0,2343;0,8573;0,8518;-0,4581;-0,8121
"antropología";19;-0,5209;-0,0517;0,5481;-0,371;-0,1028;-0,8761;0,3514;1,0908
"oberta";22;-0,6031;-0,0599;-0,1673;-0,4296;-0,1191;1,5777;0,9975;-1,8527
"empirical";11;-0,3016;-0,0299;-0,0837;-0,2148;-0,0595;0,9665;-1,0919;0,9267
"paidós";23;-0,6305;-0,0626;-0,1749;-0,4492;-0,1245;0,7033;1,1642;-0,8807
"salamanca";14;-0,3838;-0,0381;-0,1065;-0,2734;-0,0758;-1,1602;-0,2234;1,9614
"santillana";10;-0,2741;-0,0272;-0,0761;-0,1953;-0,0541;0,6114;-0,5175;0,6391
"morata";12;-0,329;-0,0327;-0,0913;-0,2343;-0,0649;0,8518;-0,4581;0,4456
"lim";15;-0,4112;-0,0408;-0,1141;-0,2929;-0,0812;0,3032;-0,5136;1,2276
"rudolph";13;-0,3564;-0,0354;-0,0989;-0,2539;0,8252;-0,2212;-0,9382;1,5931
"multiplicar";56;0,3466;-0,1525;0,2041;0,635;1,4899;0,7871;-0,8051;-0,6739
"sabzalieva";36;-0,9869;-0,098;-0,2738;-0,703;-0,1948;1,4264;1,3039;-1,4957
"valentini";39;-1,0692;-0,1062;-0,2966;-0,7616;-0,2111;1,5384;1,1652;-1,319
"redefine";30;-0,8224;-0,0817;-0,2282;-0,5859;-0,1623;-1,0624;1,668;0,472
"autó";15;-0,4112;-0,0408;1,5648;-0,2929;0,7683;-0,6247;0,3066;0,262
"noma";11;0,3005;-0,0299;0,7564;-0,2148;-0,0595;-0,3914;0,254;0,2581
"zapata";16;-0,4386;-0,0436;-0,1217;-0,3125;-0,0866;-1,326;1,0109;0,7081
"plica";13;-0,3564;-0,0354;-0,0989;-0,2539;0,8252;-1,0774;0,2816;1,079
"calvar";23;-0,6305;-0,0626;-0,1749;-0,4492;-0,1245;-1,9061;1,1642;0,9956
"ford";17;-0,1422;-0,0463;0,5892;0,7686;-0,092;0,4678;-0,2741;-0,8
"regreso";10;1,7025;-0,0272;-0,0761;-0,1953;-0,0541;-0,8287;0,3459;-0,2851
"firme";27;-0,7402;-0,0735;1,9504;0,476;-0,1461;-0,8914;1,1554;-0,8185
"creíble";13;0,2519;-0,0354;-0,0989;1,7583;-0,0703;-0,2212;0,2816;-0,9103
"enunciar";70;-1,919;-0,1906;-0,1828;-0,7417;-0,3788;1,561;-0,2827;0,3973
"retro";10;-0,2741;-0,0272;-0,0761;-0,1953;-0,0541;-0,8287;0,6454;0,6391
"371";13;0,2519;-0,0354;-0,0989;-0,2539;-0,0703;-0,5053;0,2816;0,6739
"tivamente";11;-0,3016;-0,0299;-0,0837;-0,2148;-0,0595;0,5288;-0,6493;0,9267
"exigente";11;-0,3016;1,1763;-0,0837;-0,2148;-0,0595;-0,9116;-0,3537;1,4456
"correlacionar";10;0,3297;-0,0272;-0,0761;0,4411;-0,0541;1,7352;-1,5268;-0,2851
"habili";18;-0,4935;-0,049;0,568;-0,3515;-0,0974;-1,4917;0,6832;0,8405
"changing";22;0,8283;-0,0599;0,4952;0,5988;-0,1191;0,4784;-1,8974;0,5091
"links";22;-0,6031;-0,0599;-0,1673;-0,4296;-0,1191;0,262;-0,4769;1,5036
"powerful";15;-0,4112;-0,0408;-0,1141;-0,2929;-0,0812;0,5919;-0,5136;0,8138
"30827";10;-0,2741;-0,0272;-0,0761;-0,1953;-0,0541;-0,8287;0,3459;1,0923
"100790";11;-0,3016;-0,0299;-0,0837;-0,2148;-0,0595;0,2262;0,254;0,533
"paradójico";25;-0,2656;1,9727;-0,1901;-0,4882;-0,1353;-0,2549;-1,4228;1,9363
"hipertext";13;-0,3564;-0,0354;-0,0989;-0,2539;-0,0703;-1,0774;1,265;0,3731
"hong";18;-0,4935;-0,049;-0,1369;0,2558;-0,0974;1,1122;-0,5646;0,3093
"creating";36;-0,9869;-0,098;-0,2738;-0,703;-0,1948;-0,2503;0,2942;1,3054
"pf0000385146_spa";18;-0,4935;-0,049;-0,1369;-0,3515;-0,0974;0,7197;1,4057;-1,4234
"learned";15;-0,4112;-0,0408;-0,1141;0,3093;-0,0812;-0,2989;-0,8258;1,7377
"biases";12;-0,329;-0,0327;-0,0913;0,3798;-0,0649;-0,1856;-0,24;0,4456
"fairness";25;-0,6854;-0,0681;-0,1901;1,6466;0,5724;1,6919;-1,4228;-0,4339
"suscribir";10;-0,2741;-0,0272;-0,0761;0,4411;-0,0541;-0,337;0,3459;0,3175
"magister";10;-0,2741;-0,0272;-0,0761;-0,1953;-0,0541;-0,8287;1,0789;0,3175
"minucioso";10;0,3297;-0,0272;-0,0761;-0,1953;-0,0541;-0,337;0,6454;-0,2851
"grama";14;-0,3838;-0,0381;-0,1065;0,9064;-0,0758;-0,5644;-0,4129;0,9363
"liderando";21;-0,2013;-0,0572;1,2934;-0,4101;-0,1136;-1,7404;0,5756;0,5774
"organizativos";10;-0,2741;-0,0272;1,9079;-0,1953;-0,0541;0,2678;0,3459;-0,6219
"comercialización";38;-1,0417;-0,1035;0,3134;-0,3031;-0,2056;0,6917;0,4401;-0,3016
"sibles";10;-0,2741;-0,0272;0,7941;-0,1953;-0,0541;-0,337;-0,5175;1,0923
"repre";18;-0,4935;-0,049;-0,1369;-0,3515;1,6868;-0,4292;0,4379;0,3093
"indicativo";16;-0,4386;1,0203;-0,1217;0,2899;-0,0866;-0,3406;0,6723;-0,4016
"inde";12;-0,329;-0,0327;-0,0913;0,3798;-0,0649;0,4588;-0,24;-0,1927
"precaución";35;-0,4435;-0,0953;-0,2662;-0,2669;-0,1894;-0,3806;0,4941;0,5983
"cautela";30;-0,3519;-0,0817;0,3886;-0,2093;-0,1623;-0,6782;0,5426;0,472
"ambiguo";23;-0,6305;0,872;-0,1749;-0,4492;-0,1245;0,4322;0,591;-0,3389
"enfoquen";12;-0,329;-0,0327;-0,0913;-0,2343;-0,0649;-0,9945;0,6529;0,7892
"representante";65;-1,7819;-0,177;-0,1623;1,6227;1,3275;1,3069;-0,9118;-0,5233
"exercise";10;-0,2741;-0,0272;-0,0761;-0,1953;-0,0541;-0,337;-0,5175;1,6852
"publishers";11;-0,3016;-0,0299;-0,0837;0,4087;0,8925;-0,9116;-0,3537;0,9267
"encyclopedia";15;-0,4112;-0,0408;-0,1141;1,585;-0,0812;-0,6247;-0,2955;0,4932
"behavior";50;-1,3707;-0,1361;0,234;-0,2062;-0,2706;0,2914;-0,4263;1,2243
"lucas";13;0,7282;-0,0354;-0,0989;0,961;-0,0703;-0,2212;0,2816;-0,9103
"cooper";22;-0,2169;-0,0599;0,4952;0,2019;-0,1191;-1,0731;0,3012;0,7746
"administration";11;-0,3016;-0,0299;-0,0837;-0,2148;-0,0595;0,2262;-0,3537;0,9267
"sidad";27;-0,7402;-0,0735;0,4239;0,476;0,5441;-0,8914;0,6206;0,2674
"malentender";25;-0,6854;-0,0681;-0,1901;-0,4882;-0,1353;-0,2549;0,8541;0,3471
"imperativa";15;0,2132;-0,0408;-0,1141;-0,2929;-0,0812;-0,2989;0,5265;0,262
"asiático";18;0,5194;-0,049;-0,1369;0,7296;-0,0974;-0,21;0,6832;-1,4234
"pertenencia";24;-0,2491;-0,0653;-0,1825;0,5452;-0,1299;-0,4201;-0,4428;0,8963
"clarificar";21;-0,5757;-0,0572;-0,1597;-0,4101;-0,1136;0,2941;0,8406;-0,2543
"globalización";17;-0,466;0,9953;-0,1293;-0,332;0,7192;0,2313;-0,2741;0,3615
"lograrse";20;-0,5483;-0,0544;-0,1521;1,2565;-0,1082;0,5864;-1,5684;0,9731
"b1";14;-0,3838;-0,0381;-0,1065;-0,2734;-0,0758;-1,1602;1,4955;0,3126
"taciones";13;-0,3564;-0,0354;-0,0989;0,3539;-0,0703;-0,2212;0,2816;0,3731
"prescribir";11;-0,3016;-0,0299;-0,0837;1,0878;-0,0595;1,538;-1,0919;-0,3487
"tablets";17;-0,466;-0,0463;-0,1293;-0,332;-0,092;-0,3841;-0,2741;1,3732
"rado";33;-0,9047;-0,0898;-0,251;0,3675;-0,1786;-0,5255;0,3311;0,9812
"capcut";10;-0,2741;-0,0272;-0,0761;-0,1953;-0,0541;-0,8287;1,6761;-0,2851
"exis";13;-0,3564;-0,0354;0,6912;-0,2539;0,8252;-0,5053;-0,9382;1,5931
"predominantes";17;0,554;-0,0463;-0,1293;0,2721;-0,092;-0,7486;0,3298;0,3615
"aproximado";15;0,2132;-0,0408;-0,1141;-0,2929;-0,0812;0,3032;0,5265;-0,3439
"prieto";12;-0,329;-0,0327;-0,0913;-0,2343;0,8573;-0,9945;0,372;0,7892
"delo";14;-0,3838;-0,0381;-0,1065;-0,2734;1,8983;-1,1602;-0,2234;0,9363
"matters";15;0,2132;-0,0408;-0,1141;1,585;-0,0812;0,9849;-1,8274;0,262
"kong";17;-0,466;-0,0463;-0,1293;0,2721;-0,092;0,4678;-0,2741;0,3615
"input";38;-0,5007;-0,1035;0,3134;-0,3031;-0,2056;-0,4781;1,6154;-0,6545
"common";23;-0,6305;-0,0626;-0,1749;-0,4492;-0,1245;-1,14;0,591;1,3642
"fake";53;0,3888;-0,1443;0,2184;1,5476;-0,2868;-1,0823;-0,7687;1,007
"disruptivos";16;-0,4386;-0,0436;-0,1217;-0,3125;-0,0866;0,2647;0,4175;0,4223
"reconfiguración";22;-0,6031;-0,0599;-0,1673;0,2019;-0,1191;-1,8232;1,356;0,5091
"crompton";11;-0,3016;-0,0299;-0,0837;-0,2148;-0,0595;-0,3914;-0,3537;1,4456
"burke";18;0,5194;-0,049;-0,1369;-0,3515;-0,0974;0,7197;-0,8623;0,5367
"generadora";15;-0,4112;-0,0408;-0,1141;-0,2929;-0,0812;0,5919;-0,2955;0,4932
"batir";20;-0,186;-0,0544;-0,1521;-0,3906;-0,1082;1,3432;-0,3223;-0,392
"disrupción";40;-0,5395;1,5845;0,2978;-0,7811;-0,2165;1,1266;-0,955;0,5277
"george";24;-0,6579;-0,0653;-0,1825;1,0628;0,5876;-0,7278;0,4932;-0,224
"autoconciencia";24;1,8641;-0,0653;-0,1825;-0,4687;0,5876;0,3905;-0,2822;-0,9577
"pardo";14;-0,3838;-0,0381;-0,1065;-0,2734;-0,0758;1,0967;0,3956;-0,5615
"imparcialidad";13;-0,3564;-0,0354;-0,0989;0,961;-0,0703;-0,2212;-0,5723;0,6739
"compilación";11;-0,3016;1,1763;-0,0837;0,4087;-0,0595;-0,3914;0,4901;-0,3487
"perior";12;-0,329;-0,0327;-0,0913;-0,2343;-0,0649;0,4588;-0,24;0,4456
"incapacidad";22;0,4055;-0,0599;-0,1673;1,1537;-0,1191;0,262;-0,3009;-0,5023
"formarse";29;0,2702;-0,079;-0,2206;0,8748;-0,1569;-1,5523;1,1541;-0,4249
"inclinar";13;-0,3564;-0,0354;-0,0989;-0,2539;-0,0703;0,399;0,2816;0,3731
"escepticismo";16;0,1967;-0,0436;-0,1217;-0,3125;-0,0866;-1,326;0,6723;0,7081
"eficien";11;-0,3016;-0,0299;0,7564;-0,2148;-0,0595;-0,9116;1,9597;-0,7159
"inclinación";17;-0,1422;-0,0463;-0,1293;0,7686;1,7344;0,2313;-0,739;-0,2479
"jos";14;-0,3838;-0,0381;0,6627;0,3305;0,7957;-0,259;-0,4129;0,3126
"enfocaron";11;-0,3016;-0,0299;-0,0837;-0,2148;-0,0595;-0,3914;-0,3537;1,4456
"sub";14;-0,3838;-0,0381;0,6627;0,9064;0,7957;-1,1602;-0,6952;0,9363
"popularidad";38;0,3839;-0,1035;-0,289;-0,7421;-0,2056;0,6917;-0,2926;0,3005
"prometedores";12;-0,329;-0,0327;-0,0913;1,0211;-0,0649;-0,1856;0,372;-0,4162
"lear";21;0,4308;-0,0572;-0,1597;0,6282;-0,1136;0,5296;-1,2674;0,5774
"ning";22;-0,6031;-0,0599;-0,1673;1,1537;-0,1191;0,7701;-1,0226;0,5091
"metodolo";11;-0,3016;-0,0299;-0,0837;-0,2148;-0,0595;-0,3914;-0,3537;1,4456
"measurement";17;0,554;-0,0463;-0,1293;0,2721;-0,092;-0,3841;0,5434;-0,4623
"comp";12;-0,329;-0,0327;-0,0913;-0,2343;-0,0649;-0,9945;1,0452;0,4456
"personality";10;-0,2741;-0,0272;-0,0761;0,4411;-0,0541;-0,337;-0,2604;0,6391
"classification";24;-0,6579;-0,0653;-0,1825;1,0628;0,5876;0,6424;-1,2848;0,6158
"2303";13;-0,3564;-0,0354;-0,0989;-0,2539;-0,0703;0,7529;-0,9382;1,079
"valid";13;-0,3564;-0,0354;-0,0989;-0,2539;-0,0703;-0,5053;0,5087;0,6739
"author";16;-0,4386;-0,0436;-0,1217;0,2899;-0,0866;0,526;1,0109;-1,2144
"treatment";10;-0,2741;-0,0272;-0,0761;-0,1953;-0,0541;-0,8287;1,0789;0,3175
"allen";28;-0,3167;-0,0762;-0,213;0,9086;1,3292;0,2594;-0,3871;-0,3801
"workforce";10;-0,2741;-0,0272;-0,0761;1,1624;-0,0541;-0,337;-0,2604;0,3175
"page";22;0,4055;-0,0599;-0,1673;-0,4296;-0,1191;0,262;0,7058;-0,5023
"reinforcement";12;-0,329;1,1399;-0,0913;-0,2343;-0,0649;0,8518;-0,4581;-0,1927
"number";34;-0,4248;-0,0926;-0,2586;-0,2551;1,1787;-1,2999;0,776;0,4588
"discipline";13;-0,3564;-0,0354;-0,0989;0,3539;-0,0703;1,8104;-1,4508;0,3731
"foundational";10;-0,2741;-0,0272;-0,0761;-0,1953;-0,0541;0,6114;-0,5175;0,6391
"paradigm";14;-0,3838;-0,0381;-0,1065;-0,2734;-0,0758;0,3476;-0,4129;0,9363
"centered";21;-0,2013;-0,0572;0,5118;1,2035;-0,1136;-0,5731;-0,8991;0,8682
"weizenbaum";18;0,5194;-0,049;-0,1369;0,2558;-0,0974;1,1122;-1,7643;0,5367
"1966";24;-0,6579;-0,0653;0,4645;1,0628;-0,1299;0,3905;-0,4428;-0,224
"agents";23;-0,6305;-0,0626;-0,1749;1,1069;-0,1245;0,7033;-0,8222;0,4485
"agent";16;-0,4386;-0,0436;-0,1217;-0,3125;-0,0866;1,344;-0,6225;0,4223
"impacts";12;-0,329;-0,0327;-0,0913;-0,2343;-0,0649;0,4588;-0,4581;0,7892
"analyses";13;-0,3564;-0,0354;-0,0989;0,3539;-0,0703;-0,5053;-0,3214;1,079
"behavioral";20;-0,5483;-0,0544;-0,1521;1,2565;-0,1082;-0,9411;-0,7813;1,8295
"consequences";17;-0,466;-0,0463;-0,1293;1,4388;-0,092;-0,7486;0,5434;-0,2479
"analyze";10;-0,2741;-0,0272;-0,0761;-0,1953;-0,0541;-0,337;1,0789;-0,2851
"single";16;-0,4386;-0,0436;-0,1217;1,509;-0,0866;-0,3406;-0,3769;0,4223
"affects";12;-0,329;-0,0327;-0,0913;-0,2343;-0,0649;-0,9945;0,6529;0,7892
"contact";10;-0,2741;-0,0272;-0,0761;-0,1953;-0,0541;-0,8287;0,6454;0,6391
"instruments";21;-0,2013;-0,0572;-0,1597;-0,4101;0,6378;-1,0068;0,5756;0,5774
"seven";11;0,8457;-0,0299;0,7564;0,4087;-0,0595;-0,3914;-0,3537;-0,3487
"toronto";16;-0,4386;-0,0436;0,6119;0,8108;-0,0866;-0,6861;0,6723;-0,4016
"allow";18;-0,4935;-0,049;-0,1369;0,7296;-0,0974;-0,21;-0,3473;0,5367
"actions";14;-0,3838;-0,0381;-0,1065;0,3305;-0,0758;-1,1602;-0,4129;1,9614
"semantic";23;-0,6305;-0,0626;-0,1749;-0,4492;1,486;-0,6752;1,5478;-0,5611
"telligence";11;-0,3016;-0,0299;0,7564;1,9686;-0,0595;-0,9116;-1,0919;0,9267
"act";31;0,2416;-0,0844;-0,2358;-0,2205;-0,1678;-1,1208;1,478;-0,3365
"wrong";10;-0,2741;-0,0272;-0,0761;1,1624;-0,0541;0,2678;-0,2604;-0,2851
"version";19;-0,5209;-0,0517;-0,1445;1,313;-0,1028;-0,8761;-0,4284;1,0908
"likert";32;-0,8773;-0,0871;-0,2434;-0,6249;-0,1732;-0,7726;0,5581;1,393
"very";23;-0,2328;-0,0626;-0,1749;0,5712;0,6035;-0,6752;0,2426;0,4485
"response";22;-0,6031;-0,0599;-0,1673;-0,4296;-0,1191;0,262;-0,4769;1,5036
"teach";40;-1,0966;-0,1089;-0,3042;0,2758;-0,2165;0,6016;0,4555;-0,2437
"conver";23;-0,6305;-0,0626;0,4794;-0,4492;-0,1245;-0,3813;-0,5643;1,7978
"steps";13;-0,3564;-0,0354;-0,0989;0,961;-0,0703;-0,2212;-0,3214;0,3731
"greater";13;-0,3564;-0,0354;-0,0989;0,3539;-0,0703;-0,5053;-0,5723;1,5931
"works";41;-0,5591;-0,1116;0,2905;-0,8007;0,3979;1,737;-0,6182;-0,2724
"let";12;-0,329;-0,0327;-0,0913;0,3798;-0,0649;-0,4476;0,372;0,4456
"hl";11;0,8457;-0,0299;-0,0837;-0,2148;-0,0595;-0,3914;0,254;0,2581
"say";18;-0,4935;-0,049;-0,1369;0,7296;0,697;-0,21;-0,5646;0,5367
"representation";16;-0,4386;-0,0436;-0,1217;0,2899;-0,0866;-1,326;1,983;-0,4016
"integrated";18;-0,4935;-0,049;-0,1369;-0,3515;-0,0974;-0,21;-0,5646;1,6875
"usefulness";18;-0,4935;0,9718;-0,1369;-0,3515;-0,0974;-0,21;1,4057;-0,884
"her";15;-0,4112;-0,0408;-0,1141;-0,2929;-0,0812;0,9849;-0,2955;0,262
"ques";15;-0,4112;-0,0408;-0,1141;-0,2929;-0,0812;-1,2431;0,8301;0,8138
"change";52;-0,7832;-0,1416;-0,3955;1,5838;-0,2814;-0,5269;-0,2995;0,6567
"0449";12;-0,329;-0,0327;-0,0913;-0,2343;0,8573;-0,9945;1,5683;-0,4162
"relative";11;-0,3016;-0,0299;-0,0837;0,4087;-0,0595;-0,3914;-0,3537;0,9267
"character";10;-0,2741;-0,0272;-0,0761;-0,1953;-0,0541;0,6114;-0,2604;0,3175
"trial";16;-0,4386;-0,0436;1,5118;0,2899;-0,0866;-0,6861;0,4175;-0,2063
"person";26;-0,7128;-0,0708;-0,1978;0,4977;-0,1407;1,5783;-0,8621;0,3049
"believe";17;-0,466;-0,0463;-0,1293;0,7686;-0,092;-1,4089;0,5434;0,6165
"evaluations";11;-0,3016;-0,0299;-0,0837;-0,2148;-0,0595;-0,9116;1,3183;0,2581
"reflecting";10;-0,2741;-0,0272;-0,0761;-0,1953;-0,0541;1,1009;-0,5175;0,3175
"toar";11;-0,3016;-0,0299;-0,0837;0,4087;-0,0595;0,2262;-0,3537;0,533
"quitar";33;0,4835;-0,0898;-0,251;-0,2434;0,4722;0,9762;-0,5728;-0,4179
"light";19;-0,5209;-0,0517;-0,1445;-0,371;-0,1028;-0,241;-0,4284;1,5166
"surveys";14;-0,3838;-0,0381;0,6627;0,3305;-0,0758;-0,259;-0,2234;0,3126
"relationships";19;-0,5209;-0,0517;-0,1445;-0,371;0,6761;-0,4758;0,5598;0,4672
"note";20;-0,5483;-0,0544;1,332;0,2268;-0,1082;-0,2737;-0,5169;0,6545
"maintaining";10;-0,2741;-0,0272;-0,0761;-0,1953;0,9312;0,2678;-0,9208;1,0923
"ties";11;-0,3016;-0,0299;-0,0837;-0,2148;-0,0595;-0,3914;1,9597;-0,7159
"box";27;-0,7402;-0,0735;-0,2054;0,476;-0,1461;-0,8914;-0,3235;1,6344
"element";11;-0,3016;-0,0299;-0,0837;-0,2148;-0,0595;0,9665;-0,6493;0,533
"better";39;-1,0692;-0,1062;-0,2966;1,5643;-0,2111;-1,6093;0,3788;1,0373
"grant";14;-0,3838;-0,0381;-0,1065;-0,2734;-0,0758;-1,1602;1,0241;0,5763
"reporting";18;-0,4935;-0,049;-0,1369;0,7296;-0,0974;-1,4917;1,4057;-0,2929
"validation";18;-0,4935;-0,049;0,568;-0,3515;-0,0974;-0,8119;0,6832;0,5367
"foundations";10;-0,2741;-0,0272;-0,0761;-0,1953;-0,0541;0,6114;-0,5175;0,6391
"cha";14;-0,3838;-0,0381;0,6627;-0,2734;-0,0758;0,667;-0,4129;0,3126
"analysing";11;-0,3016;-0,0299;-0,0837;-0,2148;-0,0595;-0,9116;0,254;1,4456
"jr";10;0,9156;-0,0272;-0,0761;1,1624;-0,0541;0,6114;-0,9208;-0,6219
"clark";17;-0,1422;-0,0463;-0,1293;1,4388;-0,092;-0,3841;0,5434;-0,8
"mood";10;-0,2741;-0,0272;-0,0761;-0,1953;-0,0541;-0,8287;1,6761;-0,2851
"zan";15;-0,4112;-0,0408;1,5648;0,3093;-0,0812;-1,2431;-0,2955;0,8138
"iniciación";14;-0,3838;-0,0381;-0,1065;-0,2734;-0,0758;0,3476;0,3956;0,3126
"contraproducente";14;-0,3838;-0,0381;-0,1065;-0,2734;-0,0758;-0,259;-0,4129;1,3967
"incorrectos";12;-0,329;-0,0327;-0,0913;-0,2343;-0,0649;0,4588;0,6529;-0,4162
"potencien";13;0,2519;-0,0354;-0,0989;-0,2539;-0,0703;-0,5053;0,2816;0,6739
"acotar";13;-0,3564;-0,0354;-0,0989;-0,2539;-0,0703;-0,5053;1,265;-0,2392
"condicional";15;0,2132;-0,0408;-0,1141;0,3093;0,7683;-0,2989;-0,8258;0,8138
"bucle";12;0,2748;-0,0327;-0,0913;-0,2343;-0,0649;-0,9945;1,0452;-0,1927
"reas";11;-0,3016;-0,0299;-0,0837;-0,2148;-0,0595;-0,9116;0,4901;0,9267
"diferenciación";28;0,6133;-0,0762;-0,213;-0,5468;-0,1515;-0,9476;0,3575;0,8384
"sintáctico";10;-0,2741;-0,0272;-0,0761;-0,1953;0,9312;-0,337;0,6454;-0,2851
"logic";17;-0,1422;-0,0463;-0,1293;1,4388;-0,092;0,4678;-1,5898;0,6165
"position";14;-0,3838;-0,0381;-0,1065;-0,2734;-0,0758;-1,1602;0,6621;0,9363
"shape";10;-0,2741;-0,0272;-0,0761;-0,1953;-0,0541;0,2678;-0,5175;1,0923
"mitiga";10;-0,2741;-0,0272;-0,0761;-0,1953;-0,0541;-0,337;0,6454;0,3175
"requie";11;-0,3016;-0,0299;0,7564;-0,2148;-0,0595;-0,9116;0,838;0,2581
"estruc";14;-0,3838;-0,0381;1,622;-0,2734;-0,0758;0,667;-0,6952;0,3126
"acercamiento";42;-1,1514;0,6355;-0,3194;-0,8202;0,3899;-1,8005;1,047;1,0652
"conse";20;-0,5483;-0,0544;0,5294;-0,3906;0,6564;-0,2737;-0,3223;0,6545
"incipientes";12;-0,329;-0,0327;-0,0913;-0,2343;-0,0649;0,4588;0,372;-0,1927
"angular";16;0,1967;-0,0436;0,6119;0,8108;-0,0866;0,2647;-0,6225;-0,2063
"refinamiento";23;0,7866;-0,0626;-0,1749;-0,4492;1,486;-0,6752;0,2426;0,2662
"acorde";55;-1,5078;0,5352;-0,4183;-0,5263;0,8281;-0,866;1,7313;-0,3339
"auxiliar";15;0,2132;-0,0408;-0,1141;0,3093;-0,0812;0,5919;-0,2955;-0,3439
"seno";14;-0,3838;-0,0381;-0,1065;-0,2734;-0,0758;0,3476;-0,2234;0,5763
"concep";26;-0,7128;-0,0708;-0,1978;-0,5077;-0,1407;-1,3441;1,7154;0,4883
"eventualmente";22;-0,6031;-0,0599;-0,1673;-0,4296;-0,1191;0,7701;-0,4769;0,7746
"james";25;1,1986;-0,0681;-0,1901;1,021;-0,1353;-0,2549;-1,4228;0,5486
"hard";15;-0,4112;-0,0408;0,6363;-0,2929;-0,0812;-1,2431;0,5265;0,8138
"solving";25;-0,2656;-0,0681;0,4503;1,6466;0,5724;-1,2756;-0,7572;0,8068
"educator";14;-0,3838;-0,0381;-0,1065;-0,2734;-0,0758;-0,5644;-0,2234;1,3967
"gros";13;-0,3564;-0,0354;-0,0989;-0,2539;-0,0703;1,2239;0,2816;-0,4873
"lima";21;0,8728;-0,0572;-0,1597;-0,4101;-0,1136;0,5296;-0,3962;-0,2543
"potenciado";28;1,0513;-0,0762;-0,213;-0,5468;-0,1515;-0,5877;0,3575;0,3857
"usabilidad";16;0,1967;-0,0436;-0,1217;-0,3125;-0,0866;0,526;0,6723;-0,7181
"estricto";47;-0,6797;1,4552;0,2511;0,4663;-0,2543;-1,5742;1,4494;-0,4783
"validado";23;0,382;-0,0626;-0,1749;-0,4492;-0,1245;0,7033;0,8469;-1,3296
"innovations";22;-0,6031;-0,0599;-0,1673;-0,4296;-0,1191;0,7701;-0,4769;0,7746
"modeling";20;-0,186;-0,0544;0,5294;0,2268;1,5998;-0,2737;-1,1271;0,6545
"healthcare";20;-0,5483;-0,0544;-0,1521;1,2565;-0,1082;-0,2737;-1,5684;1,8295
"medicine";16;-0,4386;-0,0436;-0,1217;-0,3125;-0,0866;0,2647;0,2365;0,7081
"radford";11;-0,3016;-0,0299;-0,0837;-0,2148;-0,0595;0,2262;-0,3537;0,9267
"xu";12;-0,329;-0,0327;-0,0913;-0,2343;-0,0649;-0,1856;-0,79;1,8236
"granada";20;-0,5483;-0,0544;-0,1521;-0,3906;-0,1082;-0,9411;0,4572;1,3642
"sidades";20;-0,5483;-0,0544;0,5294;-0,3906;-0,1082;-0,2737;0,9989;-0,392
"incorpo";12;-0,329;-0,0327;0,7223;-0,2343;-0,0649;-0,4476;0,372;0,4456
"cidades";11;-0,3016;-0,0299;-0,0837;-0,2148;-0,0595;-0,3914;0,4901;0,533
"ray";24;-0,6579;-0,0653;-0,1825;-0,1457;-0,1299;0,6424;-0,4428;0,6158
"escalable";17;-0,1422;-0,0463;-0,1293;0,7686;-0,092;-0,3841;0,3298;-0,2479
"cotton";17;-0,466;-0,0463;-0,1293;-0,332;-0,092;1,2218;-0,739;0,6165
"agilidad";10;-0,2741;-0,0272;1,9079;-0,1953;-0,0541;-0,337;0,6454;-0,6219
"desacuerdo";52;-0,7832;-0,1416;-0,3955;-1,0155;-0,2814;-1,037;0,5418;1,9308
"ratio";14;-0,3838;-0,0381;-0,1065;-0,2734;-0,0758;1,6352;-1,6372;0,9363
"latente";12;0,2748;-0,0327;-0,0913;-0,2343;0,8573;-0,9945;0,6529;-0,1927
"za";27;-0,7402;-0,0735;0,4239;0,476;-0,1461;-0,5441;0,8619;-0,3375
"graduate";10;-0,2741;-0,0272;-0,0761;-0,1953;-0,0541;-0,337;-0,5175;1,6852
"cognition";12;-0,329;-0,0327;-0,0913;0,3798;-0,0649;0,4588;0,6529;-0,8121
"relevant";31;-0,8498;-0,0844;-0,2358;-0,2205;-0,1678;-0,4507;0,6491;0,6226
"informatics";15;-0,4112;-0,0408;-0,1141;0,3093;-0,0812;0,3032;0,3066;0,262
"quick";12;-0,329;-0,0327;-0,0913;-0,2343;-0,0649;1,3695;-0,24;-0,4162
"tips";18;-0,4935;-0,049;-0,1369;-0,3515;-0,0974;1,1122;-0,8623;0,8405
"best";61;-1,6723;-0,1661;-0,464;0,886;-0,3301;1,552;-0,6429;0,3211
"full";15;0,6329;-0,0408;-0,1141;0,3093;-0,0812;-0,6247;-0,5136;0,8138
"4018";15;-0,4112;-0,0408;-0,1141;-0,2929;-0,0812;-0,2989;-0,2955;1,2276
"scope";18;-0,4935;-0,049;-0,1369;-0,3515;-0,0974;-0,4292;0,2592;1,2234
"cyber";18;-0,4935;-0,049;-0,1369;0,2558;-0,0974;-0,4292;-0,3473;1,2234
"rovira";14;-0,3838;-0,0381;-0,1065;-0,2734;-0,0758;-1,1602;1,4955;0,3126
"virgili";11;-0,3016;-0,0299;-0,0837;-0,2148;-0,0595;-0,9116;1,3183;0,2581
"daily";16;-0,4386;1,0203;-0,1217;-0,3125;-0,0866;-1,326;0,2365;1,5434
"productivity";16;0,1967;-0,0436;0,6119;-0,3125;-0,0866;-1,326;0,4175;0,7081
"offered";11;-0,3016;-0,0299;-0,0837;-0,2148;-0,0595;-0,9116;1,3183;0,2581
"transform";19;-0,5209;-0,0517;0,5481;-0,371;-0,1028;1,0135;-0,4284;0,2645
"spaces";11;-0,3016;-0,0299;-0,0837;-0,2148;0,8925;-0,9116;0,4901;0,533
"ture";10;-0,2741;-0,0272;-0,0761;1,1624;-0,0541;-0,8287;0,6454;-0,2851
"ios";15;1,9556;-0,0408;-0,1141;-0,2929;-0,0812;0,5919;-0,5136;-0,6385
"city";21;-0,5757;-0,0572;-0,1597;0,2139;-0,1136;1,2353;-0,6124;0,3533
"increase";15;-0,4112;-0,0408;-0,1141;-0,2929;-0,0812;-0,2989;-0,5136;1,7377
"record";23;-0,6305;-0,0626;-0,1749;-0,1357;-0,1245;-1,9061;0,8469;0,9956
"interventions";13;-0,3564;-0,0354;-0,0989;-0,2539;-0,0703;-0,2212;-0,5723;1,5931
"manufacturing";12;-0,329;-0,0327;-0,0913;-0,2343;-0,0649;0,8518;-1,2688;1,2467
"connected";18;-0,1564;-0,049;-0,1369;-0,3515;-0,0974;-0,8119;1,0031;0,3093
"mon";13;-0,3564;-0,0354;0,6912;0,3539;-0,0703;-1,0774;1,265;-0,4873
"points";10;0,3297;-0,0272;-0,0761;-0,1953;-0,0541;-0,8287;0,6454;0,3175
"off";13;-0,3564;-0,0354;-0,0989;-0,2539;-0,0703;-0,5053;0,5087;0,6739
"show";16;-0,4386;-0,0436;-0,1217;-0,3125;1,7852;-0,6861;-0,6225;1,5434
"download";13;-0,3564;-0,0354;-0,0989;-0,2539;0,8252;-0,5053;0,5087;0,3731
"efficient";10;-0,2741;-0,0272;-0,0761;0,4411;-0,0541;1,1009;-0,2604;-0,6219
"lives";11;-0,3016;-0,0299;-0,0837;1,0878;-0,0595;0,2262;0,254;-0,3487
"intro";10;-0,2741;-0,0272;0,7941;0,4411;-0,0541;-0,337;-0,2604;0,3175
"diaz";16;-0,4386;-0,0436;-0,1217;-0,3125;-0,0866;-0,3406;0,4175;0,7081
"database";12;-0,329;-0,0327;0,7223;-0,2343;-0,0649;-0,1856;-0,4581;0,7892
"pub";11;0,8457;1,1763;-0,0837;-0,2148;-0,0595;-0,3914;-1,7362;1,4456
"synthesis";12;-0,329;-0,0327;1,7516;-0,2343;0,8573;-0,4476;0,372;-0,4162
"considers";10;-0,2741;-0,0272;-0,0761;-0,1953;-0,0541;0,6114;-0,9208;1,0923
"directly";11;-0,3016;-0,0299;-0,0837;0,4087;-0,0595;-0,9116;-0,3537;1,4456
"agrawal";17;-0,466;-0,0463;-0,1293;1,4388;-0,092;-0,3841;-1,5898;1,8801
"zhou";17;-0,466;-0,0463;-0,1293;0,2721;-0,092;-0,3841;0,5434;0,3615
"casar";33;-0,4063;-0,0898;-0,251;0,7549;-0,1786;-0,5255;-0,4037;0,9812
"start";25;-0,6854;-0,0681;-0,1901;-0,4882;1,4191;-0,2549;0,606;-0,2593
"detection";21;-0,5757;-0,0572;-0,1597;0,2139;0,6378;0,5296;-1,2674;1,2279
"santander";13;0,2519;-0,0354;-0,0989;-0,2539;-0,0703;-0,5053;0,8316;-0,2392
"martí";12;0,2748;-0,0327;-0,0913;-0,2343;-0,0649;-0,4476;-0,4581;1,2467
"transactions";19;-0,5209;-0,0517;0,5481;1,313;0,6761;-0,241;-1,4098;0,7417
"1002";28;-0,7676;-0,0762;-0,213;-0,5468;-0,1515;-0,5877;1,3188;0,3857
"switzerland";15;-0,4112;1,047;-0,1141;1,585;-0,0812;-0,6247;-0,8258;0,8138
"electrical";10;-0,2741;-0,0272;-0,0761;-0,1953;-0,0541;-0,8287;0,6454;0,6391
"electronics";12;-0,329;-0,0327;-0,0913;0,3798;-0,0649;-0,4476;0,6529;-0,1927
"504";10;0,3297;-0,0272;-0,0761;-0,1953;-0,0541;-0,8287;0,3459;0,6391
"hui";13;-0,3564;-0,0354;-0,0989;1,7583;-0,0703;-0,5053;-0,9382;1,079
"android";15;-0,4112;-0,0408;-0,1141;-0,2929;-0,0812;0,5919;0,8301;-0,6385
"aware";14;-0,3838;-0,0381;0,6627;-0,2734;0,7957;-1,1602;-0,2234;0,9363
"gupta";13;-0,3564;-0,0354;1,684;-0,2539;-0,0703;0,7529;-1,4508;0,6739
"construction";14;-0,3838;-0,0381;-0,1065;0,9064;0,7957;-1,1602;-0,6952;1,3967
"ali";17;-0,466;-0,0463;1,4624;-0,332;-0,092;0,4678;-0,2741;-0,2479
"secure";10;0,3297;-0,0272;-0,0761;-0,1953;-0,0541;0,2678;-0,9208;1,0923
"cao";13;-0,3564;-0,0354;-0,0989;0,3539;-0,0703;0,399;-0,9382;1,079
"1974";26;0,6764;-0,0708;-0,1978;0,9816;-0,1407;0,536;-0,6096;-0,485
"bozkurt";15;-0,4112;-0,0408;-0,1141;-0,2929;-0,0812;-1,2431;0,8301;0,8138
"zheng";21;-0,5757;-0,0572;-0,1597;0,6282;-0,1136;0,5296;0,3719;-0,4458
"ke";16;1,8519;-0,0436;-0,1217;1,509;-0,0866;-0,6861;0,2365;-1,2144
"entramado";10;-0,2741;-0,0272;-0,0761;-0,1953;-0,0541;-0,8287;1,0789;0,3175
"breakout";11;-0,3016;-0,0299;-0,0837;-0,2148;-0,0595;-0,9116;1,3183;0,2581
"escapar";13;0,2519;-0,0354;-0,0989;-0,2539;-0,0703;0,399;0,2816;-0,2392
"zhai";26;-0,7128;-0,0708;-0,1978;-0,5077;-0,1407;-0,836;0,5102;1,3701
"obje";15;-0,4112;-0,0408;-0,1141;-0,2929;-0,0812;-0,2989;0,3066;0,8138
"visar";16;-0,4386;-0,0436;0,6119;0,8108;0,7429;0,8861;-0,6225;-0,7181
"cauteloso";21;0,8728;-0,0572;0,5118;0,2139;-0,1136;-0,5731;-0,2401;-0,2543
"lazo";11;0,3005;-0,0299;-0,0837;-0,2148;-0,0595;-0,9116;0,838;0,2581
"delicado";25;1,7891;-0,0681;0,4503;1,021;-0,1353;-0,7814;-1,4228;0,5486
"cifrar";14;0,2315;-0,0381;0,6627;-0,2734;1,8983;-0,5644;-0,6952;0,5763
"bandera";12;-0,329;-0,0327;0,7223;-0,2343;-0,0649;-0,1856;-0,24;0,4456
"infancia";43;0,5719;-0,1171;-0,3271;-0,8397;0,3822;0,4865;-0,7713;0,7574
"reproducción";58;-0,9107;-0,1579;-0,1348;-1,1327;0,2886;0,7053;1,114;-0,7639
"perpetúan";11;-0,3016;-0,0299;-0,0837;0,4087;-0,0595;0,2262;0,254;0,2581
"fusionar";11;0,3005;-0,0299;-0,0837;0,4087;-0,0595;0,2262;-0,3537;0,2581
"máticas";13;-0,3564;-0,0354;-0,0989;-0,2539;-0,0703;-0,5053;1,265;-0,2392
"felipe";12;-0,329;-0,0327;0,7223;-0,2343;-0,0649;-0,9945;0,6529;0,4456
"casto";29;-0,795;-0,079;-0,2206;-0,5663;0,5182;-0,2153;-0,3048;1,044
"liga";16;1,1519;-0,0436;-0,1217;-0,3125;-0,0866;-1,326;1,4437;-0,7181
"contex";11;-0,3016;-0,0299;-0,0837;-0,2148;-0,0595;0,5288;0,4901;-0,3487
"jetivo";10;-0,2741;-0,0272;-0,0761;-0,1953;-0,0541;-0,8287;0,6454;0,6391
"fiel";29;-0,3342;-0,079;-0,2206;-0,5663;-0,1569;-0,6325;1,4898;-0,2634
"jaque";10;-0,2741;-0,0272;-0,0761;-0,1953;-0,0541;0,6114;-1,5268;1,6852
"profesoras";24;-0,6579;-0,0653;-0,1825;-0,4687;-0,1299;0,9642;0,3207;-0,224
"vislumbrar";32;-0,8773;-0,0871;0,9738;-0,6249;-0,1732;0,5006;0,5581;-0,3761
"descentralizar";10;0,3297;-0,0272;-0,0761;0,4411;-0,0541;0,6114;-0,5175;-0,2851
"568";11;-0,3016;-0,0299;-0,0837;-0,2148;-0,0595;0,2262;0,4901;0,2581
"tolerancia";11;0,3005;-0,0299;0,7564;-0,2148;-0,0595;0,2262;-0,6493;0,533
"conceptualizing";10;-0,2741;-0,0272;-0,0761;-0,1953;-0,0541;-0,8287;0,3459;1,0923
"vega";28;-0,7676;-0,0762;0,4116;-0,5468;-0,1515;-0,5877;0,3575;1,1433
"1126";10;-0,2741;-0,0272;-0,0761;-0,1953;-0,0541;0,6114;-0,2604;0,3175
"mito";29;0,5844;0,7793;1,0462;-0,1983;0,5182;0,9326;-0,901;-0,9585
"inquiry";12;-0,329;-0,0327;0,7223;-0,2343;-0,0649;-0,1856;0,372;-0,1927
"yale";12;1,479;-0,0327;-0,0913;-0,2343;-0,0649;0,8518;-0,79;-0,4162
"herencia";10;0,9156;-0,0272;-0,0761;-0,1953;-0,0541;-0,337;-0,2604;0,3175
"pueblo";39;-0,52;-0,1062;-0,2966;-0,3154;0,4147;1,9264;-0,4812;-0,4958
"interrelación";12;-0,329;-0,0327;-0,0913;-0,2343;-0,0649;0,8518;0,372;-0,4162
"disciplinar";34;-0,4248;-0,0926;-0,2586;-0,664;-0,184;0,424;1,0192;-0,4615
"simbiosis";10;-0,2741;-0,0272;-0,0761;-0,1953;-0,0541;-0,337;-0,5175;1,6852
"conceptualizar";15;-0,4112;-0,0408;-0,1141;-0,2929;-0,0812;1,481;0,5265;-1,1116
"óptico";26;1,1467;-0,0708;0,4368;0,4977;1,3878;-1,3441;-0,6096;0,3049
"pedagogos";10;-0,2741;-0,0272;-0,0761;-0,1953;-0,0541;0,2678;0,3459;0,3175
"inaugurar";18;-0,1564;-0,049;0,568;-0,3515;-0,0974;-1,4917;0,6832;0,5367
"primavera";12;0,2748;-0,0327;-0,0913;-0,2343;-0,0649;0,8518;-0,79;0,4456
"oralidad";10;-0,2741;-0,0272;-0,0761;-0,1953;-0,0541;1,7352;-0,5175;-0,2851
"rubio";21;-0,5757;-0,0572;-0,1597;-0,4101;-0,1136;-1,0068;1,5783;0,3533
"preexistentes";17;-0,1422;-0,0463;1,4624;-0,332;-0,092;0,4678;-0,4668;-0,2479
"yi";11;-0,3016;-0,0299;-0,0837;-0,2148;-0,0595;0,2262;0,254;0,533
"precepto";10;-0,2741;-0,0272;-0,0761;-0,1953;-0,0541;1,1009;-0,2604;-0,2851
"pedagogías";29;-0,795;-0,079;-0,2206;0,4359;0,5182;1,2837;-0,4562;-0,4249
"generalizado";48;-0,3657;0,5853;-0,3651;-0,1897;-0,2598;-1,6322;1,5922;-0,2502
"estímulo";45;0,8573;-0,1225;-0,3423;-0,8788;0,3673;0,2737;1,1805;-1,3821
"tradicio";11;-0,3016;-0,0299;0,7564;-0,2148;-0,0595;-0,3914;0,838;-0,3487
"inclusividad";10;-0,2741;-0,0272;-0,0761;0,4411;-0,0541;0,2678;0,3459;-0,2851
"utilizarlos";28;0,6133;-0,0762;1,0724;-0,1874;0,5309;0,2594;-0,5676;-0,3801
"levantar";20;1,5111;-0,0544;-0,1521;-0,3906;-0,1082;1,8419;-0,5169;-1,6364
"convención";34;0,4615;-0,0926;-0,2586;-0,664;-0,184;0,9116;0,776;-1,3356
"tido";16;-0,4386;-0,0436;1,5118;0,2899;-0,0866;-1,326;-0,3769;1,0809
"perpetuación";11;-0,3016;-0,0299;0,7564;0,4087;-0,0595;-0,3914;0,4901;-0,3487
"dimen";10;-0,2741;-0,0272;-0,0761;-0,1953;-0,0541;-0,337;1,0789;-0,2851
"articula";13;-0,3564;-0,0354;-0,0989;0,3539;-0,0703;-0,2212;-0,3214;0,6739
"cáceres";12;-0,329;-0,0327;-0,0913;-0,2343;-0,0649;0,4588;-0,24;0,4456
"asimilar";27;-0,7402;-0,0735;-0,2054;-0,5273;-0,1461;0,4895;0,8619;-0,3375
"esforzarse";10;0,3297;-0,0272;0,7941;-0,1953;-0,0541;-0,8287;0,3459;0,3175
"doras";10;-0,2741;-0,0272;1,9079;0,4411;-0,0541;-0,8287;0,3459;-0,2851
"prioriza";22;-0,6031;-0,0599;0,4952;0,2019;-0,1191;-1,0731;0,9975;0,3069
"proactivo";32;-0,388;-0,0871;0,3675;-0,6249;-0,1732;-0,2926;1,3079;-0,572
"conjuntamente";36;-0,4624;-0,098;0,8892;0,6783;-0,1948;-0,9716;1,6247;-1,1032
"considerablemente";25;-0,6854;-0,0681;1,1581;-0,1558;-0,1353;1,6919;-0,7572;-0,4339
"pragmático";10;0,3297;-0,0272;-0,0761;-0,1953;-0,0541;-0,8287;0,3459;0,6391
"reacción";72;0,5567;-0,196;-0,1912;-0,7714;-0,3896;-0,2902;-0,8751;1,5783
"desviar";10;-0,2741;-0,0272;-0,0761;-0,1953;0,9312;0,2678;-0,5175;0,6391
"multifacética";14;0,2315;-0,0381;-0,1065;-0,2734;-0,0758;-0,259;0,3956;0,3126
"gra";13;-0,3564;-0,0354;1,684;-0,2539;-0,0703;-0,5053;-0,9382;1,5931
"rencia";20;-0,5483;-0,0544;0,5294;0,6597;-0,1082;-0,9411;0,6944;-0,2163
"culminar";23;-0,6305;-0,0626;-0,1749;1,1069;-0,1245;-0,3813;0,3914;0,2662
"adaptándolas";10;-0,2741;-0,0272;-0,0761;-0,1953;-0,0541;-0,337;-0,2604;1,0923
"tunidades";29;-0,795;-0,079;1,0462;-0,5663;-0,1569;1,2837;0,4452;-0,9585
"comprobación";27;0,3027;-0,0735;-0,2054;-0,5273;0,5441;-1,4131;1,1554;0,2674
"concretar";35;-0,9595;-0,0953;0,3389;-0,6835;0,4517;-0,9207;1,158;0,4135
"maker";14;-0,3838;-0,0381;-0,1065;0,3305;-0,0758;-0,259;-0,4129;0,9363
"plasmar";25;0,3396;0,8385;-0,1901;-0,1558;-0,1353;-1,2756;1,1586;-0,4339
"cuestionamiento";58;-0,5182;-0,1579;1,0972;-0,5683;0,2886;0,3695;-0,9567;1,1315
"adición";14;0,2315;-0,0381;-0,1065;-0,2734;-0,0758;-0,5644;1,4955;-0,5615
"abundante";15;1,2225;-0,0408;-0,1141;-0,2929;-0,0812;0,5919;-0,8258;0,262
"provee";21;-0,5757;-0,0572;0,5118;1,2035;-0,1136;-0,3081;-0,2401;-0,2543
"sar";15;-0,4112;-0,0408;1,5648;-0,2929;0,7683;0,5919;-0,2955;-0,6385
"contradicción";21;-0,5757;-0,0572;-0,1597;-0,4101;-0,1136;1,2353;-0,3962;0,3533
"disruptivas";26;0,6764;-0,0708;-0,1978;0,4977;-0,1407;-0,836;-0,2658;0,4883
"retomando";10;-0,2741;-0,0272;-0,0761;-0,1953;-0,0541;-0,8287;1,0789;0,3175
"prevalecer";24;-0,6579;-0,0653;-0,1825;0,5452;-0,1299;0,6424;-0,6579;0,6158
"ideación";15;-0,4112;-0,0408;-0,1141;-0,2929;-0,0812;-1,2431;1,2287;0,4932
"afinar";17;-0,466;-0,0463;-0,1293;-0,332;-0,092;-0,7486;1,2033;0,3615
"tangibles";23;-0,6305;-0,0626;-0,1749;-0,4492;-0,1245;0,2333;1,1642;-0,3389
"rahman";14;-0,3838;-0,0381;-0,1065;-0,2734;-0,0758;1,0967;-0,4129;0,3126
"designer";12;-0,329;-0,0327;-0,0913;-0,2343;-0,0649;-0,9945;0,6529;0,7892
"superficie";17;1,0871;-0,0463;-0,1293;0,2721;-0,092;-0,7486;-0,739;0,9528
"aparicio";10;-0,2741;-0,0272;-0,0761;-0,1953;-0,0541;-0,8287;0,3459;1,0923
"recaer";29;-0,3342;-0,079;0,3999;-0,5663;0,5182;-0,3805;0,8702;-0,4249
"tadora";10;-0,2741;-0,0272;-0,0761;-0,1953;0,9312;-0,8287;1,6761;-0,6219
"frustración";29;-0,3342;0,7793;-0,2206;-0,5663;-0,1569;-0,3805;0,635;0,3422
"conocimien";18;-0,4935;-0,049;-0,1369;-0,3515;-0,0974;-0,21;0,2592;0,8405
"bioinformática";13;-0,3564;-0,0354;0,6912;0,3539;1,9616;-0,2212;0,2816;-0,9103
"tecnologia";47;-1,2885;-0,128;0,2511;-0,9178;0,3533;1,9571;-0,2831;-0,4783
"chollet";11;-0,3016;-0,0299;-0,0837;-0,2148;-0,0595;-0,9116;1,9597;-0,3487
"escalabilidad";22;-0,2169;-0,0599;0,4952;-0,4296;0,6202;-1,0731;0,9975;-0,2953
"priorizando";20;-0,5483;-0,0544;0,5294;-0,3906;0,6564;-0,9411;0,9989;-0,2163
"scholar";34;-0,4248;-0,0926;-0,2586;-0,664;-0,184;-0,5644;1,6364;-0,3003
"subyacen";18;-0,4935;-0,049;-0,1369;-0,3515;0,697;-0,8119;1,4057;-0,2929
"máticos";10;-0,2741;-0,0272;-0,0761;-0,1953;0,9312;-0,8287;-0,5175;1,6852
"asar|asir";10;-0,2741;-0,0272;0,7941;-0,1953;-0,0541;-0,8287;0,6454;0,3175
"predictivas";13;-0,3564;-0,0354;-0,0989;-0,2539;-0,0703;-0,2212;0,5087;0,3731
"encriptación";12;1,479;-0,0327;-0,0913;-0,2343;-0,0649;-0,9945;-1,2688;1,8236
"opacidad";37;-0,4815;-0,1007;0,3216;0,3114;-0,2002;-1,4841;0,5096;0,9301
"desmitificar";15;0,2132;-0,0408;-0,1141;0,3093;-0,0812;-1,2431;0,5265;0,4932
"opacos";13;-0,3564;-0,0354;0,6912;0,961;-0,0703;-0,2212;-0,3214;-0,2392
"prudente";15;0,6329;-0,0408;-0,1141;-0,2929;-0,0812;1,481;-0,8258;-0,3439
"geométrico";21;-0,5757;0,9089;-0,1597;0,2139;-0,1136;0,5296;0,8406;-1,1468
"tán";10;-0,2741;-0,0272;0,7941;-0,1953;-0,0541;-0,337;-0,9208;1,6852
"curar";19;0,4875;-0,0517;-0,1445;0,6934;-0,1028;0,3707;-0,6696;0,2645
"porción";12;0,7837;-0,0327;-0,0913;0,3798;-0,0649;-0,9945;-0,24;0,4456
"empujar";11;0,8457;-0,0299;0,7564;0,4087;-0,0595;-0,9116;-0,3537;0,2581
"resistir";32;-0,388;-0,0871;-0,2434;-0,6249;-0,1732;-0,4876;0,2625;1,393
"encabezar";24;0,7475;-0,0653;1,1894;-0,4687;0,5876;0,3905;-0,4428;-0,6223
"ramificaciones";13;-0,3564;-0,0354;-0,0989;-0,2539;-0,0703;-0,2212;0,8316;-0,2392
"nues";19;-0,5209;-0,0517;-0,1445;-0,371;0,6761;0,3707;0,8354;-0,5923
"extensivo";14;-0,3838;-0,0381;0,6627;0,3305;-0,0758;-1,1602;1,0241;-0,2897
"predominantemente";11;-0,3016;-0,0299;-0,0837;0,4087;-0,0595;-0,3914;-0,3537;0,9267
"subcampo";15;-0,4112;1,047;-0,1141;0,3093;0,7683;0,3032;-0,2955;-0,3439
"formador";19;-0,5209;-0,0517;-0,1445;-0,371;-0,1028;0,3707;1,1853;-0,5923
"incompleto";32;0,2286;-0,0871;-0,2434;0,3833;-0,1732;0,5006;0,5581;-0,8351
"digno";25;1,7891;-0,0681;-0,1901;-0,1558;1,4191;0,3527;-0,7572;-0,6857
"reconfigurar";10;-0,2741;-0,0272;0,7941;-0,1953;-0,0541;-0,8287;0,6454;0,3175
"tentes";14;-0,3838;-0,0381;0,6627;-0,2734;0,7957;0,3476;-0,2234;-0,2897
"estimulante";17;-0,466;-0,0463;-0,1293;-0,332;-0,092;0,4678;0,3298;0,3615
"identificador";16;0,1967;-0,0436;-0,1217;0,2899;-0,0866;-0,6861;-0,3769;1,0809
"gregory";13;-0,3564;-0,0354;1,684;0,3539;-0,0703;0,399;-1,4508;0,6739
"superintelligence";10;0,3297;-0,0272;-0,0761;0,4411;-0,0541;1,1009;-0,5175;-0,6219
"dangers";12;-0,329;-0,0327;-0,0913;-0,2343;-0,0649;1,3695;-0,24;-0,4162
"land";14;-0,3838;-0,0381;-0,1065;-0,2734;-0,0758;-1,1602;1,4955;0,3126
"road";15;1,9556;-0,0408;0,6363;0,3093;-0,0812;-0,6247;-0,5136;-0,3439
"1609";11;-0,3016;1,1763;-0,0837;0,4087;-0,0595;-0,3914;0,838;-0,7159
"departament";12;-0,329;-0,0327;-0,0913;-0,2343;-0,0649;0,4588;-0,24;0,4456
"perez";14;-0,3838;-0,0381;-0,1065;-0,2734;-0,0758;0,667;0,3956;-0,2897
"liza";13;-0,3564;-0,0354;1,684;-0,2539;-0,0703;-0,5053;0,8316;-0,4873
"erróneamente";12;-0,329;1,1399;-0,0913;1,858;-0,0649;-0,9945;-1,2688;1,2467
"guntas";28;-0,7676;-0,0762;-0,213;-0,5468;-0,1515;-0,5877;-0,2511;1,9149
"reconoci";11;-0,3016;-0,0299;1,8257;1,0878;-0,0595;-0,9116;0,254;-0,3487
"carbono";23;-0,6305;-0,0626;0,4794;-0,1357;-0,1245;-0,3813;1,5478;-0,8807
"altman";17;-0,1422;-0,0463;-0,1293;1,4388;-0,092;-0,3841;0,3298;-0,4623
"indicio";14;0,6782;-0,0381;0,6627;0,9064;-0,0758;-0,5644;-1,093;0,5763
"llorens";16;-0,4386;-0,0436;-0,1217;-0,3125;-0,0866;-1,326;0,4175;1,5434
"automa";11;-0,3016;-0,0299;0,7564;-0,2148;-0,0595;-0,9116;0,254;0,9267
"macías";13;-0,3564;-0,0354;0,6912;0,961;-0,0703;-1,0774;-0,3214;0,6739
"presidente";50;1,0785;-0,1361;0,6667;0,4224;-0,2706;-1,3;1,5909;-1,7502
"pregrado";27;0,3027;-0,0735;-0,2054;-0,5273;-0,1461;0,7544;0,8619;-1,1988
"abordarlos";15;0,2132;-0,0408;0,6363;-0,2929;-0,0812;0,3032;-0,2955;0,262
"concluyente";13;-0,3564;-0,0354;-0,0989;0,3539;1,9616;-0,2212;-0,3214;-0,2392
"admiración";14;-0,3838;-0,0381;-0,1065;-0,2734;-0,0758;1,6352;-0,4129;-0,2897
"reorientar";10;-0,2741;-0,0272;-0,0761;0,4411;-0,0541;1,1009;-1,5268;0,6391
"minoría";31;0,2416;-0,0844;-0,2358;1,9693;-0,1678;0,8036;-0,4285;-1,105
"lograrlo";30;-0,3519;-0,0817;1,0211;-0,2093;-0,1623;0,8657;-0,5308;-0,2989
"contextualizados";11;0,8457;-0,0299;-0,0837;-0,2148;-0,0595;0,5288;-0,6493;0,2581
"firefly";12;-0,329;-0,0327;-0,0913;-0,2343;-0,0649;-0,4476;1,5683;-0,4162
"fliki";11;-0,3016;-0,0299;-0,0837;-0,2148;-0,0595;0,5288;0,254;0,2581
"perfilar";22;-0,2169;-0,0599;0,4952;-0,4296;-0,1191;-1,0731;0,7058;0,5091
"quillbot";17;-0,466;-0,0463;-0,1293;-0,332;-0,092;-0,3841;1,668;-0,4623
"rrollar";10;-0,2741;-0,0272;0,7941;-0,1953;-0,0541;0,2678;-0,9208;1,0923
"agradecimiento";30;1,4699;-0,0817;-0,2282;-0,5859;0,506;-1,0624;1,3123;-1,031
"portante";10;-0,2741;-0,0272;0,7941;-0,1953;-0,0541;-0,8287;-0,2604;1,0923
"lideran";13;-0,3564;-0,0354;0,6912;0,3539;-0,0703;0,399;-0,3214;-0,2392
"pánico";11;0,3005;-0,0299;-0,0837;-0,2148;-0,0595;0,5288;0,254;-0,3487
"multidisciplinar";24;-0,6579;0,8549;-0,1825;-0,4687;-0,1299;-1,989;1,3399;0,6158
"dgtic";12;-0,329;-0,0327;-0,0913;-0,2343;-0,0649;0,4588;-0,79;1,2467
"direction";10;-0,2741;-0,0272;-0,0761;-0,1953;-0,0541;0,2678;-0,2604;0,6391
"gouverneur";12;-0,329;-0,0327;-0,0913;0,3798;-0,0649;-0,9945;1,0452;-0,1927
"s41239";44;-1,2062;-0,1198;-0,3347;-0,8593;-0,2381;0,4529;0,8338;0,3625
"duales";11;-0,3016;-0,0299;-0,0837;-0,2148;-0,0595;-0,9116;0,254;1,4456
"trimestre";23;0,7866;-0,0626;-0,1749;-0,4492;-0,1245;-0,3813;0,2426;0,4485
"gicas";15;-0,4112;-0,0408;0,6363;0,3093;-0,0812;-0,2989;0,8301;-0,6385
"fortuna";10;-0,2741;-0,0272;-0,0761;-0,1953;-0,0541;1,1009;-0,2604;-0,2851
"exploraron";10;0,3297;-0,0272;-0,0761;-0,1953;-0,0541;-0,8287;0,3459;0,6391
"canadá";35;0,7857;0,7055;0,3389;1,1785;-0,1894;0,5954;-0,539;-1,4151
"redondo";17;0,554;-0,0463;-0,1293;0,2721;-0,092;1,2218;-1,1067;-0,2479
"ticular";16;-0,4386;-0,0436;-0,1217;0,2899;-0,0866;0,8861;0,6723;-1,2144
"prospectiva";22;-0,6031;0,89;-0,1673;-0,4296;-0,1191;1,1368;0,3012;-0,5023
"synthesia";50;-1,3707;-0,1361;-0,3803;-0,9764;-0,2706;-0,9483;1,32;0,9777
"alineen";23;-0,6305;-0,0626;-0,1749;-0,1357;-0,1245;0,7033;0,2426;0,2662
"descrip";11;-0,3016;-0,0299;-0,0837;-0,2148;-0,0595;-0,3914;0,838;0,2581
"q1";10;-0,2741;-0,0272;-0,0761;-0,1953;-0,0541;0,6114;-0,2604;0,3175
"partnership";12;-0,329;-0,0327;-0,0913;0,3798;-0,0649;0,8518;-0,24;-0,4162
"bank";14;-0,3838;1,0756;1,622;0,9064;-0,0758;-1,1602;-0,2234;-0,2897
"gap";25;-0,2656;-0,0681;-0,1901;1,021;-0,1353;1,2571;-1,0543;-0,2593
"conde";16;0,5917;-0,0436;0,6119;-0,3125;-0,0866;-0,6861;-0,9632;1,5434
"castaño";10;-0,2741;-0,0272;0,7941;-0,1953;-0,0541;0,2678;-0,5175;0,6391
"chb";12;-0,329;-0,0327;-0,0913;-0,2343;-0,0649;-0,4476;1,0452;-0,1927
"dede";18;-0,4935;-0,049;1,4162;-0,3515;-0,0974;-0,4292;-0,5646;1,2234
"narrar";11;0,3005;-0,0299;-0,0837;-0,2148;-0,0595;0,2262;0,4901;-0,3487
"integradora";12;-0,329;-0,0327;-0,0913;1,0211;-0,0649;-0,9945;0,372;0,4456
"meticuloso";15;0,2132;-0,0408;-0,1141;-0,2929;-0,0812;-0,2989;0,8301;-0,3439
"fundamen";10;-0,2741;-0,0272;1,9079;-0,1953;-0,0541;-0,8287;-0,9208;1,6852
"armonioso";15;-0,4112;-0,0408;-0,1141;0,3093;-0,0812;-0,2989;1,2287;-0,6385
"dere";10;-0,2741;-0,0272;0,7941;0,4411;-0,0541;-0,8287;-0,5175;1,0923
"privar";19;-0,5209;-0,0517;1,3728;1,313;-0,1028;-1,5746;-0,4284;0,7417
"anonimización";18;-0,1564;-0,049;-0,1369;1,3736;-0,0974;-1,4917;1,0031;-0,526
"cualidad";47;1,1828;0,5931;-0,3575;-0,4179;-0,2543;-0,3822;0,7542;-0,8943
"compatible";42;-1,1514;-0,1143;-0,3194;0,2546;0,3899;0,3474;0,4705;0,2994
"recopila";23;-0,2328;-0,0626;-0,1749;-0,4492;-0,1245;1,4619;0,3914;-0,8807
"ajustarse";26;-0,2823;-0,0708;-0,1978;-0,1661;-0,1407;-0,5016;0,7291;0,3049
"intuitivas";11;0,3005;-0,0299;-0,0837;-0,2148;-0,0595;-0,9116;1,3183;-0,3487
"interdisciplinary";10;-0,2741;-0,0272;-0,0761;-0,1953;-0,0541;1,1009;-0,5175;0,3175
"advenimiento";17;-0,466;-0,0463;-0,1293;-0,332;-0,092;1,2218;-1,1067;0,9528
"nelson mandela";15;-0,4112;-0,0408;-0,1141;-0,2929;-0,0812;0,5919;0,8301;-0,6385
"repentino";10;-0,2741;-0,0272;0,7941;-0,1953;-0,0541;-0,337;-0,5175;1,0923
"enfren";10;-0,2741;-0,0272;-0,0761;-0,1953;-0,0541;-0,8287;0,6454;0,6391
"asemejan";10;-0,2741;-0,0272;-0,0761;-0,1953;-0,0541;0,2678;1,0789;-0,6219
"679";12;-0,329;-0,0327;-0,0913;0,3798;-0,0649;-0,9945;0,6529;0,4456
"esce";10;-0,2741;-0,0272;0,7941;-0,1953;-0,0541;0,2678;-0,9208;1,0923
"eric";29;-0,3342;-0,079;-0,2206;-0,1983;-0,1569;-0,3805;0,2973;0,7597
"intelli";18;-0,4935;-0,049;0,568;0,7296;-0,0974;-0,4292;-0,8623;1,2234
"gence";18;-0,4935;-0,049;0,568;1,3736;-0,0974;-0,8119;-0,8623;1,2234
"articulos";12;-0,329;-0,0327;-0,0913;-0,2343;-0,0649;-0,1856;0,6529;-0,1927
"retroalimen";16;-0,4386;-0,0436;-0,1217;-0,3125;-0,0866;-0,6861;1,4437;-0,2063
"cesar";10;-0,2741;-0,0272;0,7941;0,4411;-0,0541;0,2678;-0,2604;-0,2851
"paradoja";18;1,0273;-0,049;-0,1369;0,2558;-0,0974;-0,21;-1,7643;1,2234
"dinamismo";15;-0,4112;-0,0408;0,6363;0,3093;-0,0812;0,3032;-0,5136;0,4932
"complementen";19;-0,5209;-0,0517;0,5481;0,2408;-0,1028;-1,5746;0,5598;0,7417
"ojs";15;-0,4112;-0,0408;-0,1141;-0,2929;-0,0812;-1,2431;0,5265;1,2276
"challenging";10;-0,2741;-0,0272;-0,0761;-0,1953;-0,0541;1,7352;-0,5175;-0,2851
"48550";38;-1,0417;-0,1035;-0,289;-0,7421;-0,2056;1,6255;0,4401;-0,4531
"amar";13;-0,3564;-0,0354;0,6912;-0,2539;-0,0703;1,2239;-0,3214;-0,4873
"roca";14;-0,3838;-0,0381;-0,1065;-0,2734;-0,0758;0,667;-0,4129;0,5763
"17439884";19;-0,5209;-0,0517;-0,1445;-0,371;-0,1028;0,3707;0,8354;-0,341
"fast";12;-0,329;-0,0327;-0,0913;1,858;-0,0649;0,4588;-1,2688;0,4456
"eurasia";10;-0,2741;-0,0272;-0,0761;0,4411;-0,0541;-0,8287;0,6454;0,3175
"lozano";12;-0,329;-0,0327;-0,0913;-0,2343;-0,0649;-0,9945;1,0452;0,4456
"rígidas";10;0,9156;-0,0272;-0,0761;0,4411;-0,0541;0,2678;-0,9208;0,3175
"kung";10;-0,2741;-0,0272;-0,0761;-0,1953;-0,0541;0,6114;-0,5175;0,6391
"diana";13;-0,3564;-0,0354;-0,0989;-0,2539;-0,0703;0,399;-0,3214;0,6739
"generamos";13;1,3849;-0,0354;-0,0989;-0,2539;-0,0703;-1,0774;0,2816;0,3731
"briefing";11;-0,3016;-0,0299;-0,0837;0,4087;-0,0595;1,538;-0,6493;-0,3487
"vario";11;-0,3016;-0,0299;-0,0837;0,4087;-0,0595;0,5288;-0,6493;0,533
"rose";19;0,972;-0,0517;-0,1445;0,2408;-0,1028;-0,8761;-0,9919;1,5166
"autodirigido";19;-0,5209;-0,0517;-0,1445;0,2408;-0,1028;-0,4758;-0,2559;1,0908
"podar";10;-0,2741;-0,0272;-0,0761;-0,1953;0,9312;-0,8287;0,6454;0,3175
"trayecto";16;1,1519;-0,0436;-0,1217;-0,3125;-0,0866;-0,3406;1,0109;-1,2144
"antonio";84;-0,6249;-0,2287;1,23;-0,5527;-0,1421;-0,4116;-0,4648;1,0291
"subjects";31;-0,8498;-0,0844;0,3778;-0,6054;-0,1678;-1,693;0,6491;1,5086
"rise";14;0,2315;-0,0381;-0,1065;-0,2734;-0,0758;0,3476;0,3956;-0,2897
"www3";10;0,9156;-0,0272;-0,0761;1,1624;-0,0541;0,2678;-0,9208;-0,2851
"scoping";14;-0,3838;-0,0381;-0,1065;-0,2734;-0,0758;0,3476;-0,4129;0,9363
"park";16;1,1519;-0,0436;-0,1217;-0,3125;-0,0866;0,8861;0,2365;-1,2144
"sortear";11;-0,3016;-0,0299;-0,0837;0,4087;-0,0595;-0,3914;-0,3537;0,9267
"castells";13;-0,3564;-0,0354;-0,0989;-0,2539;-0,0703;0,7529;0,5087;-0,4873
"paulatinamente";13;-0,3564;-0,0354;-0,0989;-0,2539;-0,0703;0,7529;0,2816;-0,2392
"modela";10;-0,2741;-0,0272;-0,0761;0,4411;-0,0541;-0,337;0,6454;-0,2851
"rector";50;-1,3707;-0,1361;-0,3803;1,6595;-0,2706;-0,6753;0,6845;0,2974
"recuento";23;-0,6305;-0,0626;-0,1749;-0,4492;-0,1245;-1,9061;0,591;1,7978
"unilateral";12;0,2748;-0,0327;0,7223;1,858;-0,0649;-0,9945;-1,9486;1,2467
"feminista";11;-0,3016;-0,0299;-0,0837;1,9686;-0,0595;0,2262;-1,0919;0,533
"confort";11;-0,3016;-0,0299;-0,0837;-0,2148;-0,0595;-0,3914;0,838;0,2581
"precario";10;-0,2741;-0,0272;-0,0761;-0,1953;-0,0541;1,1009;0,3459;-0,6219
"conti";13;-0,3564;-0,0354;0,6912;-0,2539;-0,0703;-1,0774;-0,3214;1,5931
"sensorial";14;1,2998;-0,0381;-0,1065;0,3305;-0,0758;-1,1602;0,6621;-0,5615
"redalyc";15;-0,4112;-0,0408;-0,1141;-0,2929;-0,0812;-0,2989;0,5265;0,4932
"lifelong";22;-0,6031;-0,0599;0,4952;0,2019;-0,1191;0,262;0,9975;-0,8055
"sharing";28;-0,3167;-0,0762;-0,213;-0,5468;-0,1515;-0,9476;1,6893;-0,2302
"elaboration";12;-0,329;-0,0327;-0,0913;-0,2343;-0,0649;-0,9945;0,6529;0,7892
"enabling";12;-0,329;-0,0327;-0,0913;0,3798;-0,0649;-0,1856;-0,79;1,2467
"edge";15;-0,4112;-0,0408;-0,1141;0,3093;-0,0812;0,9849;0,3066;-0,6385
"empowering";13;-0,3564;-0,0354;-0,0989;0,3539;-0,0703;-0,5053;-0,5723;1,5931
"formats";12;-0,329;-0,0327;-0,0913;-0,2343;-0,0649;-0,9945;1,5683;-0,1927
"collaboratively";10;-0,2741;-0,0272;-0,0761;-0,1953;-0,0541;1,1009;-0,9208;0,6391
"read";23;-0,2328;-0,0626;-0,1749;-0,4492;-0,1245;0,4322;-1,1513;1,7978
"plans";16;-0,4386;-0,0436;-0,1217;0,2899;0,7429;-0,3406;-0,9632;1,5434
"alt";10;0,3297;-0,0272;-0,0761;-0,1953;-0,0541;-0,8287;1,6761;-0,6219
"tversky";10;0,9156;-0,0272;-0,0761;-0,1953;-0,0541;-0,8287;-0,5175;1,0923
"1973";17;0,554;-0,0463;-0,1293;-0,332;-0,092;0,2313;0,3298;-0,2479
"calar";10;0,3297;-0,0272;-0,0761;-0,1953;-0,0541;0,6114;-0,5175;0,3175
"descuidar";14;-0,3838;-0,0381;-0,1065;1,6677;-0,0758;-0,5644;-0,4129;0,5763
"core";16;-0,4386;-0,0436;-0,1217;-0,3125;-0,0866;-0,6861;0,6723;0,7081
"ahondar";15;-0,4112;-0,0408;-0,1141;-0,2929;-0,0812;-0,6247;1,2287;0,262
"detrimento";14;0,6782;-0,0381;0,6627;0,9064;-0,0758;-0,259;-1,6372;0,5763
"neral";10;-0,2741;-0,0272;1,9079;-0,1953;-0,0541;-0,8287;-0,2604;0,6391
"sor";13;-0,3564;-0,0354;0,6912;-0,2539;-0,0703;-0,2212;-0,5723;1,079
"asegurarse";101;1,3475;-0,275;-0,3235;-0,46;-0,5466;0,5277;0,5421;-1,0853
"veraz";10;-0,2741;-0,0272;-0,0761;0,4411;-0,0541;-0,8287;0,6454;0,3175
"polarización";14;-0,3838;-0,0381;-0,1065;0,3305;-0,0758;1,0967;-0,6952;0,3126
"casual";19;0,4875;-0,0517;-0,1445;-0,371;-0,1028;1,0135;-1,9424;1,0908
"tópico";15;-0,4112;-0,0408;-0,1141;-0,2929;-0,0812;0,5919;0,5265;-0,3439
"oposición";19;0,4875;-0,0517;-0,1445;0,6934;-0,1028;-0,241;0,3514;-0,5923
"moocs";19;-0,5209;0,9497;-0,1445;-0,371;-0,1028;0,3707;1,1853;-0,9699
"sierra";20;-0,5483;-0,0544;-0,1521;-0,3906;-0,1082;1,3432;-1,5684;1,3642
"star";11;0,3005;-0,0299;1,8257;-0,2148;-0,0595;1,538;-1,7362;-0,3487
"mistakes";12;-0,329;-0,0327;-0,0913;1,0211;-0,0649;-0,9945;1,5683;-0,8121
"mollick";36;-0,9869;-0,098;-0,2738;-0,703;-0,1948;1,815;0,4244;-0,5545
"1037";11;-0,3016;-0,0299;-0,0837;-0,2148;-0,0595;-0,3914;-0,3537;1,4456
"núñez";18;-0,4935;-0,049;-0,1369;-0,3515;-0,0974;1,5926;-1,2558;0,8405
"almería";12;-0,329;-0,0327;-0,0913;-0,2343;-0,0649;-0,9945;0,372;1,2467
"avan";16;-0,4386;-0,0436;1,5118;-0,3125;-0,0866;-1,326;0,4175;0,7081
"palma";17;-0,466;-0,0463;-0,1293;-0,332;-0,092;-0,3841;0,8317;0,3615
"presupuestario";13;-0,3564;-0,0354;-0,0989;-0,2539;-0,0703;-0,2212;0,5087;0,3731
"desfavorable";16;-0,4386;-0,0436;0,6119;-0,3125;-0,0866;0,2647;0,4175;-0,2063
"dedicación";27;-0,7402;-0,0735;-0,2054;-0,5273;0,5441;0,7544;1,1554;-1,1988
"a1";17;-0,466;-0,0463;-0,1293;-0,332;-0,092;-1,4089;0,8317;0,9528
"intimidad";22;0,8283;-0,0599;0,4952;1,8393;-0,1191;1,1368;-1,4125;-1,2375
"girón";10;-0,2741;-0,0272;-0,0761;-0,1953;-0,0541;-0,8287;1,6761;-0,2851
"webs";11;0,3005;-0,0299;-0,0837;-0,2148;-0,0595;0,5288;0,254;-0,3487
"pixelbit";10;-0,2741;-0,0272;-0,0761;-0,1953;-0,0541;-0,8287;-0,2604;1,6852
"sanabria";12;-0,329;-0,0327;-0,0913;-0,2343;-0,0649;-0,4476;1,5683;-0,4162
"pdfs";15;0,2132;-0,0408;1,5648;-0,2929;-0,0812;-1,2431;-0,2955;0,8138
"uri";14;-0,3838;-0,0381;-0,1065;-0,2734;-0,0758;1,0967;-0,4129;0,3126
"virus";15;1,2225;-0,0408;-0,1141;-0,2929;-0,0812;-0,2989;0,5265;-0,6385
"competency";26;-0,7128;-0,0708;-0,1978;-0,5077;-0,1407;-1,3441;1,3278;0,7258
"experiments";10;-0,2741;-0,0272;-0,0761;1,1624;-0,0541;1,1009;-1,5268;0,3175
"latir";10;-0,2741;-0,0272;-0,0761;0,4411;-0,0541;-0,337;1,0789;-0,6219
"professor";14;0,2315;-0,0381;-0,1065;-0,2734;-0,0758;0,3476;-1,093;1,3967
"highlight";14;-0,3838;-0,0381;-0,1065;-0,2734;-0,0758;-1,1602;1,4955;0,3126
"depth";15;-0,4112;1,047;-0,1141;0,3093;-0,0812;0,3032;-0,8258;0,8138
"highlighting";14;-0,3838;-0,0381;-0,1065;0,3305;-0,0758;0,3476;0,3956;-0,2897
"consensus";44;-1,2062;-0,1198;-0,3347;-0,3787;-0,2381;0,4529;1,9221;-0,9921
"close";10;0,3297;-0,0272;-0,0761;1,1624;-0,0541;-0,8287;0,3459;-0,2851
"middle";19;-0,171;-0,0517;-0,1445;0,2408;-0,1028;-0,241;0,3514;0,2645
"values";14;-0,3838;-0,0381;-0,1065;0,3305;-0,0758;-0,5644;1,0241;-0,2897
"guiding";11;-0,3016;-0,0299;-0,0837;0,4087;-0,0595;0,5288;0,4901;-0,7159
"helps";14;-0,3838;-0,0381;-0,1065;0,3305;-0,0758;1,6352;-1,093;0,3126
"à";20;-0,5483;-0,0544;-0,1521;0,2268;-0,1082;1,8419;0,2807;-1,0575
"ecológico";29;-0,3342;-0,079;-0,2206;-0,1983;-0,1569;0,6406;0,635;-0,6514
"encerrar";12;0,2748;-0,0327;-0,0913;-0,2343;-0,0649;-0,4476;-0,4581;1,2467
"normativos";46;-1,2611;-0,1252;1,3401;1,2957;-0,2489;-1,0993;1,0628;-0,6165
"deshonestidad";15;-0,4112;-0,0408;-0,1141;-0,2929;-0,0812;0,5919;-0,8258;1,2276
"perkins";20;-0,5483;-0,0544;-0,1521;-0,3906;-0,1082;0,9243;0,4572;-0,392
"implementen";19;-0,5209;0,9497;0,5481;-0,371;0,6761;-0,8761;0,8354;-0,341
"walter";12;-0,329;-0,0327;-0,0913;0,3798;-0,0649;-0,1856;0,372;-0,1927
"holístico";58;-0,2818;-0,1579;-0,4411;0,6004;-0,3139;-0,5198;-0,2643;0,7181
"regulador";37;1,1353;-0,1007;-0,2814;0,6549;1,9674;-0,4446;0,3632;-1,5775
"ods4";24;-0,6579;-0,0653;-0,1825;-0,4687;-0,1299;1,3553;0,4932;-0,6223
"hackatones";11;-0,3016;-0,0299;-0,0837;1,0878;-0,0595;0,5288;0,254;-0,7159
"involucramiento";11;-0,3016;-0,0299;-0,0837;0,4087;-0,0595;0,5288;-0,3537;0,2581
"intell";10;-0,2741;-0,0272;-0,0761;-0,1953;-0,0541;0,6114;0,6454;-0,6219
"going";17;-0,466;-0,0463;-0,1293;0,7686;-0,092;-0,7486;-0,739;1,8801
"monte";19;-0,171;-0,0517;-0,1445;-0,371;-0,1028;1,9932;-0,9919;0,2645
"oriented";12;-0,329;-0,0327;-0,0913;-0,2343;-0,0649;0,4588;1,0452;-0,8121
"c74";15;-0,4112;-0,0408;-0,1141;-0,2929;-0,0812;0,3032;1,2287;-0,6385
"playground";13;-0,3564;-0,0354;-0,0989;-0,2539;-0,0703;0,7529;0,8316;-0,9103
"recommendation";32;-0,8773;-0,0871;-0,2434;0,7828;-0,1732;0,5006;-0,3434;0,3784
"ameno";11;-0,3016;-0,0299;0,7564;-0,2148;-0,0595;1,538;-1,7362;0,533
"vizcaíno";10;0,9156;-0,0272;-0,0761;-0,1953;-0,0541;-0,8287;-0,2604;0,6391
"expresarse";20;-0,5483;-0,0544;-0,1521;0,2268;-0,1082;0,9243;-0,5169;0,4065
"disparar";27;1,0977;-0,0735;-0,2054;-0,5273;0,5441;1,0824;-0,3235;-1,1988
"discente";13;-0,3564;-0,0354;-0,0989;-0,2539;-0,0703;-1,0774;0,8316;0,6739
"taron";13;-0,3564;-0,0354;-0,0989;-0,2539;0,8252;1,8104;-0,3214;-0,9103
"plaza";14;0,2315;-0,0381;-0,1065;-0,2734;-0,0758;1,0967;-0,2234;-0,5615
"prado";13;-0,3564;-0,0354;-0,0989;-0,2539;-0,0703;-0,2212;1,265;-0,4873
"implementarse";25;-0,6854;-0,0681;0,4503;-0,1558;-0,1353;0,3527;-0,5232;0,8068
"romo";16;-0,4386;-0,0436;-0,1217;-0,3125;-0,0866;-0,3406;1,983;-0,7181
"sinónimo";14;0,2315;-0,0381;0,6627;0,3305;-0,0758;0,3476;-1,6372;0,9363
"pirámide";14;1,2998;-0,0381;0,6627;-0,2734;-0,0758;1,0967;-1,6372;-0,2897
"venezuela";10;-0,2741;-0,0272;0,7941;-0,1953;-0,0541;0,6114;-0,9208;0,6391
"espejo";26;-0,2823;-0,0708;-0,1978;-0,5077;-0,1407;0,536;0,3394;0,3049
"valladolid";13;-0,3564;-0,0354;-0,0989;-0,2539;-0,0703;1,2239;-0,5723;0,3731
"dulce";11;1,5841;-0,0299;-0,0837;-0,2148;-0,0595;0,2262;-0,3537;-0,3487
"hipotético";13;-0,3564;-0,0354;-0,0989;-0,2539;-0,0703;-0,2212;0,8316;-0,2392
"vicens";10;-0,2741;-0,0272;-0,0761;-0,1953;-0,0541;-0,8287;1,6761;-0,2851
"avisar";10;1,7025;-0,0272;-0,0761;-0,1953;-0,0541;-0,337;0,3459;-0,6219
"mancha";12;-0,329;-0,0327;-0,0913;-0,2343;-0,0649;-0,4476;-0,4581;1,8236
"lope";13;-0,3564;-0,0354;-0,0989;-0,2539;-0,0703;-1,0774;0,2816;1,5931
"mitología";16;-0,4386;-0,0436;-0,1217;-0,3125;-0,0866;-0,6861;1,983;-0,4016
"crespo";10;-0,2741;-0,0272;-0,0761;-0,1953;-0,0541;-0,8287;0,3459;1,0923
"célebre";12;0,7837;-0,0327;-0,0913;-0,2343;-0,0649;0,4588;0,372;-0,8121
"nutrir";19;-0,171;-0,0517;0,5481;0,2408;-0,1028;0,3707;-0,4284;0,2645
"entendidas";10;-0,2741;-0,0272;-0,0761;-0,1953;-0,0541;-0,337;1,0789;-0,2851
"casuística";13;-0,3564;-0,0354;-0,0989;-0,2539;-0,0703;-0,2212;1,8273;-0,9103
"interconectadas";17;1,0871;-0,0463;0,5892;1,4388;-0,092;-0,3841;-1,1067;-0,2479
"acentuar";14;0,2315;-0,0381;0,6627;-0,2734;-0,0758;1,0967;-0,6952;-0,2897
"margen";49;0,7475;-0,1334;1,2723;-0,9569;0,3401;-0,4376;0,965;-1,3104
"reserva";23;0,7866;-0,0626;-0,1749;1,1069;-0,1245;0,4322;-0,5643;-0,5611
"mata";10;-0,2741;-0,0272;-0,0761;-0,1953;0,9312;0,2678;-0,2604;0,3175
"abusivo";10;-0,2741;-0,0272;-0,0761;0,4411;-0,0541;-0,337;-0,2604;0,6391
"verdú";10;-0,2741;-0,0272;-0,0761;-0,1953;-0,0541;-0,8287;1,0789;0,3175
"traspasar";13;0,2519;-0,0354;-0,0989;0,3539;-0,0703;-0,2212;-0,3214;0,3731
"afec";10;-0,2741;-0,0272;-0,0761;0,4411;-0,0541;1,7352;-0,9208;-0,2851
"seña";12;-0,329;-0,0327;-0,0913;-0,2343;-0,0649;-0,1856;-0,4581;1,2467
"alojar";16;0,5917;-0,0436;-0,1217;1,509;-0,0866;0,8861;-0,6225;-1,2144
"configurado";10;-0,2741;-0,0272;-0,0761;-0,1953;-0,0541;0,2678;0,3459;0,3175
"vo";21;-0,5757;-0,0572;1,2934;0,2139;0,6378;-1,7404;-0,3962;1,2279
"retroalimentar";12;-0,329;1,1399;-0,0913;0,3798;-0,0649;-0,9945;0,372;0,4456
"neutrales";22;-0,6031;-0,0599;-0,1673;1,1537;-0,1191;-0,344;0,7058;-0,5023
"aplicarlas";16;0,1967;-0,0436;-0,1217;-0,3125;0,7429;0,526;0,2365;-0,4016
"inc";10;0,3297;-0,0272;-0,0761;0,4411;-0,0541;0,6114;-0,5175;-0,2851
"leads";12;-0,329;-0,0327;-0,0913;1,858;-0,0649;-0,9945;-1,2688;1,8236
"semilla";10;1,7025;-0,0272;-0,0761;0,4411;-0,0541;-0,8287;-0,9208;0,6391
"garantir";10;-0,2741;-0,0272;-0,0761;-0,1953;-0,0541;-0,8287;-0,2604;1,6852
"trascienden";12;-0,329;-0,0327;-0,0913;-0,2343;-0,0649;-0,1856;-0,4581;1,2467
"cohesión";29;-0,795;-0,079;1,0462;-0,5663;0,5182;-0,3805;1,4898;-0,9585
"solidaridad";16;-0,4386;-0,0436;-0,1217;0,2899;-0,0866;0,8861;0,2365;-0,4016
"est";15;-0,4112;-0,0408;-0,1141;0,8565;0,7683;0,3032;-0,8258;0,4932
"generalistas";16;0,1967;-0,0436;-0,1217;-0,3125;-0,0866;0,2647;0,4175;-0,2063
"engloban";13;-0,3564;-0,0354;0,6912;-0,2539;-0,0703;-0,2212;-0,3214;0,6739
"luna";22;0,4055;-0,0599;-0,1673;-0,4296;-0,1191;0,4784;-0,7143;0,7746
"pasaje";10;0,3297;-0,0272;-0,0761;-0,1953;-0,0541;0,2678;-0,5175;0,6391
"2c";10;-0,2741;-0,0272;-0,0761;0,4411;0,9312;-0,8287;-0,5175;1,0923
"bitstream";18;-0,4935;-0,049;1,4162;0,2558;-0,0974;-0,4292;-0,3473;0,5367
"mexico";16;-0,4386;-0,0436;1,5118;0,2899;-0,0866;-0,3406;1,0109;-1,2144
"bureau";13;-0,3564;-0,0354;-0,0989;0,961;-0,0703;-1,0774;-0,5723;1,5931
"doc";28;0,2859;-0,0762;-0,213;0,9086;-0,1515;-1,4825;0,3575;0,5863
"von";11;0,8457;1,1763;-0,0837;-0,2148;-0,0595;0,2262;0,254;-0,7159
"carbonell";10;-0,2741;-0,0272;-0,0761;1,1624;-0,0541;-0,8287;-0,2604;0,6391
"producirse";10;1,7025;-0,0272;-0,0761;-0,1953;-0,0541;0,2678;-0,9208;0,3175
"notificación";36;-0,2073;-0,098;-0,2738;0,6783;1,1353;-1,4222;1,9901;-1,4957
"laciones";11;-0,3016;-0,0299;-0,0837;-0,2148;-0,0595;-0,9116;1,9597;-0,3487
"aspx";12;-0,329;-0,0327;-0,0913;1,858;-0,0649;-0,4476;0,372;-0,4162
"villanueva";17;-0,466;-0,0463;-0,1293;0,7686;-0,092;0,4678;0,3298;-0,4623
"assets";12;-0,329;-0,0327;1,7516;-0,2343;-0,0649;-0,1856;-0,4581;0,4456
"ie";18;0,5194;-0,049;-0,1369;-0,3515;-0,0974;-0,4292;0,6832;-0,2929
"liang";10;-0,2741;-0,0272;-0,0761;-0,1953;-0,0541;0,2678;-0,2604;0,6391
"affective";11;-0,3016;-0,0299;-0,0837;-0,2148;-0,0595;-0,3914;1,9597;-0,7159
"elpais";10;-0,2741;-0,0272;-0,0761;-0,1953;-0,0541;0,6114;0,3459;-0,2851
"mason";10;-0,2741;-0,0272;-0,0761;-0,1953;-0,0541;1,7352;-0,5175;-0,2851
"canadian";14;-0,3838;-0,0381;0,6627;-0,2734;-0,0758;1,0967;-0,2234;-0,5615
"adivinar";23;-0,6305;-0,0626;-0,1749;-0,4492;-0,1245;1,9474;0,3914;-0,8807
"relacional";19;0,972;-0,0517;-0,1445;-0,371;-0,1028;-0,4758;0,5598;-0,341
"comunicativos";14;0,2315;-0,0381;-0,1065;-0,2734;0,7957;-1,1602;1,4955;-0,5615
"colás";11;-0,3016;-0,0299;-0,0837;-0,2148;-0,0595;-0,9116;1,3183;0,2581
"escobar";11;-0,3016;-0,0299;-0,0837;-0,2148;-0,0595;-0,9116;1,9597;-0,3487
"aplicarlo";13;0,7282;1,1065;-0,0989;-0,2539;0,8252;0,399;-0,3214;-0,9103
"entusiasta";14;0,2315;-0,0381;-0,1065;0,3305;-0,0758;-0,5644;-0,4129;0,9363
"sabiduría";21;0,4308;-0,0572;-0,1597;-0,4101;-0,1136;1,2353;-0,8991;0,3533
"indiferente";12;-0,329;-0,0327;-0,0913;-0,2343;-0,0649;1,3695;-0,79;0,4456
"fisher";12;0,7837;-0,0327;-0,0913;-0,2343;-0,0649;1,3695;-0,79;-0,4162
"desbloquear";12;0,7837;-0,0327;-0,0913;-0,2343;-0,0649;0,4588;-0,24;-0,4162
"issn";34;-0,9321;-0,0926;-0,2586;-0,664;0,4617;0,424;0,4084;0,4588
"unirioja";16;-0,4386;-0,0436;-0,1217;-0,3125;-0,0866;-0,6861;0,4175;1,0809
"servlet";15;-0,4112;-0,0408;-0,1141;-0,2929;-0,0812;-0,6247;0,3066;1,2276
"codigo";13;-0,3564;-0,0354;-0,0989;-0,2539;-0,0703;-1,0774;0,2816;1,5931
"nieto";10;0,9156;-0,0272;-0,0761;-0,1953;-0,0541;-0,8287;0,3459;0,3175
"uoc";29;-0,795;-0,079;-0,2206;-0,5663;-0,1569;1,2837;1,4898;-1,9062
"minds";12;-0,329;-0,0327;0,7223;0,3798;-0,0649;-0,9945;0,6529;-0,1927
"adell";27;-0,7402;-0,0735;-0,2054;-0,5273;-0,1461;-1,4131;1,914;0,4342
"abu";13;-0,3564;-0,0354;-0,0989;0,3539;-0,0703;1,8104;-0,5723;-0,4873
"controversia";34;-0,4248;-0,0926;-0,2586;-0,2551;-0,184;-0,3501;1,0192;-0,3003
"inteligenciaartificial";10;-0,2741;-0,0272;-0,0761;-0,1953;-0,0541;0,2678;0,3459;0,3175
"incógnito";12;-0,329;-0,0327;-0,0913;1,858;-0,0649;0,4588;-0,24;-0,8121
"padilla";16;-0,4386;1,0203;-0,1217;-0,3125;-0,0866;-0,6861;1,983;-0,7181
"divulgar";12;-0,329;-0,0327;1,7516;0,3798;-0,0649;0,4588;-0,79;-0,1927
"pineda";16;-0,4386;-0,0436;-0,1217;-0,3125;-0,0866;0,2647;0,6723;-0,2063
"wong";11;0,3005;-0,0299;-0,0837;0,4087;-0,0595;0,2262;-0,6493;0,533
"vergara";11;-0,3016;-0,0299;-0,0837;-0,2148;-0,0595;-0,3914;1,3183;-0,3487
"likes";11;-0,3016;-0,0299;-0,0837;-0,2148;0,8925;0,2262;-0,6493;0,9267
"raúl";20;-0,186;0,9287;-0,1521;-0,3906;-0,1082;-0,5238;1,837;-1,0575
"cobos";10;-0,2741;-0,0272;-0,0761;-0,1953;-0,0541;0,2678;1,0789;-0,6219
"novedosas";37;-1,0143;-0,1007;-0,2814;-0,7226;0,4325;0,5116;1,4565;-0,8538
"tea";13;-0,3564;1,1065;-0,0989;-0,2539;-0,0703;-1,0774;0,2816;1,079
"oliver";30;0,9656;-0,0817;0,3886;-0,5859;-0,1623;-1,0624;1,3123;-0,7108
"ocaña";17;-0,466;-0,0463;-0,1293;-0,332;-0,092;1,2218;0,5434;-0,8
"forjar";17;-0,466;-0,0463;0,5892;-0,332;-0,092;0,4678;-0,739;0,9528
"head";15;-0,4112;-0,0408;-0,1141;-0,2929;-0,0812;0,3032;0,5265;0,262
"nps";13;-0,3564;-0,0354;-0,0989;-0,2539;-0,0703;-1,0774;0,8316;0,6739
"optimizado";15;-0,4112;-0,0408;-0,1141;0,3093;-0,0812;-0,6247;0,5265;0,4932
"incorporarse";21;0,4308;0,9089;1,2934;1,2035;-0,1136;0,2941;-0,8991;-0,7323
"atracción";16;1,8519;-0,0436;0,6119;-0,3125;-0,0866;-0,3406;0,4175;-1,2144
"adams";14;-0,3838;-0,0381;-0,1065;0,9064;-0,0758;-0,5644;-0,6952;1,3967
"saint";10;-0,2741;-0,0272;-0,0761;-0,1953;-0,0541;1,7352;-0,5175;-0,2851
"garro";11;-0,3016;-0,0299;-0,0837;-0,2148;-0,0595;0,5288;0,838;-0,7159
"aburto";10;-0,2741;-0,0272;-0,0761;-0,1953;-0,0541;0,6114;0,6454;-0,6219
"relacionales";15;-0,4112;1,047;-0,1141;0,3093;-0,0812;-0,2989;0,8301;-0,6385
"yen";11;-0,3016;-0,0299;0,7564;-0,2148;-0,0595;-0,9116;0,254;0,9267
"sintonía";15;-0,4112;-0,0408;-0,1141;-0,2929;-0,0812;0,3032;0,5265;0,262
"normalizar";22;-0,6031;-0,0599;0,4952;0,2019;1,522;-1,0731;-0,4769;1,1056
"bauman";15;-0,4112;-0,0408;-0,1141;-0,2929;-0,0812;-0,6247;1,7352;-0,3439
"licenciado";20;-0,5483;-0,0544;-0,1521;0,2268;-0,1082;1,8419;-0,3223;-0,6612
"educadoras";10;-0,2741;-0,0272;-0,0761;-0,1953;-0,0541;-0,337;1,6761;-0,6219
"explorado";38;1,0954;-0,1035;-0,289;0,6325;-0,2056;-0,4781;0,7992;-1,2458
"triangulación";10;-0,2741;-0,0272;-0,0761;1,1624;-0,0541;-0,8287;1,0789;-0,6219
"colapso";21;1,4403;-0,0572;-0,1597;0,2139;-0,1136;0,2941;0,3719;-1,1468
"espiral";36;-0,4624;-0,098;-0,2738;-0,703;-0,1948;0,7944;1,6247;-1,4957
"jisc";11;-0,3016;-0,0299;-0,0837;1,0878;-0,0595;-0,9116;-0,3537;0,9267
"fragilidad";12;0,2748;-0,0327;-0,0913;-0,2343;-0,0649;0,4588;0,6529;-0,8121
"subjetividades";18;-0,1564;0,9718;-0,1369;-0,3515;1,6868;-0,4292;-0,8623;0,8405
"célula";22;1,3741;-0,0599;-0,1673;-0,4296;0,6202;1,1368;-1,0226;-0,5023
"mezclar";15;0,2132;-0,0408;-0,1141;-0,2929;1,8397;1,481;-0,8258;-0,6385
"mamá";13;0,7282;-0,0354;-0,0989;-0,2539;0,8252;0,399;0,5087;-1,6417
"invención";25;-0,2656;-0,0681;-0,1901;0,5208;0,5724;1,6919;-0,7572;-0,6857
"fascinación";18;1,6686;-0,049;-0,1369;-0,3515;0,697;0,4164;-0,8623;-0,2929
"distante";10;0,3297;1,2164;-0,0761;-0,1953;0,9312;-0,337;-0,5175;0,3175
"asimov";10;-0,2741;1,2164;-0,0761;-0,1953;0,9312;0,2678;0,6454;-1,2628
"java";10;-0,2741;-0,0272;-0,0761;-0,1953;0,9312;0,2678;1,0789;-1,2628
"partícula";11;1,5841;-0,0299;-0,0837;-0,2148;0,8925;-0,3914;-1,7362;0,9267
"primo";18;1,6686;-0,049;0,568;0,2558;0,697;-0,4292;0,2592;-1,4234
"reflexionando";19;-0,5209;-0,0517;-0,1445;-0,371;0,6761;-0,241;0,8354;-0,341
"neurociencia";28;-0,3167;-0,0762;-0,213;-0,1874;0,5309;0,6952;1,0038;-1,8076
"acierto";24;-0,2491;-0,0653;-0,1825;-0,4687;1,4518;1,3553;-0,4428;-0,6223
"paradigmático";14;-0,3838;-0,0381;-0,1065;-0,2734;0,7957;-0,5644;0,3956;0,5763
"basura";21;0,4308;-0,0572;-0,1597;0,6282;1,5599;-0,5731;0,8406;-1,7442
"alegría";12;0,7837;-0,0327;-0,0913;-0,2343;0,8573;0,8518;-0,4581;-0,8121
"pronunciar";16;0,1967;-0,0436;-0,1217;0,8108;0,7429;0,2647;-0,3769;-0,4016
"idealmente";14;0,2315;-0,0381;-0,1065;-0,2734;1,8983;0,3476;-0,2234;-0,5615
"incluimos";14;1,2998;-0,0381;-0,1065;-0,2734;0,7957;1,0967;-0,4129;-1,768
"antemano";11;-0,3016;-0,0299;-0,0837;-0,2148;0,8925;0,9665;-0,6493;0,2581
"jamás";13;-0,3564;-0,0354;-0,0989;-0,2539;0,8252;0,7529;0,5087;-0,9103
"intencionalidad";22;0,8283;-0,0599;-0,1673;-0,4296;1,522;-0,344;-1,8974;1,5036
"preci";10;-0,2741;-0,0272;0,7941;-0,1953;0,9312;-0,8287;-0,5175;1,0923
"afortunado";15;1,2225;-0,0408;0,6363;-0,2929;1,8397;0,5919;-0,5136;-1,8943
"gravedad";11;-0,3016;-0,0299;-0,0837;-0,2148;0,8925;0,5288;-0,6493;0,533
"invisible";41;0,335;-0,1116;-0,3118;0,9798;1,0381;0,5607;-1,6461;0,4812
"proveen";15;-0,4112;-0,0408;0,6363;1,585;0,7683;-0,2989;-0,5136;-0,3439
"ariel";25;-0,2656;-0,0681;0,4503;-0,4882;0,5724;1,2571;-0,5232;-0,4339
"1a";10;-0,2741;-0,0272;-0,0761;-0,1953;0,9312;0,2678;0,6454;-0,6219
"compartirigual";16;0,1967;-0,0436;-0,1217;-0,3125;0,7429;-0,3406;0,4175;-0,2063
"jim";13;1,3849;-0,0354;-0,0989;-0,2539;-0,0703;1,2239;-0,9382;-0,4873
"knight";12;0,7837;-0,0327;-0,0913;1,0211;-0,0649;-0,9945;-0,4581;0,4456
"sir";10;1,7025;-0,0272;-0,0761;0,4411;-0,0541;-0,337;-0,5175;-0,2851
"pablo";23;1,3119;-0,0626;-0,1749;0,5712;-0,1245;0,4322;-1,5619;0,4485
"vuestro";10;0,9156;-0,0272;-0,0761;-0,1953;-0,0541;-0,337;0,6454;-0,6219
"puro";19;0,972;-0,0517;-0,1445;-0,371;-0,1028;1,9932;-0,9919;-0,5923
"atrever";10;1,7025;-0,0272;-0,0761;-0,1953;-0,0541;0,2678;-0,2604;-0,6219
"inapropiada";12;1,479;-0,0327;-0,0913;-0,2343;-0,0649;0,4588;-0,4581;-0,4162
"bono";10;1,7025;-0,0272;0,7941;-0,1953;-0,0541;-0,337;0,3459;-1,2628
"pragmática";11;0,3005;-0,0299;-0,0837;0,4087;-0,0595;-0,3914;-1,0919;1,4456
"maduro";17;1,0871;-0,0463;0,5892;-0,332;-0,092;0,7982;-0,739;-0,4623
"lente";30;0,5571;-0,0817;-0,2282;0,8427;-0,1623;0,5902;-0,7437;-0,2989
"desconectar";13;0,2519;-0,0354;-0,0989;0,3539;-0,0703;-0,2212;0,5087;-0,4873
"dolor";20;0,458;-0,0544;-0,1521;-0,3906;-0,1082;0,3302;-0,3223;0,4065
"west";14;0,6782;-0,0381;-0,1065;0,3305;-0,0758;0,667;-0,6952;-0,2897
"comportarse";10;0,3297;-0,0272;-0,0761;0,4411;-0,0541;0,6114;0,3459;-1,2628
"constatación";11;0,3005;-0,0299;-0,0837;-0,2148;0,8925;-0,9116;0,838;-0,3487
"cohorte";10;0,3297;-0,0272;-0,0761;0,4411;0,9312;-0,8287;1,0789;-1,2628
"epistemológicos";14;1,2998;-0,0381;-0,1065;-0,2734;-0,0758;-0,259;-0,4129;0,3126
"resistente";17;1,0871;-0,0463;-0,1293;0,7686;-0,092;-0,3841;-0,2741;-0,4623
"incómodo";10;1,7025;-0,0272;-0,0761;0,4411;-0,0541;-0,337;-0,9208;0,3175
"fotosíntesis";13;0,2519;-0,0354;-0,0989;-0,2539;-0,0703;-0,5053;-0,3214;1,079
"guardián";17;0,554;-0,0463;-0,1293;0,7686;-0,092;-0,3841;0,3298;-0,4623
"cortar";10;0,9156;-0,0272;0,7941;-0,1953;-0,0541;0,6114;-0,2604;-1,2628
"epistemológica";21;1,4403;-0,0572;-0,1597;-0,4101;-0,1136;-1,0068;0,3719;0,3533
"multidimensional";27;-0,2994;-0,0735;-0,2054;-0,5273;1,3579;-1,4131;-0,3235;1,6344
"dudoso";11;0,3005;-0,0299;-0,0837;0,4087;-0,0595;0,2262;0,4901;-0,7159
"1960";24;1,2535;-0,0653;0,4645;-0,4687;-0,1299;1,3553;-0,4428;-1,423
"multiplicidad";14;0,6782;-0,0381;-0,1065;-0,2734;-0,0758;-0,5644;0,3956;0,3126
"pina";10;0,3297;-0,0272;-0,0761;-0,1953;-0,0541;0,2678;1,0789;-1,2628
"modesto";13;1,3849;-0,0354;1,684;-0,2539;-0,0703;-0,2212;-0,3214;-0,9103
"identificamos";15;1,9556;-0,0408;-0,1141;-0,2929;-0,0812;-0,6247;1,2287;-1,8943
"estudioso";10;1,7025;-0,0272;-0,0761;1,1624;0,9312;-0,8287;-1,5268;0,3175
"deficiente";22;0,4055;-0,0599;0,4952;0,5988;-0,1191;-0,344;-1,0226;0,7746
"electoral";16;0,5917;-0,0436;-0,1217;1,509;-0,0866;-0,6861;0,2365;-0,4016
"mentores";29;0,2702;-0,079;0,3999;0,8748;-0,1569;-0,2153;0,4452;-0,9585
"peor";12;0,2748;-0,0327;-0,0913;-0,2343;-0,0649;0,8518;-0,79;0,4456
"ontología";24;0,3601;-0,0653;-0,1825;-0,4687;1,4518;-0,2269;0,9981;-1,423
"albert";13;1,3849;-0,0354;-0,0989;-0,2539;-0,0703;1,2239;-0,9382;-0,4873
"imprecisiones";18;0,5194;-0,049;-0,1369;-0,3515;-0,0974;-0,21;0,4379;-0,2929
"dama";10;0,3297;-0,0272;-0,0761;0,4411;-0,0541;-0,337;1,0789;-1,2628
"calculadoras";14;0,6782;-0,0381;-0,1065;-0,2734;-0,0758;0,3476;0,3956;-0,5615
"vapor";10;0,9156;-0,0272;-0,0761;-0,1953;-0,0541;0,6114;-1,5268;0,6391
"contradecir";10;0,3297;-0,0272;-0,0761;-0,1953;-0,0541;0,2678;0,6454;-0,6219
"pasaporte";10;0,3297;-0,0272;-0,0761;1,1624;-0,0541;1,7352;-0,9208;-1,2628
"sydney";10;0,9156;-0,0272;-0,0761;-0,1953;-0,0541;-0,8287;1,6761;-1,2628
"race";21;1,4403;-0,0572;-0,1597;1,9113;-0,1136;0,5296;-0,6124;-1,7442
"matizar";29;0,2702;-0,079;0,3999;0,4359;-0,1569;-0,6325;0,2973;0,3422
"detenidamente";17;-0,1422;0,9953;-0,1293;-0,332;-0,092;0,4678;0,5434;-0,8
"interminable";14;1,2998;-0,0381;-0,1065;-0,2734;-0,0758;0,3476;0,6621;-1,768
"revés";11;0,8457;-0,0299;-0,0837;0,4087;-0,0595;1,538;-1,7362;-0,3487
"old";11;0,3005;1,1763;-0,0837;0,4087;-0,0595;-0,9116;1,3183;-1,3891
"vago";16;1,1519;-0,0436;-0,1217;-0,3125;-0,0866;-1,326;1,4437;-0,7181
"fadel";24;0,7475;-0,0653;-0,1825;-0,1457;-0,1299;-0,7278;-0,4428;0,8963
"interdisciplinarios";61;0,4988;-0,1661;0,5435;-0,3061;-0,3301;-0,8349;-0,6429;1,4039
"acumulación";32;0,8883;-0,0871;0,3675;0,3833;-0,1732;-0,2926;-0,6952;0,3784
"fragmentar";19;-0,171;-0,0517;-0,1445;0,2408;-0,1028;1,9932;-0,6696;-0,5923
"bienvenida";10;0,3297;-0,0272;-0,0761;0,4411;-0,0541;0,6114;-0,2604;-0,6219
"webb";12;0,7837;-0,0327;-0,0913;-0,2343;-0,0649;0,4588;-0,24;-0,4162
"formuladores";20;0,458;-0,0544;0,5294;-0,3906;-0,1082;0,3302;-0,3223;-0,2163
"operando";10;0,3297;-0,0272;-0,0761;-0,1953;-0,0541;-0,337;0,6454;-0,2851
"scott";17;0,554;-0,0463;-0,1293;0,7686;-0,092;0,2313;-0,2741;-0,4623
"fácticos";10;0,3297;-0,0272;-0,0761;-0,1953;-0,0541;-0,337;1,0789;-0,6219
"brookings";15;1,9556;-0,0408;-0,1141;0,8565;-0,0812;-0,2989;-1,8274;0,4932
"planetario";16;0,5917;-0,0436;-0,1217;-0,3125;-0,0866;0,2647;1,0109;-1,2144
"orquestar";12;0,7837;-0,0327;-0,0913;-0,2343;-0,0649;-0,1856;1,0452;-1,5154
"beneficiosas";11;0,3005;-0,0299;-0,0837;-0,2148;-0,0595;-0,3914;-0,3537;0,9267
"abordarlo";10;0,3297;-0,0272;-0,0761;-0,1953;-0,0541;-0,337;1,0789;-0,6219
"interdisciplinarias";32;0,5067;-0,0871;-0,2434;0,7828;-0,1732;0,3096;-0,6952;0,3784
"epistémicos";11;1,5841;-0,0299;-0,0837;-0,2148;-0,0595;-0,9116;1,3183;-1,3891
"sandoval";13;0,7282;-0,0354;-0,0989;-0,2539;0,8252;1,2239;-0,3214;-1,6417
"rediseñar";23;0,7866;-0,0626;-0,1749;-0,1357;-0,1245;-0,6752;-0,8222;1,3642
"dramático";13;0,2519;-0,0354;-0,0989;0,3539;-0,0703;0,7529;-0,9382;0,3731
"repercutir";18;-0,1564;-0,049;-0,1369;1,3736;-0,0974;0,4164;-0,3473;-0,526
"desfavorecido";40;-0,5395;-0,1089;0,8155;1,5218;-0,2165;0,4062;0,3248;-1,042
"hiperactividad";10;0,9156;1,2164;-0,0761;-0,1953;-0,0541;-0,8287;1,0789;-1,2628
"aleatoria";23;0,7866;-0,0626;-0,1749;-0,4492;-0,1245;1,0468;0,3914;-1,3296
"recortar";13;0,2519;-0,0354;-0,0989;0,3539;-0,0703;-0,5053;1,8273;-1,6417
"controvertir";18;-0,1564;-0,049;-0,1369;1,3736;-0,0974;1,5926;-0,8623;-0,884
"recordatorio";11;0,3005;-0,0299;-0,0837;-0,2148;-0,0595;0,2262;0,838;-0,7159
"reinventar";18;1,6686;0,9718;-0,1369;-0,3515;-0,0974;-0,21;-0,8623;0,3093
"apasionar";11;0,8457;-0,0299;-0,0837;-0,2148;-0,0595;0,9665;0,254;-1,3891
"pomsta";11;0,8457;-0,0299;-0,0837;1,9686;-0,0595;0,2262;-1,0919;-0,3487
"ch";17;-0,1422;-0,0463;-0,1293;0,7686;-0,092;1,2218;-0,2741;-1,3184
"rodrigo";21;-0,2013;-0,0572;-0,1597;0,2139;-0,1136;-1,0068;1,5783;-0,4458
"journals";24;0,7475;-0,0653;-0,1825;-0,1457;-0,1299;-1,2075;1,7475;-0,9577
"false";10;0,3297;-0,0272;-0,0761;1,1624;-0,0541;-0,8287;-0,2604;0,3175
"explainable";13;0,2519;-0,0354;-0,0989;0,3539;-0,0703;-0,5053;0,2816;0,3731
"ct";13;1,3849;-0,0354;-0,0989;0,3539;-0,0703;-1,0774;1,265;-1,6417
"senior";21;-0,2013;-0,0572;0,5118;0,6282;-0,1136;-0,5731;0,5756;-0,4458
"sat";10;0,3297;-0,0272;-0,0761;-0,1953;-0,0541;0,2678;1,0789;-1,2628
"rediseño";21;-0,2013;-0,0572;-0,1597;-0,4101;-0,1136;0,2941;-0,2401;0,5774
"dam";10;0,3297;-0,0272;0,7941;1,1624;-0,0541;-0,337;0,3459;-1,2628
"unleashed";12;0,2748;-0,0327;0,7223;1,0211;-0,0649;-0,4476;0,6529;-1,5154
"sum";10;0,3297;-0,0272;-0,0761;-0,1953;-0,0541;-0,8287;1,6761;-0,6219
"consorcio";10;0,3297;-0,0272;1,9079;1,1624;-0,0541;0,2678;-0,5175;-1,2628
"cornell";21;-0,2013;-0,0572;-0,1597;1,9113;-0,1136;-1,7404;-0,2401;0,5774
"autodeterminación";11;0,8457;-0,0299;-0,0837;1,9686;0,8925;-0,9116;-0,3537;-0,7159
"sistémico";35;-0,1956;0,7055;-0,2662;0,3381;-0,1894;-1,9785;0,897;0,4135
"hollywood";10;0,3297;-0,0272;-0,0761;-0,1953;-0,0541;0,6114;0,3459;-0,6219
"economy";24;1,8641;-0,0653;1,1894;1,7073;-0,1299;-0,7278;-1,2848;-0,3852
"maquinaria";10;1,7025;-0,0272;-0,0761;-0,1953;-0,0541;0,2678;-0,2604;-0,6219
"explosión";33;0,4835;-0,0898;0,3576;-0,2434;0,4722;-0,3208;0,4783;-0,6248
"chapman";10;-0,2741;-0,0272;-0,0761;-0,1953;-0,0541;-0,8287;1,6761;-0,2851
"threats";10;-0,2741;-0,0272;-0,0761;0,4411;-0,0541;-0,337;-0,2604;0,6391
"ineficaz";11;-0,3016;-0,0299;0,7564;-0,2148;-0,0595;-0,3914;-0,3537;0,9267
"bloquear";30;0,2555;-0,0817;-0,2282;1,3856;-0,1623;1,5884;-1,7142;-0,2989
"implemente";12;-0,329;-0,0327;-0,0913;-0,2343;-0,0649;0,8518;-0,4581;0,4456
"acusar";13;0,2519;-0,0354;-0,0989;0,3539;-0,0703;0,399;0,5087;-0,9103
"erosión";11;0,3005;-0,0299;0,7564;-0,2148;-0,0595;0,5288;-0,6493;0,2581
"suite";17;-0,1422;-0,0463;-0,1293;-0,332;-0,092;-1,4089;1,668;-0,2479
"mariano";17;-0,466;-0,0463;-0,1293;-0,332;-0,092;1,7374;-0,4668;-0,2479
"rígidos";10;0,3297;-0,0272;0,7941;-0,1953;-0,0541;0,2678;-0,9208;0,6391
"extrapolar";11;0,3005;-0,0299;-0,0837;0,4087;-0,0595;0,9665;0,254;-1,3891
"frágil";14;-0,3838;-0,0381;-0,1065;0,3305;-0,0758;0,667;1,0241;-1,768
"rígido";18;1,0273;-0,049;1,4162;-0,3515;-0,0974;-0,4292;-1,7643;1,2234
"unidireccional";15;-0,4112;-0,0408;-0,1141;0,3093;-0,0812;0,9849;-1,2536;0,8138
"ruptura";12;-0,329;-0,0327;-0,0913;-0,2343;-0,0649;0,8518;-1,2688;1,2467
"kant";10;0,3297;-0,0272;-0,0761;-0,1953;-0,0541;1,7352;-1,5268;0,3175
"oficio";14;-0,3838;-0,0381;-0,1065;-0,2734;-0,0758;1,6352;-0,4129;-0,2897
"fuego";15;-0,4112;-0,0408;-0,1141;0,3093;-0,0812;0,5919;0,8301;-1,1116
"anular";12;0,2748;1,1399;-0,0913;0,3798;-0,0649;1,3695;-1,2688;-0,4162
"transcurrir";10;0,3297;-0,0272;-0,0761;0,4411;-0,0541;0,2678;-0,2604;-0,2851
"consensuar";23;-0,6305;-0,0626;-0,1749;-0,4492;-0,1245;0,4322;0,2426;0,6908
"fracasar";14;0,6782;-0,0381;0,6627;1,6677;-0,0758;-0,259;-1,093;-0,2897
"sinapsis";10;0,3297;-0,0272;-0,0761;0,4411;-0,0541;1,1009;-0,2604;-1,2628
"prescindir";12;-0,329;-0,0327;-0,0913;-0,2343;-0,0649;0,4588;-0,24;0,4456
"rendir";23;0,382;-0,0626;-0,1749;0,5712;0,6035;0,2333;0,8469;-1,9619
"objeción";11;0,3005;-0,0299;-0,0837;0,4087;-0,0595;0,9665;-1,0919;0,2581
"sócrates";10;-0,2741;-0,0272;-0,0761;-0,1953;-0,0541;0,6114;-1,5268;1,6852
"socrático";16;-0,4386;-0,0436;-0,1217;0,2899;-0,0866;1,8985;-0,6225;-0,4016
"explicitar";14;-0,3838;-0,0381;-0,1065;-0,2734;-0,0758;0,3476;0,6621;-0,2897
"calibrar";12;0,2748;-0,0327;0,7223;0,3798;-0,0649;-0,1856;0,6529;-1,5154
"ludmila";14;-0,3838;-0,0381;-0,1065;-0,2734;-0,0758;0,667;1,4955;-1,768
"mariana";18;-0,4935;-0,049;-0,1369;-0,3515;-0,0974;0,7197;0,6832;-0,526
"soledad";12;-0,329;-0,0327;-0,0913;-0,2343;-0,0649;0,8518;0,6529;-0,8121
"xavier";11;0,3005;-0,0299;-0,0837;-0,2148;-0,0595;0,2262;0,838;-0,7159
"creativecommons";26;-0,7128;-0,0708;0,4368;0,4977;0,5579;1,1663;-0,6096;-0,485
"licenses";27;-0,7402;-0,0735;1,0997;0,476;0,5441;1,0824;-0,7015;-0,5384
"grané";10;-0,2741;-0,0272;-0,0761;-0,1953;-0,0541;0,6114;1,0789;-1,2628
"é";30;-0,8224;-0,0817;-0,2282;-0,5859;-0,1623;0,3723;1,0082;-0,2989
"hugo";14;-0,3838;-0,0381;-0,1065;0,3305;0,7957;1,0967;-0,2234;-1,0102
"micas";11;-0,3016;-0,0299;0,7564;-0,2148;-0,0595;-0,3914;1,9597;-1,3891
"implementadas";31;-0,8498;-0,0844;0,3778;-0,6054;-0,1678;-1,1208;1,8529;0,2683
"aspec";13;-0,3564;-0,0354;-0,0989;-0,2539;-0,0703;1,2239;0,5087;-0,9103
"profun";11;-0,3016;-0,0299;-0,0837;-0,2148;-0,0595;-0,3914;0,838;0,2581
"cuestionarnos";10;-0,2741;-0,0272;-0,0761;-0,1953;-0,0541;-0,337;0,3459;0,6391
"ferguson";14;0,2315;-0,0381;0,6627;0,9064;-0,0758;1,0967;-0,4129;-1,768
"imperioso";13;-0,3564;1,1065;0,6912;-0,2539;-0,0703;-1,0774;0,5087;0,3731
"sustentabilidad";11;-0,3016;-0,0299;-0,0837;-0,2148;-0,0595;-0,3914;1,3183;-0,3487
"medioambiente";15;-0,4112;-0,0408;-0,1141;-0,2929;-0,0812;0,3032;0,3066;0,4932
"ask";10;-0,2741;-0,0272;-0,0761;0,4411;-0,0541;0,6114;0,3459;-0,6219
"reconfigurando";10;-0,2741;-0,0272;-0,0761;-0,1953;-0,0541;-0,337;1,0789;-0,2851
"rienties";11;-0,3016;-0,0299;0,7564;1,0878;-0,0595;0,2262;0,254;-0,7159
"dashboard";10;-0,2741;-0,0272;-0,0761;0,4411;-0,0541;1,1009;0,3459;-1,2628
"herodotou";10;-0,2741;-0,0272;-0,0761;1,1624;-0,0541;0,6114;-0,5175;-0,2851
"improvisar";14;0,2315;1,0756;-0,1065;-0,2734;-0,0758;0,3476;0,3956;-0,5615
"cuantificables";15;-0,4112;-0,0408;-0,1141;0,3093;-0,0812;-0,6247;1,7352;-0,6385
"espectacular";17;1,7566;-0,0463;-0,1293;1,4388;-0,092;0,2313;-1,1067;-0,4623
"especulación";12;-0,329;-0,0327;-0,0913;0,3798;-0,0649;-0,1856;0,372;-0,1927
"explotación";48;-1,3159;0,5853;0,2452;0,4512;-0,2598;-0,6041;1,9012;-0,9506
"wayne";17;-0,466;-0,0463;-0,1293;0,7686;-0,092;1,2218;-1,5898;0,6165
"hype";14;-0,3838;-0,0381;-0,1065;-0,2734;-0,0758;-0,5644;1,4955;-0,2897
"delinear";14;-0,3838;-0,0381;-0,1065;-0,2734;-0,0758;-0,5644;1,0241;0,3126
"ensamblajes";14;-0,3838;-0,0381;-0,1065;-0,2734;-0,0758;0,3476;1,4955;-1,0102
"outputs";22;-0,6031;-0,0599;-0,1673;-0,4296;-0,1191;0,7701;-1,0226;1,5036
"aspiración";16;0,1967;-0,0436;-0,1217;0,2899;-0,0866;-0,6861;0,2365;0,7081
"aprendiza";28;-0,7676;-0,0762;0,4116;-0,1874;-0,1515;0,447;0,7408;-0,5939
"operations";18;-0,4935;-0,049;0,568;-0,3515;-0,0974;-0,8119;0,6832;0,5367
"temporalidad";11;0,3005;1,1763;-0,0837;-0,2148;-0,0595;-0,9116;0,838;-0,3487
"definimos";14;-0,3838;-0,0381;-0,1065;-0,2734;-0,0758;-0,5644;1,4955;-0,2897
"centralidad";13;-0,3564;-0,0354;-0,0989;-0,2539;-0,0703;-0,2212;1,8273;-0,9103
"recolectan";11;-0,3016;-0,0299;-0,0837;0,4087;-0,0595;-0,9116;1,3183;-0,3487
"barbero";10;-0,2741;-0,0272;-0,0761;-0,1953;-0,0541;-0,8287;-0,2604;1,6852
"entablar";17;-0,466;-0,0463;0,5892;0,2721;0,7192;1,2218;-0,739;-0,4623
"plurales";10;-0,2741;-0,0272;-0,0761;-0,1953;-0,0541;0,6114;1,0789;-1,2628
"generati";10;-0,2741;-0,0272;-0,0761;-0,1953;-0,0541;-0,8287;0,3459;1,0923
"agravar";26;0,3206;-0,0708;1,1282;0,9816;-0,1407;0,3185;-0,4131;-0,7511
"salesforce";13;-0,3564;-0,0354;0,6912;-0,2539;-0,0703;-0,5053;1,8273;-0,9103
"soberanía";27;-0,7402;-0,0735;-0,2054;-0,5273;-0,1461;-0,5441;1,1554;0,4342
"capitalista";15;-0,4112;-0,0408;-0,1141;-0,2929;-0,0812;0,5919;-0,2955;0,4932
"anijovich";15;-0,4112;-0,0408;-0,1141;-0,2929;-0,0812;1,481;0,8301;-1,8943
"detenerse";10;-0,2741;-0,0272;-0,0761;-0,1953;-0,0541;0,2678;0,6454;-0,2851
"devolución";14;0,2315;-0,0381;-0,1065;-0,2734;-0,0758;1,0967;-0,4129;-0,2897
"ño";15;-0,4112;-0,0408;-0,1141;-0,2929;-0,0812;-1,2431;0,3066;1,7377
"empeño";12;-0,329;-0,0327;-0,0913;-0,2343;-0,0649;0,4588;-0,4581;0,7892
"recorrido";13;1,3849;-0,0354;-0,0989;-0,2539;-0,0703;-1,0774;-0,3214;0,6739
"diferenciando";10;0,3297;-0,0272;-0,0761;0,4411;-0,0541;0,2678;0,6454;-1,2628
"constitutivo";21;-0,5757;-0,0572;-0,1597;0,6282;-0,1136;0,5296;0,5756;-0,7323
"lentitud";14;0,2315;-0,0381;0,6627;-0,2734;-0,0758;-0,5644;0,6621;-0,2897
"habitar";15;-0,4112;-0,0408;-0,1141;-0,2929;-0,0812;-0,6247;1,2287;0,262
"fluido";23;1,3119;-0,0626;0,4794;-0,1357;-0,1245;0,7033;-0,8222;-0,5611
"latin";19;-0,5209;-0,0517;1,3728;-0,371;-0,1028;1,0135;-0,6696;0,2645
"resonar";12;-0,329;-0,0327;-0,0913;-0,2343;-0,0649;-0,1856;1,0452;-0,4162
"digitalizar";13;-0,3564;-0,0354;0,6912;0,3539;-0,0703;-0,5053;0,5087;-0,2392
"divergente";12;-0,329;1,1399;0,7223;-0,2343;-0,0649;-0,4476;-0,24;0,4456
"stewart";11;0,3005;-0,0299;-0,0837;-0,2148;-0,0595;1,538;0,254;-1,3891
"zuboff";10;-0,2741;-0,0272;-0,0761;-0,1953;-0,0541;0,2678;0,3459;0,3175
"exploramos";16;0,1967;-0,0436;-0,1217;0,2899;-0,0866;-0,6861;1,983;-1,2144
"accionar";10;0,3297;-0,0272;-0,0761;-0,1953;-0,0541;1,7352;-0,2604;-1,2628
"denunciar";16;-0,4386;-0,0436;-0,1217;-0,3125;-0,0866;-0,6861;0,2365;1,5434
"renuncia";11;-0,3016;-0,0299;-0,0837;-0,2148;-0,0595;0,9665;0,838;-1,3891
"iberoamérica";19;-0,5209;-0,0517;-0,1445;-0,371;-0,1028;-0,241;1,1853;-0,341
"shum";12;-0,329;-0,0327;-0,0913;-0,2343;-0,0649;0,8518;0,6529;-0,8121
"card";11;-0,3016;-0,0299;-0,0837;1,0878;-0,0595;-0,9116;1,9597;-1,3891
"2760";10;-0,2741;1,2164;-0,0761;-0,1953;-0,0541;0,6114;0,6454;-1,2628
"bilingüe";10;-0,2741;-0,0272;-0,0761;-0,1953;-0,0541;-0,337;1,0789;-0,2851
"reguladoras";10;-0,2741;-0,0272;1,9079;-0,1953;-0,0541;0,6114;0,3459;-1,2628
"volverse";20;0,9206;0,9287;-0,1521;-0,3906;-0,1082;-0,5238;0,2807;-0,2163
"omnipresencia";13;0,2519;-0,0354;-0,0989;-0,2539;-0,0703;-1,0774;0,8316;0,3731
"espectador";25;-0,2656;-0,0681;-0,1901;-0,1558;-0,1353;-0,7814;0,41;0,8068
"stefania";15;-0,4112;-0,0408;-0,1141;0,3093;-0,0812;0,9849;0,8301;-1,8943
"reglamentación";13;-0,3564;-0,0354;-0,0989;1,7583;-0,0703;0,399;0,5087;-1,6417
"identificable";13;-0,3564;-0,0354;-0,0989;0,961;0,8252;0,7529;-0,3214;-0,9103
"prestación";34;0,4615;-0,0926;0,9299;0,7282;1,1787;-0,5644;0,5732;-1,8074
"retirar";22;0,8283;-0,0599;0,4952;1,8393;-0,1191;1,5777;-1,4125;-1,8527
"organizativas";11;-0,3016;-0,0299;-0,0837;0,4087;0,8925;0,2262;0,4901;-0,7159
"apresurar";12;-0,329;-0,0327;-0,0913;0,3798;-0,0649;0,4588;-0,4581;0,4456
"guia";20;-0,5483;-0,0544;-0,1521;-0,3906;-0,1082;-0,2737;1,3774;-0,392
"identified";13;-0,3564;-0,0354;-0,0989;-0,2539;-0,0703;-0,5053;0,5087;0,6739
"dawson";10;-0,2741;-0,0272;-0,0761;-0,1953;-0,0541;1,7352;0,3459;-1,2628
"portafolio";37;-1,0143;-0,1007;-0,2814;0,3114;-0,2002;0,3294;0,3632;0,4937
"entrelazan";11;-0,3016;-0,0299;-0,0837;0,4087;-0,0595;-0,9116;1,9597;-0,7159
"citizenship";10;-0,2741;-0,0272;-0,0761;-0,1953;-0,0541;-0,337;1,0789;-0,2851
"omnipresentes";11;0,3005;-0,0299;-0,0837;0,4087;-0,0595;-0,3914;-1,0919;1,4456
"ineludible";20;-0,5483;-0,0544;-0,1521;-0,3906;-0,1082;-0,9411;0,6944;0,9731
"fragmentación";13;-0,3564;-0,0354;0,6912;1,7583;-0,0703;-0,2212;0,2816;-0,9103
"llamativas";17;-0,466;-0,0463;-0,1293;-0,332;-0,092;-0,7486;1,668;-0,2479
"abundar";11;0,3005;-0,0299;-0,0837;-0,2148;-0,0595;0,5288;-0,6493;0,533
"preservando";13;0,7282;-0,0354;-0,0989;-0,2539;-0,0703;-0,2212;0,5087;-0,4873
"drivers";10;-0,2741;-0,0272;0,7941;1,1624;-0,0541;-0,8287;1,0789;-1,2628
"alusión";10;-0,2741;-0,0272;-0,0761;-0,1953;-0,0541;-0,337;1,6761;-0,6219
"físicamente";15;0,2132;-0,0408;-0,1141;-0,2929;-0,0812;0,5919;0,3066;-0,3439
"sp";26;-0,7128;-0,0708;-0,1978;1,589;-0,1407;0,8186;-1,5649;0,7258
"reader";10;-0,2741;-0,0272;-0,0761;-0,1953;-0,0541;0,2678;0,6454;-0,2851
"travesía";12;0,2748;-0,0327;-0,0913;-0,2343;-0,0649;-0,1856;1,5683;-1,5154
"potenciadas";16;-0,4386;-0,0436;0,6119;0,2899;-0,0866;-1,326;0,2365;1,0809
"latour";16;-0,4386;-0,0436;-0,1217;-0,3125;-0,0866;-0,3406;-0,3769;1,5434
"encrucijada";16;-0,4386;-0,0436;-0,1217;-0,3125;-0,0866;0,2647;1,0109;-0,4016
"faro";24;-0,6579;-0,0653;-0,1825;-0,1457;-0,1299;-1,2075;0,7174;0,8963
"foucault";11;-0,3016;-0,0299;-0,0837;1,0878;-0,0595;0,9665;-0,6493;-0,3487
"poesía";15;0,6329;-0,0408;-0,1141;0,3093;0,7683;1,481;-0,5136;-1,8943
"lugo";13;-0,3564;-0,0354;-0,0989;-0,2539;-0,0703;0,399;0,8316;-0,4873
"cor";15;-0,4112;-0,0408;1,5648;-0,2929;0,7683;-0,6247;1,2287;-1,1116
"referenciar";11;-0,3016;-0,0299;-0,0837;-0,2148;0,8925;-0,3914;0,4901;0,2581
"estandarización";16;0,1967;-0,0436;-0,1217;-0,3125;0,7429;-0,6861;0,4175;0,4223
"premium";15;-0,4112;-0,0408;-0,1141;-0,2929;-0,0812;0,3032;1,2287;-0,6385
"asemejar";16;-0,4386;-0,0436;-0,1217;-0,3125;-0,0866;-0,3406;1,983;-0,7181
"sinónimos";12;-0,329;-0,0327;-0,0913;0,3798;-0,0649;1,3695;0,372;-1,5154
"funcio";14;-0,3838;-0,0381;0,6627;-0,2734;-0,0758;-0,259;1,4955;-1,0102
"carpeta";10;1,7025;-0,0272;-0,0761;-0,1953;-0,0541;-0,8287;0,3459;-0,2851
"beta";14;-0,3838;-0,0381;-0,1065;-0,2734;-0,0758;0,667;0,3956;-0,2897
"bubble";12;-0,329;-0,0327;-0,0913;1,0211;-0,0649;-0,1856;-1,9486;1,8236
"combinen";17;-0,1422;-0,0463;-0,1293;0,7686;-0,092;-0,7486;-0,739;1,3732
"magic";10;-0,2741;-0,0272;-0,0761;-0,1953;-0,0541;1,7352;-0,5175;-0,2851
"impulsor";14;-0,3838;1,0756;1,622;0,3305;-0,0758;0,3476;0,3956;-1,768
"persuasiva";11;-0,3016;-0,0299;-0,0837;-0,2148;-0,0595;0,9665;0,4901;-0,7159
"lógicamente";10;-0,2741;-0,0272;0,7941;-0,1953;-0,0541;-0,8287;1,6761;-0,6219
"mapear";15;-0,4112;-0,0408;-0,1141;0,3093;-0,0812;0,3032;0,3066;0,262
"coexistir";11;-0,3016;-0,0299;-0,0837;-0,2148;-0,0595;0,5288;0,4901;-0,3487
"hipotéticos";10;0,3297;-0,0272;-0,0761;-0,1953;-0,0541;0,6114;0,3459;-0,6219
"controlled";10;-0,2741;-0,0272;-0,0761;-0,1953;-0,0541;0,2678;1,0789;-0,6219
"medibles";18;-0,4935;-0,049;-0,1369;0,2558;-0,0974;-0,8119;-0,3473;1,6875
"gustavo";16;0,1967;-0,0436;-0,1217;-0,3125;-0,0866;1,8985;0,2365;-1,2144
"alejandra";25;-0,6854;-0,0681;-0,1901;-0,4882;-0,1353;-0,2549;0,8541;0,3471
"dl";10;-0,2741;-0,0272;-0,0761;-0,1953;-0,0541;0,6114;-0,5175;0,6391
"clasificarse";11;0,3005;-0,0299;-0,0837;1,9686;-0,0595;-0,3914;0,254;-0,7159
"calendario";11;0,3005;-0,0299;-0,0837;0,4087;-0,0595;0,5288;-0,6493;0,2581
"inmediatez";26;-0,7128;-0,0708;-0,1978;-0,5077;-0,1407;1,1663;-0,4131;0,4883
"azure";14;-0,3838;-0,0381;-0,1065;1,6677;-0,0758;0,3476;0,3956;-1,0102
"repasar";23;0,382;-0,0626;-0,1749;-0,4492;-0,1245;0,7033;-1,1513;0,9956
"hola";18;-0,4935;-0,049;-0,1369;0,2558;-0,0974;1,5926;-0,3473;-0,526
"cycle";10;-0,2741;-0,0272;-0,0761;-0,1953;-0,0541;0,2678;1,6761;-1,2628
"reasoning";13;-0,3564;-0,0354;-0,0989;-0,2539;-0,0703;0,399;0,8316;-0,4873
"batista";10;-0,2741;-0,0272;-0,0761;-0,1953;-0,0541;0,6114;1,0789;-1,2628
"jo";10;-0,2741;-0,0272;0,7941;-0,1953;-0,0541;0,2678;-0,2604;0,3175
"proactividad";11;-0,3016;-0,0299;0,7564;-0,2148;-0,0595;0,5288;0,254;-0,3487
"urgir";11;-0,3016;-0,0299;-0,0837;-0,2148;-0,0595;0,5288;-0,3537;0,533
"private";28;-0,7676;-0,0762;-0,213;0,9086;-0,1515;-0,9476;-0,3871;1,5019
"longitudinal";16;-0,4386;-0,0436;-0,1217;-0,3125;-0,0866;-0,3406;0,4175;0,7081
"graham";11;-0,3016;-0,0299;-0,0837;1,9686;-0,0595;1,538;-1,0919;-0,7159
"iso";13;-0,3564;-0,0354;-0,0989;-0,2539;-0,0703;0,399;1,8273;-1,6417
"presionar";15;-0,4112;1,047;0,6363;0,3093;-0,0812;0,5919;-0,5136;-0,3439
"icesi";13;-0,3564;-0,0354;-0,0989;-0,2539;-0,0703;0,7529;1,265;-1,6417
"constructivismo";14;-0,3838;-0,0381;-0,1065;-0,2734;-0,0758;1,6352;0,6621;-1,768
"evaluativo";14;-0,3838;-0,0381;-0,1065;-0,2734;-0,0758;1,6352;-1,6372;0,9363
"evaluativos";12;-0,329;-0,0327;-0,0913;-0,2343;-0,0649;0,4588;0,6529;-0,4162
"uc";14;0,2315;-0,0381;-0,1065;0,3305;-0,0758;1,6352;-0,6952;-0,5615
"copy";16;-0,4386;-0,0436;-0,1217;-0,3125;-0,0866;0,8861;0,2365;-0,2063
"degrees";13;0,2519;-0,0354;-0,0989;-0,2539;-0,0703;1,2239;0,2816;-0,9103
"75352";11;-0,3016;-0,0299;-0,0837;1,9686;-0,0595;1,538;-0,6493;-1,3891
"attribution";19;-0,5209;-0,0517;-0,1445;1,313;1,642;1,9932;-1,4098;-0,9699
"adjetivos";12;-0,329;-0,0327;-0,0913;0,3798;-0,0649;0,8518;0,6529;-1,5154
"remitir";17;-0,466;-0,0463;0,5892;-0,332;-0,092;0,4678;0,8317;-0,8
"solicitante";13;0,7282;1,1065;0,6912;-0,2539;-0,0703;1,2239;-0,5723;-1,6417
"sullivan";16;-0,4386;-0,0436;-0,1217;-0,3125;-0,0866;1,8985;-0,6225;-0,2063
"actualizarse";12;-0,329;-0,0327;-0,0913;-0,2343;-0,0649;-0,4476;-0,24;1,2467
"órgano";22;0,8283;-0,0599;-0,1673;0,2019;-0,1191;0,7701;-0,4769;-0,5023
"profundicen";10;-0,2741;-0,0272;-0,0761;-0,1953;-0,0541;1,1009;0,6454;-1,2628
"valle";24;-0,2491;-0,0653;-0,1825;-0,4687;-0,1299;0,9642;0,9981;-1,423
"porqué";15;-0,4112;-0,0408;-0,1141;-0,2929;-0,0812;-0,2989;1,7352;-0,6385
"inimaginables";16;0,1967;-0,0436;-0,1217;-0,3125;-0,0866;-0,3406;0,4175;0,4223
"federación";12;0,2748;-0,0327;-0,0913;0,3798;-0,0649;-0,1856;1,0452;-1,5154
"eventual";10;-0,2741;-0,0272;1,9079;-0,1953;-0,0541;1,1009;-0,5175;-0,6219
"retorno";25;-0,6854;-0,0681;0,4503;-0,4882;-0,1353;-0,7814;1,1586;0,3471
"asegúrese";25;-0,6854;-0,0681;-0,1901;-0,4882;-0,1353;0,8884;0,8541;-0,6857
"miller";14;0,2315;-0,0381;-0,1065;0,9064;-0,0758;0,3476;0,3956;-1,0102
"enriquezca";15;-0,4112;-0,0408;-0,1141;-0,2929;-0,0812;-1,2431;0,8301;0,8138
"clarificación";11;-0,3016;-0,0299;-0,0837;-0,2148;-0,0595;-0,9116;0,254;1,4456
"confidencial";25;-0,6854;-0,0681;-0,1901;-0,1558;1,4191;0,3527;0,8541;-1,0365
"writer";11;-0,3016;-0,0299;-0,0837;-0,2148;0,8925;0,2262;-0,6493;0,9267
"analíticos";11;0,3005;-0,0299;0,7564;-0,2148;0,8925;-0,9116;1,3183;-1,3891
"reproducibilidad";13;-0,3564;-0,0354;-0,0989;-0,2539;0,8252;-1,0774;0,5087;0,6739
"productor";39;0,3668;-0,1062;-0,2966;1,041;-0,2111;-0,3258;-0,3429;0,2695
"arriesgar";15;1,2225;1,047;-0,1141;-0,2929;-0,0812;0,5919;-1,2536;0,262
"anna";11;-0,3016;-0,0299;-0,0837;1,0878;-0,0595;0,2262;0,838;-1,3891
"ingeniera";10;-0,2741;-0,0272;-0,0761;0,4411;-0,0541;-0,337;1,0789;-0,6219
"sénior";10;-0,2741;-0,0272;1,9079;0,4411;-0,0541;0,2678;-0,2604;-0,6219
"virginia";15;1,2225;-0,0408;1,5648;0,3093;-0,0812;0,3032;-0,5136;-1,1116
"sergio";19;-0,5209;-0,0517;-0,1445;-0,371;-0,1028;-1,5746;1,6173;0,4672
"iterar";13;-0,3564;-0,0354;-0,0989;0,3539;-0,0703;0,7529;0,8316;-1,6417
"chispa";11;-0,3016;-0,0299;-0,0837;-0,2148;-0,0595;-0,3914;1,3183;-0,3487
"votación";11;0,3005;-0,0299;0,7564;0,4087;-0,0595;-0,3914;0,254;-0,3487
"modernización";12;-0,329;-0,0327;-0,0913;-0,2343;-0,0649;-0,1856;1,5683;-0,8121
"pioneras";10;0,3297;-0,0272;1,9079;-0,1953;-0,0541;-0,8287;0,6454;-0,6219
"testear";11;0,3005;-0,0299;-0,0837;0,4087;-0,0595;-0,3914;0,838;-0,7159
"juez";21;-0,2013;-0,0572;-0,1597;1,2035;-0,1136;-0,5731;1,5783;-1,7442
"mutación";10;0,3297;-0,0272;-0,0761;-0,1953;-0,0541;0,6114;-0,5175;0,3175
"conexionismo";12;-0,329;-0,0327;-0,0913;-0,2343;-0,0649;-0,9945;0,6529;0,7892
"sequence";12;-0,329;-0,0327;0,7223;-0,2343;-0,0649;-0,4476;0,6529;-0,1927
"detector";13;-0,3564;-0,0354;-0,0989;-0,2539;-0,0703;-0,2212;1,8273;-0,9103
"gptzero";15;-0,4112;-0,0408;-0,1141;-0,2929;-0,0812;1,481;0,8301;-1,8943
"complementarse";11;-0,3016;-0,0299;0,7564;-0,2148;-0,0595;0,5288;0,4901;-0,7159
"detail";15;-0,4112;-0,0408;-0,1141;1,585;1,8397;-0,2989;-0,8258;0,262
"disruptivo";25;-0,6854;-0,0681;-0,1901;-0,1558;-0,1353;-0,2549;-0,3446;1,1234
"focales";12;-0,329;-0,0327;-0,0913;-0,2343;-0,0649;-0,9945;1,5683;-0,1927
"desconexión";15;-0,4112;-0,0408;-0,1141;-0,2929;-0,0812;0,3032;0,3066;0,4932
"alerta";24;0,7475;-0,0653;-0,1825;-0,1457;-0,1299;-1,2075;-0,6579;1,6417
"deloitte";10;-0,2741;-0,0272;-0,0761;1,1624;-0,0541;-0,337;1,0789;-1,2628
"consulting";17;-0,466;-0,0463;-0,1293;0,7686;-0,092;-0,3841;0,3298;0,3615
"1952";11;-0,3016;-0,0299;-0,0837;-0,2148;-0,0595;1,538;-1,0919;0,533
"christian";16;0,1967;-0,0436;-0,1217;-0,3125;-0,0866;0,2647;0,6723;-0,4016
"subconjunto";12;0,7837;-0,0327;-0,0913;1,0211;-0,0649;1,3695;-0,79;-1,5154
"morduchowicz";19;-0,5209;-0,0517;-0,1445;-0,371;-0,1028;0,6494;0,5598;-0,341
"tamara";10;-0,2741;-0,0272;-0,0761;-0,1953;-0,0541;0,6114;0,3459;-0,2851
"montevideo";47;-1,2885;-0,128;-0,3575;-0,9178;-0,2543;-0,8203;1,4494;0,7309
"proactivas";18;-0,4935;-0,049;0,568;0,2558;-0,0974;0,4164;0,6832;-0,884
"diferenciados";10;0,3297;-0,0272;-0,0761;-0,1953;-0,0541;-0,8287;0,3459;0,6391
"debilitar";24;-0,2491;-0,0653;-0,1825;1,0628;-0,1299;-0,4201;0,4932;-0,3852
"guionistas";13;-0,3564;-0,0354;-0,0989;-0,2539;-0,0703;1,8104;0,5087;-1,6417
"ministerial";11;-0,3016;-0,0299;-0,0837;-0,2148;-0,0595;-0,3914;0,4901;0,533
"iluminar";11;0,3005;-0,0299;-0,0837;-0,2148;-0,0595;0,5288;-0,3537;0,2581
"mineduc";20;-0,5483;-0,0544;-0,1521;-0,3906;-0,1082;1,8419;0,4572;-1,0575
"radiografiar";13;0,2519;-0,0354;0,6912;0,3539;-0,0703;-0,2212;0,8316;-1,6417
"clasificador";11;-0,3016;-0,0299;-0,0837;-0,2148;-0,0595;1,538;0,254;-0,7159
"gem";10;-0,2741;-0,0272;-0,0761;-0,1953;-0,0541;1,1009;0,3459;-0,6219
"rigurosidad";12;-0,329;-0,0327;-0,0913;-0,2343;-0,0649;-0,1856;1,5683;-0,8121
"bialik";16;-0,4386;-0,0436;-0,1217;0,2899;-0,0866;-0,3406;0,4175;0,4223
"live";10;0,9156;-0,0272;-0,0761;-0,1953;-0,0541;-0,8287;1,6761;-1,2628
"operation";10;-0,2741;-0,0272;-0,0761;-0,1953;-0,0541;-0,337;1,0789;-0,2851
"wipo";13;-0,3564;-0,0354;-0,0989;-0,2539;-0,0703;-0,2212;0,8316;-0,2392
"pf0000368303";11;-0,3016;-0,0299;-0,0837;0,4087;-0,0595;-0,3914;0,4901;0,2581
"0003";16;-0,4386;-0,0436;-0,1217;-0,3125;0,7429;-0,3406;1,983;-1,2144
"exacerba";11;-0,3016;-0,0299;-0,0837;1,0878;-0,0595;0,5288;0,4901;-1,3891
"distorsionar";10;-0,2741;-0,0272;-0,0761;1,1624;-0,0541;-0,337;-0,2604;0,3175
"elevenlabs";10;-0,2741;-0,0272;-0,0761;-0,1953;-0,0541;-0,337;1,6761;-0,6219
"musk";10;1,7025;-0,0272;-0,0761;-0,1953;-0,0541;1,1009;-0,5175;-1,2628
"click";11;-0,3016;-0,0299;-0,0837;-0,2148;-0,0595;0,9665;-0,6493;0,533
"matthew";13;0,2519;-0,0354;-0,0989;-0,2539;0,8252;0,7529;-0,9382;0,3731
"deliberación";11;0,3005;-0,0299;-0,0837;-0,2148;0,8925;-0,3914;-0,3537;0,533
"glossary";13;-0,3564;-0,0354;-0,0989;1,7583;0,8252;-0,2212;-1,4508;0,6739
"galería";10;0,3297;-0,0272;-0,0761;-0,1953;0,9312;0,6114;-0,9208;0,3175
"desencadenar";24;0,3601;-0,0653;1,1894;-0,1457;-0,1299;-0,4201;0,7174;-0,9577
"update";10;0,3297;-0,0272;-0,0761;1,1624;-0,0541;0,6114;-0,9208;-0,2851
"apor";11;-0,3016;-0,0299;-0,0837;-0,2148;-0,0595;0,2262;1,9597;-1,3891
"pictory";11;-0,3016;-0,0299;-0,0837;-0,2148;-0,0595;0,5288;-0,3537;0,533
"manar";10;-0,2741;-0,0272;-0,0761;0,4411;-0,0541;-0,337;0,6454;-0,2851
"argument";11;-0,3016;-0,0299;0,7564;0,4087;-0,0595;-0,3914;0,838;-0,7159
"evic";16;-0,4386;-0,0436;-0,1217;-0,3125;-0,0866;0,8861;1,0109;-1,2144
"silencioso";12;-0,329;-0,0327;-0,0913;-0,2343;-0,0649;-0,9945;0,372;1,2467
"depósito";15;0,2132;-0,0408;-0,1141;-0,2929;-0,0812;1,481;-0,8258;0,262
"1971";14;-0,3838;-0,0381;0,6627;-0,2734;-0,0758;0,3476;-0,2234;0,3126
"abier";12;-0,329;-0,0327;0,7223;0,3798;-0,0649;-0,4476;1,5683;-1,5154
"renovable";15;-0,4112;1,047;-0,1141;-0,2929;-0,0812;-0,6247;1,2287;-0,3439
"provincial";12;-0,329;-0,0327;0,7223;-0,2343;-0,0649;0,4588;1,0452;-1,5154
"ai4all";11;-0,3016;-0,0299;-0,0837;-0,2148;-0,0595;0,2262;1,9597;-1,3891
"helsinki";14;-0,3838;-0,0381;-0,1065;0,9064;-0,0758;1,6352;-0,2234;-1,768
"solar";20;-0,186;-0,0544;-0,1521;-0,3906;-0,1082;0,5864;0,9989;-1,0575
"interests";10;-0,2741;-0,0272;-0,0761;1,1624;-0,0541;-0,8287;-0,5175;1,0923
"promises";17;-0,466;-0,0463;0,5892;0,2721;-0,092;-0,3841;0,3298;0,3615
"redesign";13;-0,3564;-0,0354;-0,0989;0,3539;-0,0703;-0,2212;-0,5723;1,079
"acústica";15;-0,4112;-0,0408;-0,1141;-0,2929;-0,0812;0,5919;1,7352;-1,8943
"inequidad";12;-0,329;-0,0327;0,7223;1,0211;-0,0649;0,8518;-0,24;-1,5154
"jaime";10;0,3297;-0,0272;-0,0761;-0,1953;-0,0541;0,2678;1,0789;-1,2628
"manager";12;-0,329;-0,0327;-0,0913;-0,2343;-0,0649;0,8518;0,372;-0,4162
"potencian";18;-0,4935;-0,049;0,568;-0,3515;-0,0974;0,7197;-0,3473;0,3093
"notion";12;-0,329;-0,0327;-0,0913;0,3798;-0,0649;0,8518;-0,4581;-0,1927
"analytica";12;0,2748;-0,0327;-0,0913;1,858;-0,0649;-0,9945;-1,9486;1,8236
"subdirector";13;-0,3564;-0,0354;-0,0989;0,3539;-0,0703;0,399;-0,9382;1,079
"alex";15;1,2225;-0,0408;-0,1141;0,8565;-0,0812;0,5919;-0,8258;-0,6385
"auditar";10;0,3297;-0,0272;-0,0761;0,4411;-0,0541;-0,8287;-0,2604;0,6391
"1972";10;0,3297;-0,0272;-0,0761;1,1624;-0,0541;0,6114;-1,5268;0,3175
"autorrealización";12;-0,329;-0,0327;-0,0913;1,0211;-0,0649;-0,4476;1,5683;-1,5154
"bill";14;1,2998;-0,0381;-0,1065;1,6677;-0,0758;0,3476;-0,4129;-1,768
"rondar";26;-0,2823;-0,0708;1,996;-0,1661;-0,1407;0,8186;-1,5649;0,4883
"presidencial";11;-0,3016;-0,0299;1,8257;0,4087;-0,0595;-0,9116;1,3183;-1,3891
"árbitro";10;-0,2741;-0,0272;-0,0761;1,1624;-0,0541;-0,8287;0,3459;0,3175
"proximidad";13;0,7282;-0,0354;-0,0989;0,3539;0,8252;-0,5053;0,8316;-1,6417
"proclamar";10;-0,2741;-0,0272;-0,0761;1,1624;-0,0541;1,1009;-0,2604;-1,2628
"nocivos";11;0,8457;-0,0299;-0,0837;0,4087;-0,0595;0,5288;-1,0919;0,2581
"penal";11;0,3005;-0,0299;-0,0837;0,4087;-0,0595;0,2262;0,838;-1,3891
"monetario";15;-0,4112;-0,0408;1,5648;0,8565;-0,0812;-0,2989;-0,2955;-0,3439
"centralizados";15;1,2225;-0,0408;-0,1141;0,3093;-0,0812;-1,2431;1,2287;-1,1116
"réplica";10;-0,2741;-0,0272;-0,0761;0,4411;-0,0541;-0,8287;-0,5175;1,6852
"mercancía";13;0,2519;-0,0354;-0,0989;0,3539;-0,0703;0,399;-1,4508;1,079
"continental";11;0,3005;-0,0299;1,8257;1,9686;-0,0595;0,9665;-1,7362;-1,3891
"inestabilidad";10;0,3297;-0,0272;1,9079;1,1624;-0,0541;0,6114;-0,9208;-1,2628
"organizativa";13;-0,3564;-0,0354;-0,0989;0,961;-0,0703;-1,0774;1,8273;-0,9103
"er";17;-0,466;-0,0463;-0,1293;1,4388;-0,092;-0,3841;-0,2741;0,3615
"catalizar";12;-0,329;-0,0327;-0,0913;0,3798;-0,0649;-0,9945;0,6529;0,4456
"oriental";10;0,3297;-0,0272;-0,0761;0,4411;-0,0541;1,7352;-0,5175;-1,2628
"marginación";10;0,9156;-0,0272;0,7941;0,4411;-0,0541;0,6114;-0,5175;-1,2628
"sn";12;-0,329;-0,0327;-0,0913;0,3798;-0,0649;-0,4476;1,0452;-0,4162
"voices";13;-0,3564;-0,0354;-0,0989;0,3539;-0,0703;-0,2212;-0,9382;1,5931
"oct";14;-0,3838;-0,0381;-0,1065;1,6677;-0,0758;-1,1602;-0,6952;1,3967
"yann";11;-0,3016;-0,0299;-0,0837;1,0878;-0,0595;-0,3914;0,838;-0,7159
"ago";14;-0,3838;-0,0381;-0,1065;0,9064;-0,0758;-1,1602;-0,6952;1,9614
"engine";11;0,3005;-0,0299;-0,0837;0,4087;-0,0595;-0,3914;0,254;0,2581
"highlights";15;-0,4112;-0,0408;-0,1141;0,8565;-0,0812;-1,2431;-0,5136;1,7377
"residuo";17;0,554;-0,0463;-0,1293;-0,332;-0,092;1,2218;-1,1067;0,3615
"comunicadores";10;-0,2741;-0,0272;-0,0761;-0,1953;-0,0541;-0,8287;0,6454;0,6391
"inédito";24;-0,6579;-0,0653;0,4645;-0,4687;-0,1299;1,3553;-1,7153;1,2379
"kurzweil";10;-0,2741;1,2164;-0,0761;1,1624;-0,0541;0,6114;-0,9208;-0,2851
"salarial";11;-0,3016;1,1763;1,8257;-0,2148;-0,0595;0,5288;0,254;-1,3891
"bibliométrico";10;-0,2741;-0,0272;-0,0761;-0,1953;-0,0541;0,2678;-0,9208;1,6852
"desempeños";13;-0,3564;-0,0354;0,6912;-0,2539;-0,0703;0,399;-0,5723;0,6739
"actualicen";12;0,2748;-0,0327;0,7223;-0,2343;-0,0649;-0,1856;-1,9486;1,8236
"credentials";10;-0,2741;-0,0272;-0,0761;-0,1953;-0,0541;-0,8287;1,6761;-0,2851
"ouyang";14;-0,3838;-0,0381;-0,1065;-0,2734;-0,0758;1,0967;0,3956;-0,5615
"dávila";10;-0,2741;-0,0272;-0,0761;-0,1953;-0,0541;0,6114;0,6454;-0,6219
"convicción";13;1,3849;-0,0354;-0,0989;-0,2539;-0,0703;0,7529;-1,4508;0,3731
"susan";10;-0,2741;-0,0272;-0,0761;-0,1953;-0,0541;1,7352;-0,5175;-0,2851
"fundamentan";13;-0,3564;-0,0354;-0,0989;-0,2539;-0,0703;0,399;0,8316;-0,4873
"neutra";12;-0,329;-0,0327;-0,0913;-0,2343;-0,0649;0,8518;0,372;-0,4162
"consejero";16;1,1519;1,0203;-0,1217;-0,3125;-0,0866;0,8861;-0,3769;-1,2144
"metropolitano";13;0,7282;-0,0354;-0,0989;0,3539;-0,0703;-1,0774;1,8273;-1,6417
"multar";11;0,8457;-0,0299;-0,0837;-0,2148;-0,0595;0,5288;0,4901;-1,3891
"huir";11;0,3005;-0,0299;-0,0837;-0,2148;-0,0595;0,9665;0,4901;-1,3891
"nietzsche";10;-0,2741;-0,0272;-0,0761;-0,1953;-0,0541;1,1009;-1,5268;1,0923
"permea";13;-0,3564;-0,0354;-0,0989;-0,2539;-0,0703;0,7529;-1,4508;1,5931
"zas";10;-0,2741;-0,0272;1,9079;1,1624;-0,0541;-0,8287;-0,5175;0,3175
"graduación";16;1,1519;-0,0436;-0,1217;-0,3125;-0,0866;0,526;0,4175;-1,2144
"limitantes";14;-0,3838;1,0756;-0,1065;-0,2734;-0,0758;-0,259;1,0241;-0,5615
"meso";11;-0,3016;-0,0299;-0,0837;-0,2148;-0,0595;-0,9116;0,4901;0,9267
"tomorrow";11;0,3005;-0,0299;-0,0837;-0,2148;-0,0595;0,2262;0,254;0,2581
"give";16;-0,4386;-0,0436;-0,1217;-0,3125;-0,0866;-0,6861;0,4175;1,0809
"ricardo";19;-0,5209;0,9497;-0,1445;-0,371;-0,1028;1,4618;-0,6696;0,2645
"udg";11;-0,3016;-0,0299;-0,0837;-0,2148;-0,0595;1,538;0,4901;-1,3891
"mtra";14;-0,3838;-0,0381;-0,1065;-0,2734;-0,0758;0,667;-1,6372;1,9614
"antelación";11;1,5841;-0,0299;-0,0837;0,4087;-0,0595;0,2262;-0,6493;-0,3487
"revisarse";10;-0,2741;-0,0272;0,7941;-0,1953;-0,0541;-0,337;0,6454;-0,2851
"20de";11;-0,3016;-0,0299;1,8257;-0,2148;-0,0595;0,2262;-0,3537;0,2581
"municipal";10;-0,2741;-0,0272;1,9079;-0,1953;-0,0541;-0,8287;1,6761;-1,2628
"worst";10;-0,2741;-0,0272;-0,0761;-0,1953;-0,0541;0,2678;1,6761;-1,2628
"wef";12;-0,329;-0,0327;-0,0913;-0,2343;-0,0649;1,3695;-0,24;-0,4162
"coursera";20;-0,5483;-0,0544;-0,1521;-0,3906;-0,1082;0,3302;1,837;-1,0575
"situacional";12;-0,329;-0,0327;-0,0913;0,3798;-0,0649;-0,1856;-0,4581;0,7892
"vulnerabilidades";17;1,7566;-0,0463;-0,1293;-0,332;-0,092;-1,4089;1,668;-1,3184
"indefinido";14;0,2315;-0,0381;-0,1065;-0,2734;-0,0758;1,0967;0,3956;-1,0102
"sugeridos";12;-0,329;-0,0327;-0,0913;-0,2343;-0,0649;-0,1856;1,5683;-0,8121
"strengths";11;-0,3016;-0,0299;-0,0837;-0,2148;-0,0595;1,538;0,254;-0,7159
"sumativas";13;-0,3564;-0,0354;-0,0989;0,3539;-0,0703;0,7529;-0,5723;0,3731
"subdirectora";12;-0,329;-0,0327;-0,0913;0,3798;-0,0649;0,8518;0,372;-0,8121
"ethically";10;-0,2741;-0,0272;0,7941;-0,1953;-0,0541;0,6114;0,3459;-0,6219
"trucos";15;0,2132;-0,0408;-0,1141;-0,2929;-0,0812;0,3032;1,7352;-1,8943
"deherramientas";10;-0,2741;-0,0272;-0,0761;-0,1953;-0,0541;1,7352;0,3459;-1,2628
"demanera";12;-0,329;-0,0327;-0,0913;-0,2343;-0,0649;-0,1856;0,6529;-0,1927
"automatizables";10;-0,2741;-0,0272;1,9079;0,4411;-0,0541;0,2678;-0,9208;0,3175
"usode";10;-0,2741;-0,0272;-0,0761;-0,1953;-0,0541;0,2678;1,0789;-0,6219
"paraguay";10;-0,2741;-0,0272;0,7941;-0,1953;-0,0541;0,6114;0,6454;-1,2628
"jiao";10;-0,2741;-0,0272;-0,0761;-0,1953;-0,0541;1,1009;0,6454;-1,2628
"eynon";10;-0,2741;-0,0272;-0,0761;-0,1953;-0,0541;-0,8287;1,6761;-0,2851
"perera";10;-0,2741;-0,0272;1,9079;-0,1953;-0,0541;-0,8287;1,6761;-1,2628
"vicente";13;0,2519;-0,0354;-0,0989;0,3539;1,9616;-1,0774;1,265;-1,6417
"implementadores";11;-0,3016;-0,0299;-0,0837;-0,2148;-0,0595;-0,9116;1,9597;-0,3487
"123456789";10;-0,2741;-0,0272;0,7941;-0,1953;-0,0541;-0,8287;0,6454;0,3175
"alteración";10;0,3297;-0,0272;0,7941;-0,1953;-0,0541;0,2678;-0,5175;0,3175
"socioeconómica";16;-0,4386;-0,0436;1,5118;-0,3125;-0,0866;-0,6861;-0,3769;1,0809
"relevadas";10;-0,2741;-0,0272;-0,0761;-0,1953;-0,0541;-0,8287;-0,2604;1,6852
"pierre";12;0,2748;-0,0327;-0,0913;-0,2343;-0,0649;-0,4476;-0,79;1,8236
"carl";10;-0,2741;-0,0272;-0,0761;-0,1953;-0,0541;0,6114;0,3459;-0,2851
"pontificia";38;-1,0417;-0,1035;0,3134;-0,3031;-0,2056;-1,0756;1,9689;-0,3016
"enfrentamiento";12;-0,329;-0,0327;-0,0913;-0,2343;-0,0649;-0,9945;0,6529;0,7892
"vimeo";10;-0,2741;-0,0272;-0,0761;-0,1953;-0,0541;-0,8287;-0,2604;1,6852
"fabio";10;0,3297;-0,0272;-0,0761;-0,1953;-0,0541;-0,8287;1,0789;-0,2851
"nemorin";12;-0,329;-0,0327;-0,0913;1,858;-0,0649;-0,9945;0,6529;-0,4162
"marsh";10;-0,2741;-0,0272;-0,0761;1,1624;-0,0541;-0,8287;1,6761;-1,2628
"products";17;-0,466;-0,0463;-0,1293;1,4388;-0,092;-0,3841;-0,739;0,9528
"comunicador";12;0,2748;-0,0327;-0,0913;-0,2343;-0,0649;0,4588;1,0452;-1,5154
"haberse";18;-0,1564;-0,049;-0,1369;-0,3515;-0,0974;-0,21;-0,5646;1,2234
"gonzalo";12;0,2748;-0,0327;-0,0913;-0,2343;-0,0649;0,4588;1,0452;-1,5154
"indra";13;-0,3564;-0,0354;-0,0989;-0,2539;-0,0703;0,7529;1,265;-1,6417
"roi";11;-0,3016;-0,0299;-0,0837;-0,2148;-0,0595;-0,9116;0,838;0,533
"autopilot";11;-0,3016;-0,0299;-0,0837;-0,2148;-0,0595;0,2262;1,9597;-1,3891
"knewton";10;-0,2741;-0,0272;-0,0761;-0,1953;-0,0541;-0,337;1,0789;-0,2851
"acá";10;-0,2741;-0,0272;-0,0761;-0,1953;-0,0541;1,1009;-0,2604;-0,2851
"puentedura";10;-0,2741;-0,0272;-0,0761;-0,1953;-0,0541;0,2678;-0,2604;0,6391
"vacar";12;-0,329;-0,0327;-0,0913;-0,2343;-0,0649;0,8518;1,0452;-1,5154
"preexistente";10;-0,2741;-0,0272;0,7941;-0,1953;-0,0541;0,6114;0,6454;-1,2628
"crue";11;-0,3016;-0,0299;-0,0837;-0,2148;-0,0595;-0,9116;1,3183;0,2581
"etesse";11;-0,3016;-0,0299;-0,0837;-0,2148;-0,0595;-0,9116;1,9597;-0,3487
"geekie";14;-0,3838;-0,0381;0,6627;-0,2734;-0,0758;-0,5644;1,0241;-0,2897
"juvenil";15;-0,4112;-0,0408;-0,1141;-0,2929;-0,0812;-0,6247;1,7352;-0,3439
"schiff";10;-0,2741;-0,0272;-0,0761;-0,1953;-0,0541;-0,8287;1,6761;-0,2851
"permit";11;-0,3016;-0,0299;-0,0837;-0,2148;-0,0595;0,2262;1,9597;-1,3891
"ummia";15;-0,4112;-0,0408;-0,1141;-0,2929;-0,0812;-1,2431;1,7352;0,262
"uplanner";13;-0,3564;-0,0354;-0,0989;-0,2539;-0,0703;-1,0774;1,265;0,3731
"copilotuna";16;-0,4386;-0,0436;-0,1217;-0,3125;-0,0866;-1,326;0,4175;1,5434
